[
  {
    "id": 1,
    "title": "Getting Started with AI",
    "userId": 1,
    "systemInstructions": "You are a helpful AI assistant.",
    "createdAt": "2025-06-22T06:30:00.000Z"
  },
  {
    "id": 2,
    "title": "Web Development Questions",
    "userId": 1,
    "systemInstructions": "You are a web development expert.",
    "createdAt": "2025-06-22T06:25:00.000Z"
  },
  {
    "id": 3,
    "title": "Creative Writing Help",
    "userId": 1,
    "systemInstructions": "You are a creative writing assistant.",
    "createdAt": "2025-06-22T06:20:00.000Z"
  }
]