{
    "parentId": "457214773",
    "ownerId": "60653f79352e1e0069fb728f",
    "lastOwnerId": null,
    "createdAt": "2024-12-21T16:43:25.063Z",
    "authorId": "60653f79352e1e0069fb728f",
    "parentType": "page",
    "position": 452759774,
    "version": {
        "number": 1,
        "message": "",
        "minorEdit": false,
        "authorId": "60653f79352e1e0069fb728f",
        "createdAt": "2024-12-21T16:43:26.342Z"
    },
    "spaceId": "457312811",
    "body": {
        "export_view": {
            "representation": "export_view",
            "value": "<div class=\"table-wrap\"><table class=\"confluenceTable\"><tbody><tr><th class=\"confluenceTh\">Length</th><th class=\"confluenceTh\">From</th><th class=\"confluenceTh\">To</th><th class=\"confluenceTh\">Datatype</th><th class=\"confluenceTh\">Format</th><th class=\"confluenceTh\">Description and Comments</th></tr><tr><td class=\"confluenceTd\">2</td><td class=\"confluenceTd\">1</td><td class=\"confluenceTd\">2</td><td class=\"confluenceTd\">AN</td><td class=\"confluenceTd\">X(2)</td><td class=\"confluenceTd\">Record ID - &quot;9&quot;</td></tr><tr><td class=\"confluenceTd\">3</td><td class=\"confluenceTd\">3</td><td class=\"confluenceTd\">5</td><td class=\"confluenceTd\">AN</td><td class=\"confluenceTd\">X(3)</td><td class=\"confluenceTd\">Exchange Acronym</td></tr><tr><td class=\"confluenceTd\">12</td><td class=\"confluenceTd\">6</td><td class=\"confluenceTd\">17</td><td class=\"confluenceTd\">AN</td><td class=\"confluenceTd\">X(12)</td><td class=\"confluenceTd\">Commodity (Product) Code</td></tr><tr><td class=\"confluenceTd\">5</td><td class=\"confluenceTd\">18</td><td class=\"confluenceTd\">22</td><td class=\"confluenceTd\">AN</td><td class=\"confluenceTd\">X(5)</td><td class=\"confluenceTd\">Product Type Code</td></tr><tr><td class=\"confluenceTd\">14</td><td class=\"confluenceTd\">23</td><td class=\"confluenceTd\">36</td><td class=\"confluenceTd\">N</td><td class=\"confluenceTd\">9(14)</td><td class=\"confluenceTd\">Settlement Price</td></tr><tr><td class=\"confluenceTd\">1</td><td class=\"confluenceTd\">37</td><td class=\"confluenceTd\">37</td><td class=\"confluenceTd\">N</td><td class=\"confluenceTd\">9</td><td class=\"confluenceTd\">Settlement Price Decimal Locator</td></tr><tr><td class=\"confluenceTd\">14</td><td class=\"confluenceTd\">38</td><td class=\"confluenceTd\">51</td><td class=\"confluenceTd\">N</td><td class=\"confluenceTd\">9(14)</td><td class=\"confluenceTd\">Duration</td></tr><tr><td class=\"confluenceTd\">1</td><td class=\"confluenceTd\">52</td><td class=\"confluenceTd\">52</td><td class=\"confluenceTd\">N</td><td class=\"confluenceTd\">9</td><td class=\"confluenceTd\">Duration Decimal Locator</td></tr><tr><td class=\"confluenceTd\">80</td><td class=\"confluenceTd\">53</td><td class=\"confluenceTd\">132</td><td class=\"confluenceTd\">-</td><td class=\"confluenceTd\">-</td><td class=\"confluenceTd\">Filler</td></tr></tbody></table></div><p>\u00a0</p><p>\u00a0</p><p>\u00a0</p>"
        }
    },
    "status": "current",
    "title": "Type 9 - Paris Expanded",
    "id": "457083772",
    "_links": {
        "editui": "/pages/resumedraft.action?draftId=457083772",
        "webui": "/spaces/pubsub/pages/457083772/Type+9+-+Paris+Expanded",
        "edituiv2": "/spaces/pubsub/pages/edit-v2/457083772",
        "tinyui": "/x/fIs_Gw",
        "base": "https://cmegroupclientsite.atlassian.net/wiki"
    }
}