{
    "parentId": "457083187",
    "spaceId": "457312811",
    "ownerId": "60653f79352e1e0069fb728f",
    "lastOwnerId": null,
    "createdAt": "2024-12-21T16:42:55.815Z",
    "authorId": "60653f79352e1e0069fb728f",
    "parentType": "page",
    "version": {
        "number": 1,
        "message": "",
        "minorEdit": false,
        "authorId": "60653f79352e1e0069fb728f",
        "createdAt": "2024-12-21T16:42:57.022Z"
    },
    "position": 27388888,
    "body": {
        "export_view": {
            "representation": "export_view",
            "value": "<p>This page describes:</p><p><style type='text/css'>/*<![CDATA[*/\ndiv.rbtoc1741792365968 {padding: 0px;}\ndiv.rbtoc1741792365968 ul {list-style: disc;margin-left: 0px;}\ndiv.rbtoc1741792365968 li {margin-left: 0px;padding-left: 0px;}\n\n/*]]>*/</style><div class='toc-macro rbtoc1741792365968'>\n<ul class='toc-indentation'>\n<li><a href='#SPANRiskManager-OptionPricingModels-ModelsSupported'>Models Supported</a></li>\n<li><a href='#SPANRiskManager-OptionPricingModels-CalculationsinMonetaryTerms'>Calculations in Monetary Terms</a></li>\n</ul>\n</div></p><h2 id=\"SPANRiskManager-OptionPricingModels-ModelsSupported\"><strong>Models Supported</strong></h2><p>The SPAN Risk Manager currently supports a variety of option pricing models, and is built so that new models can easily be added.\u00a0</p><p>Each pricing model is assigned an identifier - for example,\u00a0<strong>BS</strong>\u00a0for the Black-Scholes model.</p><p>The descriptions below identify options as being either\u00a0<strong>European</strong>\u00a0(meaning exercise is only allowed at expiration) or\u00a0<strong>American</strong>\u00a0(meaning exercise is allowed at any time up to and including expiration.)</p><p>The models utilize three interest-rate values:</p><ul><li>the\u00a0<strong>risk-free rate</strong>\u00a0for borrowing or lending<br/><br/></li><li>the\u00a0<strong>dividend-yield</strong>\u00a0-- the yield paid by the underlying asset<br/><br/></li><li>the\u00a0<strong>cost of carry</strong>\u00a0-- the rate required to carry a position in the underlying asset.</li></ul><p>The cost of carry is defined as the risk-free rate less the dividend yield.</p><p>The following pricing models are supported:</p><ul><li><strong>BS - Black-Scholes:\u00a0\u00a0</strong>the basic equation for European options on physicals with no dividends (and hence with cost of carry equal to the risk-free interest rate).<br/><br/></li><li><strong>B</strong>\u00a0-\u00a0<strong>Black:</strong>\u00a0\u00a0the analogous equation for European options on futures (and hence cost of carry is zero).<br/><br/></li><li><strong>M - Merton</strong>:\u00a0\u00a0the generic equation for European options, in which risk-free rate and dividend can assume any values.\u00a0\u00a0The Black-Scholes model and the Black model are special cases of the Merton model for particular assumptions of interest rate.<br/><br/></li><li><strong>W</strong>\u00a0<strong>- Adesi-Whaley:</strong>\u00a0\u00a0the Adesi-Whaley model for American options, also called just the &quot;Whaley&quot; model.\u00a0\u00a0Like the Merton model, this model allows risk-free rate and dividend yield (cost of carry) to assume any values.<br/><br/></li><li><strong>WS - &quot;Whaley-Scholes&quot;:</strong>\u00a0\u00a0the Whaley model, but for options on physicals with no dividends,\u00a0<em>ie</em>, dividend yield is zero.<br/><br/></li><li><strong>WB - &quot;Whaley-Black&quot;:\u00a0\u00a0</strong>the Whaley model, but for options on futures,\u00a0<em>ie,\u00a0</em>cost of carry is zero.<br/><br/></li><li><strong>CA</strong>\u00a0-\u00a0<strong>Cox-Ross-Rubinstein for American options</strong>:\u00a0\u00a0the Cox-Ross-Rubinstein variant on the generic binomial model, for American options<br/><br/></li><li><strong>CE - Cox-Ross-Rubinstein for European options:</strong>\u00a0\u00a0the same thing, but for European-style expirations<br/><br/></li><li><strong>I</strong>\u00a0-\u00a0<strong>Intrinsic Value</strong>:\u00a0\u00a0sets option price to intrinsic value.</li></ul><h2 id=\"SPANRiskManager-OptionPricingModels-CalculationsinMonetaryTerms\"><strong>Calculations in Monetary Terms</strong></h2><p>The price of an option is not necessarily quoted in the same terms as the price of its underlying.\u00a0\u00a0Nor is the option necessarily defined as being only one\u00a0<strong>one</strong>\u00a0of its underlying instrument.\u00a0\u00a0And the currency of denomination of the option may not be the same as the currency for its underlying.</p><p>When running option pricing models in the forward direction (to calculate option prices and greeks) or in the reverse direction (to calculate implied volatilities), it is necessary always to ensure that the option value, underlying value, and exercise value are correctly specified.</p><p>To do so, the SPAN Risk Manager always does option pricing calculations in monetary terms.\u00a0\u00a0For example, to calculate an option implied volatility:</p><ul><li><p>The option's monetary value in its settlement currency is determined.</p></li><li><p>The exact monetary value of the underlying of the option is determined and is expressed in the settlement currency of the option.</p></li><li><p>\u00a0Similarly, the exercise value for the option is determined, likewise in the settlement currency of the option.</p></li><li><p>\u00a0It is these monetary values which are fed to the option pricing model in order to determine the implied volatility.</p></li></ul><p>The process is analogous for calculating theoretical option prices:</p><ul><li><p>The true underlying value and the exercise value are calculated in the option's settlement currency.</p></li><li><p>These are fed to the option pricing model to determine the option's theoretical monetary value.</p></li><li><p>The option monetary value is divided by the contract value factor for the option to calculate the theoretical price.</p></li><li><p>The theoretical price is then rounded to the normal precision for quoting prices for that option.\u00a0\u00a0For example, if prices for a particular option product family are quoted to two decimal places, then the theoretical price is rounded to the nearest 0.01.</p></li><li><p>The option theoretical value is then recalculated by multiplying the\u00a0<strong>rounded</strong>\u00a0theoretical price by its contract value factor.\u00a0</p></li></ul><p>\u00a0(Given the normal conventions used for assigning the precision of option prices and the contract value factors, this last step ensures the theoretical value is always\u00a0<strong>exactly</strong>\u00a0equal to the product of the price times the contract value factor.)</p>"
        }
    },
    "status": "current",
    "title": "SPAN Risk Manager - Option Pricing Models",
    "id": "457083416",
    "_links": {
        "editui": "/pages/resumedraft.action?draftId=457083416",
        "webui": "/spaces/pubsub/pages/457083416/SPAN+Risk+Manager+-+Option+Pricing+Models",
        "edituiv2": "/spaces/pubsub/pages/edit-v2/457083416",
        "tinyui": "/x/GIo_Gw",
        "base": "https://cmegroupclientsite.atlassian.net/wiki"
    }
}