{
    "parentId": "457313347",
    "spaceId": "457312811",
    "ownerId": "60653f79352e1e0069fb728f",
    "lastOwnerId": null,
    "createdAt": "2024-12-21T16:42:47.827Z",
    "authorId": "60653f79352e1e0069fb728f",
    "parentType": "page",
    "version": {
        "number": 1,
        "message": "",
        "minorEdit": false,
        "authorId": "60653f79352e1e0069fb728f",
        "createdAt": "2024-12-21T16:42:51.035Z"
    },
    "position": 56098143,
    "body": {
        "export_view": {
            "representation": "export_view",
            "value": "<p><style>[data-colorid=np08ns3d3y]{color:#242424} html[data-color-mode=dark] [data-colorid=np08ns3d3y]{color:#dbdbdb}</style>*Clearing House Advisory numbers indicate the advisory in which the build of PC-SPAN was announced.&nbsp;</p><p><strong>Current Build 610.151 - Effective 23-August-2024</strong></p><p><span>SPAN version 610.151 includes the following enhancements and fixes:</span></p><ul><li><span>Addresses minor initial requirement rounding issue when the SPAN requirement is the result of the risk being capped at Long Option Value for combined commodities composed solely of long options.</span></li><li><span>Support for Asymmetric Price Scans in some SPAN risk array files and in SPAN software - Impacted files include the SPAN 2 approximation and the OCC Cross-margin SPAN files.&nbsp;</span><ul><li><span>Widespread introduction to&nbsp; previously supported optional elements &quot;priceScanDown&quot; and &quot;priceScanDownPct&quot; in the &quot;scanRate&quot; section of XML-format SPAN risk array files. This attribute supports asymmetric price scan ranges (different margin for long versus short positions) which are relevant to SPAN files which utilize calibrated SPAN 2 risk arrays.</span></li><li><span>Modifications to &quot;ScanRange&quot; and &quot;ScanRangeCap&quot; Weighted Futures Price Risk (&quot;WFPR&quot;) calculation methods for risk scenarios that utilize different values for price scan range up and price scan range down (i.e., asymmetric price scans). The functionality is activated through the use of a new span.ini setting and only applicable when using an XML-format Span parameter file.</span><ul><li><span>The new span.ini setting that activates asymmetric price scan WFPR functionality is limited to specified CCPs. Currently only active for CME and XMAR (the CME/OCC cross margin Clearing Organization).</span></li></ul></li></ul></li><li><span>Minimum system requirements - no change from prior release (described below for the avoidance of doubt)</span><ul><li><span>Minimum operating system requirement is Windows OS 64 bit.</span></li><li><span>Minimum version of Microsoft Visual Studio is Visual C++ 2015 Runtime Libraries x64 (was Visual C++ 2013).</span></li></ul></li></ul><p><span>View the full list of updated <a href=\"https://cmegroupclientsite.atlassian.net/wiki/spaces/pubsub/pages/457082909/System+Requirements\" data-linked-resource-id=\"457082909\" data-linked-resource-version=\"1\" data-linked-resource-type=\"page\">system requirements</a>.</span></p><p><strong><u>span.ini File Changes</u><br /></strong></p><ul><li>New span.ini setting that activates asymmetric price scan WFPR functionality is limited to specified CCPs. Currently only active for CME and XMAR (the CME/OCC cross margin Clearing Organization).<ul><li>Setting: AsymmetricWfprECs=CME,XMAR</li></ul></li></ul><p><br /></p><p><strong>Build 610.132 &ndash; Effective 16-Dec-22&nbsp;</strong></p><p>Release Notes:</p><p>SPAN Build 4.5.610.132:</p><ul><li>Addresses issue where premium style non option value was incorrectly being included in available net option value amounts.</li><li>Changes currency conversion data types from float to double to fix conversion errors.</li><li>Fixes margin calculation issue when portfolio contains positions with and without risk arrays for the same combined commodity.</li><li>Addresses RiskReporter error when separately loading portfolio xml SPAN document.</li><li>Fixes &ldquo;Variation What-Is Scenario&rdquo; file save issues occurring during copy point in time step of the process.</li><li>Addresses SPAN RTCI ( SpanCom x64 ) memory error during parameter file load process when memory usage exceeds 2GB threshold.</li><li>Fixes various issues when the combined commodity process method is set to liquidation risk.</li><li>Provides minor updates to the message logging process.</li><li>Fixes Spot Charge calculation issue.</li><li>Addresses temporary log cleanup fix ( SPAxxx.tmp.spn, SPAxxx.tmp.log ).</li><li>Adds new command, <strong>&ldquo;FreezePIT&rdquo;</strong>, for &ldquo;spanit&rdquo; scripting utility. &ldquo;FreezePIT&rdquo; provides the ability to merge SPAN parameter files with non-matching points-in-time (&ldquo;PIT&rdquo;) into a single selected. <br />Select the SPAN parameter file that determines the &quot;frozen&quot; PIT and load that first, followed by the SelectPointInTime and FreezePIT commands. All subsequent parameter files will be incorporated into the &quot;frozen&quot; PIT. To &quot;unfreeze&quot;, run the ResetPointInTime or SelectPointInTime commands. Additionally, the &quot;Print FrPIT&quot; command displays whether the PIT is frozen or not in the resulting spanit log.<ul><li>PIT must be selected before FreezePIT using SelectPointInTime. If not, &quot;Error: No point in time has been selected&quot; will be displayed in the log.</li><li>Only one CCP/Exchange parameter file should be loaded for a frozen PIT. Loading 2 (or more) files for the same CCP will cause spanit to abort and/or generate unpredictable results.</li></ul></li></ul><p>Spanit script examples using FreezePIT to merge end of day parameter files from 11/18 into the intraday PIT on 11/21</p><p style=\"margin-left: 80.0px;\"><u>spanit script</u></p><p style=\"margin-left: 80.0px;\">Print Date Time</p><p style=\"margin-left: 80.0px;\">Load C:\\Span4\\Data\\cme.20221121.i.pa2</p><p style=\"margin-left: 80.0px;\">SelectPointInTime</p><p style=\"margin-left: 80.0px;\">FreezePIT</p><p style=\"margin-left: 80.0px;\">Load C:\\Span4\\Data\\hkex.20221118.s.pa2</p><p style=\"margin-left: 80.0px;\">Load C:\\Span4\\Data\\mge.2022118.s.pa2</p><p style=\"margin-left: 80.0px;\">Load C:\\Span4\\Data\\apex.20221118.s.spn</p><p style=\"margin-left: 80.0px;\">Load C:\\Span4\\Data\\kel1212s.pa2</p><p style=\"margin-left: 80.0px;\">Print DateTime,SelPIT,AllPIT</p><p style=\"margin-left: 80.0px;\">Print FrPIT</p><p style=\"margin-left: 80.0px;\">SelectPointInTime</p><p style=\"margin-left: 80.0px;\">Print FrPIT</p><p style=\"margin-left: 80.0px;\">Print DateTime,SelPIT,AllPIT</p><p style=\"margin-left: 80.0px;\">Save C:\\Span4\\Data\\20221121.i.spn</p><p style=\"margin-left: 80.0px;\"><br /></p><p style=\"margin-left: 80.0px;\"><u>spanit log after execution of above script</u></p><p style=\"margin-left: 80.0px;\"><em>Batch interface for SPAN(r) RM Clearing v.4.5.i + PC-Credit x64</em></p><p style=\"margin-left: 80.0px;\"><em>Copyright (c) 1988-2015, CME Group Inc.</em></p><p style=\"margin-left: 80.0px;\"><em>Print DateTime</em></p><p style=\"margin-left: 80.0px;\"><em>Current Time: 12/12/2022 17:32:32</em></p><p style=\"margin-left: 80.0px;\"><em>Load C:\\Span4-610-132\\Data\\cme.20221121.i.pa2</em></p><p style=\"margin-left: 80.0px;\"><em>SelectPointInTime</em></p><p style=\"margin-left: 80.0px;\"><em>FreezePIT</em></p><p style=\"margin-left: 80.0px;\"><em>Frozen point in time is now: Mon Nov 21 2022 Intraday 0000</em></p><p style=\"margin-left: 80.0px;\"><em>Load C:\\Span4\\Data\\hkex.20221118.s.pa2</em></p><p style=\"margin-left: 80.0px;\"><em>Load C:\\Span4\\Data\\mge.20221118.s.pa2</em></p><p style=\"margin-left: 80.0px;\"><em>Load C:\\Span4\\Data\\apex.20221118.s.pa2</em></p><p style=\"margin-left: 80.0px;\"><em>Load C:\\Span4\\Data\\kel1118s.pa2</em></p><p style=\"margin-left: 80.0px;\"><em>Print DateTime SelPIT AllPIT</em></p><p style=\"margin-left: 80.0px;\"><em>Current Time: 12/12/2022 17:32:54</em></p><p style=\"margin-left: 80.0px;\"><em>Selected PointInTime: Mon Nov 21 2022 Intraday 0000</em></p><p style=\"margin-left: 80.0px;\"><em>PointInTime:</em></p><p style=\"margin-left: 120.0px;\"><em>Mon Nov 21 2022 Intraday 0000 (selected)</em></p><p style=\"margin-left: 80.0px;\"><em>Print FrPIT</em></p><p style=\"margin-left: 80.0px;\"><em>PointInTime is frozen</em></p><p style=\"margin-left: 80.0px;\"><em>SelectPointInTime</em></p><p style=\"margin-left: 80.0px;\"><em>Print FrPIT</em></p><p style=\"margin-left: 80.0px;\"><em>PointInTime is NOT frozen.</em></p><p style=\"margin-left: 80.0px;\"><em>Print DateTime SellPIT AllPIT</em></p><p style=\"margin-left: 80.0px;\"><em>Current Time: 12/12/2022 17:32:54</em></p><p style=\"margin-left: 80.0px;\"><em>Selected PointInTime: Mon Nov 21 2022 Intraday 0000</em></p><p style=\"margin-left: 80.0px;\"><em>PointInTime:</em></p><p style=\"margin-left: 120.0px;\"><em>Mon Nov 21 2022 Intraday 0000 (selected)</em></p><p style=\"margin-left: 80.0px;\"><em>Save C:\\Span4\\Data\\20221121.i.spn</em></p><p style=\"margin-left: 80.0px;\"><br /></p><p>See Clearing Advisory <span data-colorid=\"np08ns3d3y\">22-477</span></p><p style=\"margin-left: 40.0px;\"><br /></p><p><strong>Build 610 &ndash; Effective 13-Feb-20</strong></p><p>Release Notes:</p><p>SPAN Build 4.5.610.73:</p><ul><li>Updates minimum system requirements.<ul><li>Minimum operating system requirement is now Windows OS <strong>64 bit </strong>(was 32 bit).</li><li>Minimum version of Microsoft Visual Studio is Visual C++ 2015 Runtime Libraries x64 (was Visual C++ 2013).</li></ul></li><li>Provides minor updates to the message logging process.</li><li>Fixes a netting bug for modified and regular split allocation when processing margin requirements for naked gross positions.<ul><li>Some omnibus portfolios which have positions in split allocation-eligible products are impacted by this issue.</li><li>Examples:<ul><li>Prior build 609:&nbsp;<span class=\"confluence-embedded-file-wrapper confluence-embedded-manual-size\"><img class=\"confluence-embedded-image\" width=\"800\" src=\"https://cmegroupclientsite.atlassian.net/wiki/download/attachments/457083292/SPAN%20609_naked%20gross%20issue.jpg?api=v2\" /></span></li><li>Build 610:&nbsp;<span class=\"confluence-embedded-file-wrapper confluence-embedded-manual-size\"><img class=\"confluence-embedded-image\" width=\"800\" src=\"https://cmegroupclientsite.atlassian.net/wiki/download/attachments/457083292/SPAN%20610_naked%20gross%20issue.jpg?api=v2\" /></span></li></ul></li></ul></li><li>Addresses a Short Option Minimum charge rounding issue with minimal portfolio impact.</li><li>Fixes leg aggregation issues for inter-commodity scan-based spreads when multiple currencies, short option minimum or spot charge are present.<ul><li>Examples:<ul><li>Prior build 609:<span class=\"confluence-embedded-file-wrapper confluence-embedded-manual-size\"><img class=\"confluence-embedded-image\" width=\"800\" src=\"https://cmegroupclientsite.atlassian.net/wiki/download/attachments/457083292/SPAN%20609_Scan%20spread%20issue.jpg?api=v2\" /></span></li><li>Build 610:<span class=\"confluence-embedded-file-wrapper confluence-embedded-manual-size\"><img class=\"confluence-embedded-image\" width=\"800\" src=\"https://cmegroupclientsite.atlassian.net/wiki/download/attachments/457083292/SPAN%20610_Scan%20spread%20issue.jpg?api=v2\" /></span></li></ul></li></ul></li></ul><p><br /></p><p>See Clearing Advisory 20-051<strong><br /><br /></strong></p><p><strong>Build 609 &ndash; Effective Date 16-Jan-19</strong></p><p>Release notes:</p><p>SPAN Build 4.5.609.381:</p><ul><li>Allows for the specification of different account types within the same portfolio, allowing different treatment of hedge versus speculator for different contracts within the portfolio.<ul><li>To take advantage of this new feature, users can specify the account type override for particular combined commodities within the portfolio when loading portfolios via either an XML-format position file or an &ldquo;expanded&rdquo; format position file.<ul><li><p>XML File Example:</p></li></ul><div class=\"code panel pdl\" style=\"border-width: 1px;\"><div class=\"codeHeader panelHeader pdl\" style=\"border-bottom-width: 1px;\"><b>XML AcctType Example SPAN 609</b></div><div class=\"codeContent panelContent pdl\">\n<pre class=\"syntaxhighlighter-pre\" data-syntaxhighlighter-params=\"brush: xml; gutter: false; theme: Confluence\" data-theme=\"Confluence\">&lt;ccPort&gt;\n&lt;cc&gt;C&lt;/cc&gt;\n&lt;acctType&gt;H&lt;/acctType&gt;\n&lt;currency&gt;USD&lt;/currency&gt;</pre>\n</div></div></li><li><p>If using the expanded-format position file, users can include the optional account type value in currently unused byte 58 of the type &ldquo;3&rdquo; position record, for any or all positions for a given combined commodity.</p></li><li>Please note: while the initial to maintenance ratio for hedger versus speculator accounts is shown in advisory examples as 1.1 (where speculator margin is 1.1*maintenance margin), this ratio can be different for different products or account types.&nbsp;</li></ul></li><li>Added support for day/week codes to pa2 format type 4 record ( Delivery/Spot Charge Parameters ). Allows delivery charges to be set and calculated for daily/weekly contracts for pa2 file users.</li><li>Continues to support prices for Treasury futures and options in the PA2 format SPAN file to the eighth of a 32<sup style=\"letter-spacing: 0.0px;\">nd&nbsp;</sup><span style=\"letter-spacing: 0.0px;\">for futures (price format &ldquo;C&rdquo;), or the quarter of a 64</span><sup style=\"letter-spacing: 0.0px;\">th</sup><span style=\"letter-spacing: 0.0px;\">&nbsp;for options (price format &ldquo;K&rdquo;). - see also build 608</span></li></ul><p>See Clearing House Advisory 19-024</p><p><br /></p><p><strong>Build 608 &ndash; Effective Date 22-Aug-18</strong></p><p>Release notes:<br />SPAN Build 4.5.608:</p><ul><li>Supports prices for Treasury futures and options in the PA2 format SPAN file to the eighth of a 32<sup>nd </sup>for futures (price format &ldquo;C&rdquo;), or the quarter of a 64<sup>th</sup> for options (price format &ldquo;K&rdquo;).</li><li>Supports negative interest rates.</li><li>Added a feature that allows London risk parameter file format (pa5 and pa6) users to perform Delta Split Allocation.</li><li>Added a feature that allows London risk parameter file format (pa5 and pa6) users to calculate volatility spread credits.</li><li>Fixes minor rounding issue with the provisional spread number calculation during intra and inter commodity spread processing.</li><li>Fixes an issue with modified split allocation combined commodities when an underlying product is not split allocated.</li></ul><p>See Clearing House Advisory 18-332</p><p><br /></p><p><strong style=\"letter-spacing: 0.0px;\">Build 593 &ndash; Effective Date 5-Oct-15</strong></p><p>Release notes:</p><ul><li>Build contained an enhancement necessary for proper margining of futures-style options. This version was required if portfolios being margined simultaneously contain positions in both premium-style and futures-style options in the same combined commodity.</li></ul><p>See Clearing House Advisory 15-332</p><p><br /></p><p><strong>Build 588A &ndash; Effective Date 13-Jul-15</strong></p><p>Release notes:</p><ul><li>Build supported hybrid spreads.</li></ul><p>See Clearing House Advisory 15-196</p><p><br /></p><p><strong>Build 585A &ndash; Effective Date 15-May-15</strong></p><p>Release notes:</p><ul><li>Build supported the ICE PA6 file and minor CCE Natural Gas delivery charge code fixes.</li></ul><p>See Clearing House Advisories 15-123</p><p><br /></p><p><strong>Build 575B &ndash; Effective Date 8-Oct-14</strong></p><p>Release notes:</p><ul><li>Build included new delivery margining functionality.</li></ul><p>See Clearing House Advisory 14-397</p><p><br /></p><p><strong>Build 565 &ndash; Effective Date 3-Jun-13</strong></p><p>Release notes:</p><ul><li>Build included improvements to regular split allocation calculations for futures and options products.</li></ul><p>See Clearing House Advisory 13-258</p><p><br /></p><p><strong>Build 562 &ndash; Effective Date 12-Mar-13</strong></p><p>Release notes:</p><ul><li>Build included improvements to Volatility Offsets calculations for futures&nbsp;and options products.</li></ul><p>See Clearing House Advisory 12-123</p><p><br /></p><p><strong>Build 561 &ndash; Effective Date 3-Dec-12</strong></p><p>Release notes:</p><ul><li>Build required for all products including CDS, OTC FX, and ERIS products.&nbsp;</li><li>There were no changes to margin methodology or requirements for any products other than those directly affected by volatility offsets.</li></ul><p><br /></p><p><strong>Build 559 &ndash; Effective Date 30-Aug-12</strong></p><p>Release notes:</p><ul><li>Build included updates to the Liquidity factor of the margining methodology for Indices only.</li></ul><p><br /></p><p><strong>Build 555 &ndash; Effective Date 15-Jul-12</strong></p><p>Release notes:</p><ul><li>Build included HVaR OTC FX related fixes, minor bug fixes, and reporting changes.</li></ul><p>See Clearing House Advisory 12-294</p><p><br /></p><p><strong>Build 553 &ndash; Effective Date 6-May-12</strong></p><p>Release notes:</p><ul><li>Build included HVaR OTC FX related fixes and ERIS product changes to accommodate Portfolio Margining.</li></ul><p>See Clearing House Advisory 12-193</p><p><br /></p><p><strong>Build 526 &ndash; Effective Date 22-Nov-10</strong></p><p>Release notes:</p><ul><li>Paginate the contracts list when there are a vast number of contracts available.&nbsp;</li><li>Added a Zero Curve editor for What-If analysis on IRS contracts (Span RM Clearing only).&nbsp;</li><li>Added a Zero Curve viewer that allowed the user to examine the points used in the margining of IRS contracts.&nbsp;</li><li>Added SaveCalcSummary API to SpanIt, SpanItRM, SpanCom, and SpanComRM. This call saved a CSV report of margin requirements.&nbsp;</li><li>Added a Print API to SpanIt and SpanItRM. This call echoed some of SpanIt / SpanItRM internal variables to the console.&nbsp;</li><li>The default org master that is shipped with Span was updated.</li><li>Addressed a bug in the margin calculation (would cause an application error) when calculating margin for a position that was a net of zero.</li><li>Some concurrency issues were addressed when calculating margin in multi-threaded mode.</li><li>Some minor performance enhancements were made.</li></ul><p><br /></p><p><strong>Build 516 &ndash; Effective Date 17-Sep-10</strong></p><p>Release notes:</p><ul><li>Changes made to the margining of Credit Market Derivatives in PC-Credit Adjustment to the short option minimum requirements for split allocations</li><li>Integrated the RiskReporter software directly into SPAN. RiskReporter was bundled with the SPAN install.</li><li>Fixed a bug related to logging margins over many portfolios in multi-threaded mode.</li></ul><p><br /></p><p><strong>Build 491 &ndash; Effective Date 10-Jul-09</strong></p><p>Release notes:</p><ul><li>Build supported both delta-based and scanning-based super-intercommodity spreads for NYMEX products.</li></ul>"
        }
    },
    "status": "current",
    "title": "PC-SPAN 4.5 Historical Build Notes",
    "id": "457083292",
    "_links": {
        "editui": "/pages/resumedraft.action?draftId=457083292",
        "webui": "/spaces/pubsub/pages/457083292/PC-SPAN+4.5+Historical+Build+Notes",
        "edituiv2": "/spaces/pubsub/pages/edit-v2/457083292",
        "tinyui": "/x/nIk_Gw",
        "base": "https://cmegroupclientsite.atlassian.net/wiki"
    }
}