{
    "parentId": "457313347",
    "ownerId": "60653f79352e1e0069fb728f",
    "lastOwnerId": null,
    "createdAt": "2024-12-21T16:42:39.605Z",
    "authorId": "60653f79352e1e0069fb728f",
    "parentType": "page",
    "position": 56097887,
    "version": {
        "number": 1,
        "message": "",
        "minorEdit": false,
        "authorId": "60653f79352e1e0069fb728f",
        "createdAt": "2024-12-21T16:42:41.225Z"
    },
    "spaceId": "457312811",
    "body": {
        "export_view": {
            "representation": "export_view",
            "value": "<p>SPAN Risk Manager integrates risk management features with core margin calculation abilities to deliver a flexible and intuitive system for full portfolio risk management. Its powerful features and intuitive design allow for true portfolio analytics through multi-variant stress testing and option exposures:</p><ul><li>Enables users to gauge the effects, on a total portfolio or a single option, of changes in price, implied volatility, time to expiration, dividend yields, and interest rates</li><li>Calculates hypothetical P&amp;Ls, option prices, and option greeks</li><li>Calculates option implied volatilities, allows determination of appropriate volatilities for call/put pairs, and determines volatilities applicable to entire series of options</li><li>Allows for stress testing across portfolios of multiple products</li><li>Allows users to define, compare, save and reload &quot;what-if&quot; scenarios for stress testing</li><li>Enables shifting of volatility skews</li><li>Supports a variety of pricing models applicable to different types of options, including Black-Scholes, Merton, Adesi-Whaley, Cox-Ross-Rubinstein, and Bachelier</li></ul><p><ul class='childpages-macro'><li><a href=\"https://cmegroupclientsite.atlassian.net/wiki/spaces/pubsub/pages/457411209/SPAN+Risk+Manager+Functions\" data-linked-resource-id=\"457411209\" data-linked-resource-version=\"1\" data-linked-resource-type=\"page\">SPAN Risk Manager Functions</a></li><li><a href=\"https://cmegroupclientsite.atlassian.net/wiki/spaces/pubsub/pages/457083416/SPAN+Risk+Manager+-+Option+Pricing+Models\" data-linked-resource-id=\"457083416\" data-linked-resource-version=\"1\" data-linked-resource-type=\"page\">SPAN Risk Manager - Option Pricing Models</a></li><li><a href=\"https://cmegroupclientsite.atlassian.net/wiki/spaces/pubsub/pages/457313820/Main+Exposure\" data-linked-resource-id=\"457313820\" data-linked-resource-version=\"1\" data-linked-resource-type=\"page\">Main Exposure</a></li><li><a href=\"https://cmegroupclientsite.atlassian.net/wiki/spaces/pubsub/pages/457411398/Multicommodity+Analysis\" data-linked-resource-id=\"457411398\" data-linked-resource-version=\"1\" data-linked-resource-type=\"page\">Multicommodity Analysis</a></li></ul></p>"
        }
    },
    "status": "current",
    "title": "SPAN Risk Manager",
    "id": "457083187",
    "_links": {
        "editui": "/pages/resumedraft.action?draftId=457083187",
        "webui": "/spaces/pubsub/pages/457083187/SPAN+Risk+Manager",
        "edituiv2": "/spaces/pubsub/pages/edit-v2/457083187",
        "tinyui": "/x/M4k_Gw",
        "base": "https://cmegroupclientsite.atlassian.net/wiki"
    }
}