{
    "data": [
        {
            "type": "link",
            "text": "SPAN Risk Manager Functions",
            "url": "https://cmegroupclientsite.atlassian.net/wiki/spaces/pubsub/pages/457411209/SPAN+Risk+Manager+Functions",
            "data-linked-resource-id": "457411209",
            "data-linked-resource-type": "page"
        },
        {
            "type": "link",
            "text": "SPAN Risk Manager - Option Pricing Models",
            "url": "https://cmegroupclientsite.atlassian.net/wiki/spaces/pubsub/pages/457083416/SPAN+Risk+Manager+-+Option+Pricing+Models",
            "data-linked-resource-id": "457083416",
            "data-linked-resource-type": "page"
        },
        {
            "type": "link",
            "text": "Main Exposure",
            "url": "https://cmegroupclientsite.atlassian.net/wiki/spaces/pubsub/pages/457313820/Main+Exposure",
            "data-linked-resource-id": "457313820",
            "data-linked-resource-type": "page"
        },
        {
            "type": "link",
            "text": "Multicommodity Analysis",
            "url": "https://cmegroupclientsite.atlassian.net/wiki/spaces/pubsub/pages/457411398/Multicommodity+Analysis",
            "data-linked-resource-id": "457411398",
            "data-linked-resource-type": "page"
        },
        {
            "type": "confluence_tables",
            "text": []
        }
    ],
    "page_id": "457083187",
    "child_page_ids": [
        "457313820",
        "457411398",
        "457411209",
        "457083416"
    ]
}