{
    "parentId": "457411114",
    "ownerId": "60653f79352e1e0069fb728f",
    "lastOwnerId": null,
    "createdAt": "2024-12-21T16:43:49.802Z",
    "authorId": "60653f79352e1e0069fb728f",
    "parentType": "page",
    "version": {
        "number": 1,
        "message": "",
        "minorEdit": false,
        "authorId": "60653f79352e1e0069fb728f",
        "createdAt": "2024-12-21T16:43:51.084Z"
    },
    "position": 91142414,
    "body": {
        "export_view": {
            "representation": "export_view",
            "value": "<p><span class=\"confluence-embedded-file-wrapper\"><img class=\"confluence-embedded-image\" src=\"https://cmegroupclientsite.atlassian.net/wiki/download/attachments/457084057/prodcombcom.jpg?api=v2\"></span></p><p><u><strong>Products by Combined Commodities</strong></u></p><p>This report shows the products listed under each Combined Commodity.</p><p><strong>Comb Comm:\u00a0\u00a0\u00a0 Combined Commodity</strong></p><p>The set of all eligible products used to generate a total requirement for each Exchange Complex within a portfolio.\u00a0 A Combined Commodity generally consists of all products of the same underlying physical. For example, at the CME, the Eurodollar combined commodity encompasses Mid-Curve options, Eurodollars and Eurodollar options.\u00a0 To view the complete listing of Combined Commodities, refer to the Combined Commodities report under the Risk Parameters folder.</p><p><strong>Exch:\u00a0 Exchange</strong></p><p>An individual Exchange.\u00a0 Each Exchange Complex may have more than one Exchanges product groupings under its umbrella.\u00a0 Each individual Exchange will have its own product grouping.</p><p><strong>Type:\u00a0 </strong></p><p>Identifies the product.\u00a0 Futures are Fut, options on futures are FutOpt, etc.</p><p><strong>Prod ID:</strong>\u00a0\u00a0</p><p>Span assigns an internal product ID number to each product within a family\u00a0</p><p><strong>Code:\u00a0 </strong></p><p>The code for each Combined Commodity.\u00a0 For example, SP is the code for the family of products with the underlying physical S&amp;P 500 index.</p><p><strong>Scale:\u00a0 </strong></p><p>This number refers to a scaling factor that can be used to modify the default contract scaling factor (please see definition for Scale in the Contracts report under the Risk folder) in the case of an alternative Business Function Combined Commodity, such as cross margin products.</p><p>Combo Meth:</p><p>Certain contracts are actually a combination of different contracts bundled into one contract.\u00a0 The Combo Method only applies to a Combined Commodity that contains this type of combination contract (or options on them).\u00a0 If\u00a0 a Combined Commodity is not this type of combination contract, then the Combo Method does not apply and is listed as None.\u00a0 The Split Method breaks up combinations by contracts and delta.\u00a0\u00a0 The Delta Split Method breaks options contracts up by delta.</p><p><strong>Appl Basis Risk:</strong></p><p>Applied Basis Risk is applying an additional charge for two like products that belong to the same Combined Commodity and the same Period.</p>"
        }
    },
    "status": "current",
    "title": "Products by Combined Commodity",
    "spaceId": "457312811",
    "id": "457084057",
    "_links": {
        "editui": "/pages/resumedraft.action?draftId=457084057",
        "webui": "/spaces/pubsub/pages/457084057/Products+by+Combined+Commodity",
        "edituiv2": "/spaces/pubsub/pages/edit-v2/457084057",
        "tinyui": "/x/mYw_Gw",
        "base": "https://cmegroupclientsite.atlassian.net/wiki"
    }
}