{
    "parentId": "457411024",
    "spaceId": "457312811",
    "ownerId": "60653f79352e1e0069fb728f",
    "lastOwnerId": null,
    "createdAt": "2024-12-21T16:42:34.032Z",
    "authorId": "60653f79352e1e0069fb728f",
    "parentType": "page",
    "version": {
        "number": 1,
        "message": "",
        "minorEdit": false,
        "authorId": "60653f79352e1e0069fb728f",
        "createdAt": "2024-12-21T16:42:35.289Z"
    },
    "position": 91552840,
    "body": {
        "export_view": {
            "representation": "export_view",
            "value": "<p>First, if you have a Portfolio dialog box open, click\u00a0<strong>OK</strong>\u00a0to close it.</p><p>There are several ways to request that performance bond requirements be calculated for one or more portfolio(s):</p><ul><li>Click the\u00a0<strong>Calculate\u00a0</strong>button on the toolbar, or</li><li>Press\u00a0<strong>Ctrl-K</strong>, the keyboard shortcut for calculation, or</li><li>Select\u00a0<strong>Calculate Portfolio(s)</strong>\u00a0on the\u00a0<strong>File</strong>\u00a0menu, or</li><li>Point to a particular portfolio, right-click, then select\u00a0<strong>Calculate Portfolio(s)</strong>\u00a0from the menu that displays.</li></ul><p>If you use either of the first two methods, if you haven't first selected a specific portfolio, the\u00a0<strong>Select Portfolios to Calculate</strong>\u00a0dialog box displays.\u00a0 You can then specify whether you want to calculate requirements for:</p><ul><li>all portfolios</li><li>all portfolios for a particular point in time</li><li>a specific set of portfolios for a particular point in time.\u00a0 In this case, you can use the standard Windows methods (click, shift-click, ctrl-click) to select from the set of available portfolios.</li></ul><p>If you do calculate requirements for a specific portfolio, after the requirement is determined, the Portfolio dialog box for that portfolio will display with the &quot;Performance Bond Requirements&quot; tab selected, so that you can immediately view the overall requirement.</p>"
        }
    },
    "status": "current",
    "title": "Calculating Performance Bond Requirements",
    "id": "457083100",
    "_links": {
        "editui": "/pages/resumedraft.action?draftId=457083100",
        "webui": "/spaces/pubsub/pages/457083100/Calculating+Performance+Bond+Requirements",
        "edituiv2": "/spaces/pubsub/pages/edit-v2/457083100",
        "tinyui": "/x/3Ig_Gw",
        "base": "https://cmegroupclientsite.atlassian.net/wiki"
    }
}