{
    "parentId": "457214773",
    "ownerId": "60653f79352e1e0069fb728f",
    "lastOwnerId": null,
    "createdAt": "2024-12-21T16:43:19.126Z",
    "authorId": "60653f79352e1e0069fb728f",
    "parentType": "page",
    "position": 452758441,
    "version": {
        "number": 1,
        "message": "",
        "minorEdit": false,
        "authorId": "60653f79352e1e0069fb728f",
        "createdAt": "2024-12-21T16:43:20.693Z"
    },
    "status": "current",
    "body": {
        "export_view": {
            "representation": "export_view",
            "value": "<div class=\"table-wrap\"><table class=\"wrapped confluenceTable\"><tbody><tr><th scope=\"col\" class=\"confluenceTh\"><p align=\"center\">Length</p></th><th scope=\"col\" class=\"confluenceTh\"><p align=\"center\">From</p></th><th scope=\"col\" class=\"confluenceTh\"><p align=\"center\">To</p></th><th scope=\"col\" class=\"confluenceTh\"><p align=\"center\">Datatype</p></th><th scope=\"col\" class=\"confluenceTh\"><p align=\"center\">Format</p></th><th scope=\"col\" class=\"confluenceTh\">Description and Comments</th></tr><tr><td class=\"confluenceTd\"><p align=\"right\">2</p></td><td class=\"confluenceTd\"><p align=\"right\">1</p></td><td class=\"confluenceTd\"><p align=\"right\">2</p></td><td class=\"confluenceTd\"><p>AN</p></td><td class=\"confluenceTd\"><p>X(2)</p></td><td class=\"confluenceTd\"><p>Record ID - &quot;81&quot;</p></td></tr><tr><td class=\"confluenceTd\"><p align=\"right\">3</p></td><td class=\"confluenceTd\"><p align=\"right\">3</p></td><td class=\"confluenceTd\"><p align=\"right\">5</p></td><td class=\"confluenceTd\"><p>AN</p></td><td class=\"confluenceTd\"><p>X(3)</p></td><td class=\"confluenceTd\"><p>Exchange Acronym</p></td></tr><tr><td class=\"confluenceTd\"><p align=\"right\">10</p></td><td class=\"confluenceTd\"><p align=\"right\">6</p></td><td class=\"confluenceTd\"><p align=\"right\">15</p></td><td class=\"confluenceTd\"><p>AN</p></td><td class=\"confluenceTd\"><p>X(10)</p></td><td class=\"confluenceTd\"><p>Commodity (Product) Code</p></td></tr><tr><td class=\"confluenceTd\"><p align=\"right\">10</p></td><td class=\"confluenceTd\"><p align=\"right\">16</p></td><td class=\"confluenceTd\"><p align=\"right\">25</p></td><td class=\"confluenceTd\"><p>AN</p></td><td class=\"confluenceTd\"><p>X(10)</p></td><td class=\"confluenceTd\"><p>Underlying Commodity (Product) Code<sup><a href=\"http://www.cme-ch.com/span/spanl318.htm#note5\" class=\"external-link\" rel=\"nofollow\">5</a></sup></p></td></tr><tr><td class=\"confluenceTd\"><p align=\"right\">3</p></td><td class=\"confluenceTd\"><p align=\"right\">26</p></td><td class=\"confluenceTd\"><p align=\"right\">28</p></td><td class=\"confluenceTd\"><p>AN</p></td><td class=\"confluenceTd\"><p>X(3)</p></td><td class=\"confluenceTd\"><p>Product Type Code<sup><a href=\"http://www.cme-ch.com/span/spanl318.htm#note7\" class=\"external-link\" rel=\"nofollow\">7</a></sup></p></td></tr><tr><td class=\"confluenceTd\"><p align=\"right\">1</p></td><td class=\"confluenceTd\"><p align=\"right\">29</p></td><td class=\"confluenceTd\"><p align=\"right\">29</p></td><td class=\"confluenceTd\"><p>AN</p></td><td class=\"confluenceTd\"><p>X</p></td><td class=\"confluenceTd\"><p>Option Right Code - for an option only:\u00a0<strong>P</strong>\u00a0for Put or\u00a0<strong>C</strong>\u00a0for Call</p></td></tr><tr><td class=\"confluenceTd\"><p align=\"right\">6</p></td><td class=\"confluenceTd\"><p align=\"right\">30</p></td><td class=\"confluenceTd\"><p align=\"right\">35</p></td><td class=\"confluenceTd\"><p>N</p></td><td class=\"confluenceTd\"><p>9(6)</p></td><td class=\"confluenceTd\"><p>Futures Contract Month as\u00a0<strong>CCYYMM</strong></p></td></tr><tr><td class=\"confluenceTd\"><p align=\"right\">2</p></td><td class=\"confluenceTd\"><p align=\"right\">36</p></td><td class=\"confluenceTd\"><p align=\"right\">37</p></td><td class=\"confluenceTd\"><p>AN</p></td><td class=\"confluenceTd\"><p>X(2)</p></td><td class=\"confluenceTd\"><p>Futures Contract Day or Week Code<sup><a href=\"http://www.cme-ch.com/span/spanl318.htm#note4\" class=\"external-link\" rel=\"nofollow\">4</a></sup></p></td></tr><tr><td class=\"confluenceTd\"><p align=\"right\">1</p></td><td class=\"confluenceTd\"><p align=\"right\">38</p></td><td class=\"confluenceTd\"><p align=\"right\">38</p></td><td class=\"confluenceTd\"><p>-</p></td><td class=\"confluenceTd\"><p>-</p></td><td class=\"confluenceTd\"><p>Filler</p></td></tr><tr><td class=\"confluenceTd\"><p align=\"right\">6</p></td><td class=\"confluenceTd\"><p align=\"right\">39</p></td><td class=\"confluenceTd\"><p align=\"right\">44</p></td><td class=\"confluenceTd\"><p>N</p></td><td class=\"confluenceTd\"><p>9(6)</p></td><td class=\"confluenceTd\"><p>Option Contract Month as CCYYMM</p></td></tr><tr><td class=\"confluenceTd\"><p align=\"right\">2</p></td><td class=\"confluenceTd\"><p align=\"right\">45</p></td><td class=\"confluenceTd\"><p align=\"right\">46</p></td><td class=\"confluenceTd\"><p>AN</p></td><td class=\"confluenceTd\"><p>X(2)</p></td><td class=\"confluenceTd\"><p>Option Contract Day or Week Code<sup><a href=\"http://www.cme-ch.com/span/spanl318.htm#note4\" class=\"external-link\" rel=\"nofollow\">4</a></sup></p></td></tr><tr><td class=\"confluenceTd\"><p align=\"right\">1</p></td><td class=\"confluenceTd\"><p align=\"right\">47</p></td><td class=\"confluenceTd\"><p align=\"right\">47</p></td><td class=\"confluenceTd\"><p>-</p></td><td class=\"confluenceTd\"><p>-</p></td><td class=\"confluenceTd\"><p>Filler</p></td></tr><tr><td class=\"confluenceTd\"><p align=\"right\">7</p></td><td class=\"confluenceTd\"><p align=\"right\">48</p></td><td class=\"confluenceTd\"><p align=\"right\">54</p></td><td class=\"confluenceTd\"><p>N</p></td><td class=\"confluenceTd\"><p>9(7)</p></td><td class=\"confluenceTd\"><p>Option Strike Price</p></td></tr><tr><td class=\"confluenceTd\"><p align=\"right\">5</p></td><td class=\"confluenceTd\"><p align=\"right\">55</p></td><td class=\"confluenceTd\"><p align=\"right\">59</p></td><td class=\"confluenceTd\"><p>N</p></td><td class=\"confluenceTd\"><p>9(5)</p></td><td class=\"confluenceTd\"><p>Array Value\u00a0<strong>1</strong>: Futures\u00a0<strong>No Change / Volatility Up</strong><sup><a href=\"http://www.cme-ch.com/span/spanl318.htm#note1\" class=\"external-link\" rel=\"nofollow\">1</a>,<a href=\"http://www.cme-ch.com/span/spanl318.htm#note2\" class=\"external-link\" rel=\"nofollow\">2</a>,<a href=\"http://www.cme-ch.com/span/spanl318.htm#note3\" class=\"external-link\" rel=\"nofollow\">3</a></sup></p></td></tr><tr><td class=\"confluenceTd\"><p align=\"right\">1</p></td><td class=\"confluenceTd\"><p align=\"right\">60</p></td><td class=\"confluenceTd\"><p align=\"right\">60</p></td><td class=\"confluenceTd\"><p>AN</p></td><td class=\"confluenceTd\"><p>X</p></td><td class=\"confluenceTd\"><p>Sign for Array Value 1 (&quot;+&quot; or &quot;-&quot;)</p></td></tr><tr><td class=\"confluenceTd\"><p align=\"right\">5</p></td><td class=\"confluenceTd\"><p align=\"right\">61</p></td><td class=\"confluenceTd\"><p align=\"right\">65</p></td><td class=\"confluenceTd\"><p>N</p></td><td class=\"confluenceTd\"><p>9(5)</p></td><td class=\"confluenceTd\"><p>Array Value\u00a0<strong>2</strong>: Futures\u00a0<strong>No Change / Volatility Down</strong></p></td></tr><tr><td class=\"confluenceTd\"><p align=\"right\">1</p></td><td class=\"confluenceTd\"><p align=\"right\">66</p></td><td class=\"confluenceTd\"><p align=\"right\">66</p></td><td class=\"confluenceTd\"><p>AN</p></td><td class=\"confluenceTd\"><p>X</p></td><td class=\"confluenceTd\"><p>Sign for Array Value 2 (&quot;+&quot; or &quot;-&quot;)</p></td></tr><tr><td class=\"confluenceTd\"><p align=\"right\">5</p></td><td class=\"confluenceTd\"><p align=\"right\">67</p></td><td class=\"confluenceTd\"><p align=\"right\">71</p></td><td class=\"confluenceTd\"><p>N</p></td><td class=\"confluenceTd\"><p>9(5)</p></td><td class=\"confluenceTd\"><p>Array Value\u00a0<strong>3</strong>: Futures\u00a0<strong>Up 1/3 / Volatility Up</strong></p></td></tr><tr><td class=\"confluenceTd\"><p align=\"right\">1</p></td><td class=\"confluenceTd\"><p align=\"right\">72</p></td><td class=\"confluenceTd\"><p align=\"right\">72</p></td><td class=\"confluenceTd\"><p>AN</p></td><td class=\"confluenceTd\"><p>X</p></td><td class=\"confluenceTd\"><p>Sign for Array Value 3 (&quot;+&quot; or &quot;-&quot;)</p></td></tr><tr><td class=\"confluenceTd\"><p align=\"right\">5</p></td><td class=\"confluenceTd\"><p align=\"right\">73</p></td><td class=\"confluenceTd\"><p align=\"right\">77</p></td><td class=\"confluenceTd\"><p>N</p></td><td class=\"confluenceTd\"><p>9(5)</p></td><td class=\"confluenceTd\"><p>Array Value\u00a0<strong>4</strong>: Futures\u00a0<strong>Up 1/3 / Volatility Down</strong></p></td></tr><tr><td class=\"confluenceTd\"><p align=\"right\">1</p></td><td class=\"confluenceTd\"><p align=\"right\">78</p></td><td class=\"confluenceTd\"><p align=\"right\">78</p></td><td class=\"confluenceTd\"><p>AN</p></td><td class=\"confluenceTd\"><p>X</p></td><td class=\"confluenceTd\"><p>Sign for Array Value 4 (&quot;+&quot; or &quot;-&quot;)</p></td></tr><tr><td class=\"confluenceTd\"><p align=\"right\">5</p></td><td class=\"confluenceTd\"><p align=\"right\">79</p></td><td class=\"confluenceTd\"><p align=\"right\">83</p></td><td class=\"confluenceTd\"><p>N</p></td><td class=\"confluenceTd\"><p>9(5)</p></td><td class=\"confluenceTd\"><p>Array Value\u00a0<strong>5</strong>: Futures\u00a0<strong>Down 1/3 / Volatility Up</strong></p></td></tr><tr><td class=\"confluenceTd\"><p align=\"right\">1</p></td><td class=\"confluenceTd\"><p align=\"right\">84</p></td><td class=\"confluenceTd\"><p align=\"right\">84</p></td><td class=\"confluenceTd\"><p>AN</p></td><td class=\"confluenceTd\"><p>X</p></td><td class=\"confluenceTd\"><p>Sign for Array Value 5 (&quot;+&quot; or &quot;-&quot;)</p></td></tr><tr><td class=\"confluenceTd\"><p align=\"right\">5</p></td><td class=\"confluenceTd\"><p align=\"right\">85</p></td><td class=\"confluenceTd\"><p align=\"right\">89</p></td><td class=\"confluenceTd\"><p>N</p></td><td class=\"confluenceTd\"><p>9(5)</p></td><td class=\"confluenceTd\"><p>Array Value\u00a0<strong>6</strong>: Futures\u00a0<strong>Down 1/3 / Volatility Down</strong></p></td></tr><tr><td class=\"confluenceTd\"><p align=\"right\">1</p></td><td class=\"confluenceTd\"><p align=\"right\">90</p></td><td class=\"confluenceTd\"><p align=\"right\">90</p></td><td class=\"confluenceTd\"><p>AN</p></td><td class=\"confluenceTd\"><p>X</p></td><td class=\"confluenceTd\"><p>Sign for Array Value 6 (&quot;+&quot; or &quot;-&quot;)</p></td></tr><tr><td class=\"confluenceTd\"><p align=\"right\">5</p></td><td class=\"confluenceTd\"><p align=\"right\">91</p></td><td class=\"confluenceTd\"><p align=\"right\">95</p></td><td class=\"confluenceTd\"><p>N</p></td><td class=\"confluenceTd\"><p>9(5)</p></td><td class=\"confluenceTd\"><p>Array Value\u00a0<strong>7</strong>: Futures\u00a0<strong>Up 2/3 / Volatility Up</strong></p></td></tr><tr><td class=\"confluenceTd\"><p align=\"right\">1</p></td><td class=\"confluenceTd\"><p align=\"right\">96</p></td><td class=\"confluenceTd\"><p align=\"right\">96</p></td><td class=\"confluenceTd\"><p>AN</p></td><td class=\"confluenceTd\"><p>X</p></td><td class=\"confluenceTd\"><p>Sign for Array Value 7 (&quot;+&quot; or &quot;-&quot;)</p></td></tr><tr><td class=\"confluenceTd\"><p align=\"right\">5</p></td><td class=\"confluenceTd\"><p align=\"right\">97</p></td><td class=\"confluenceTd\"><p align=\"right\">101</p></td><td class=\"confluenceTd\"><p>N</p></td><td class=\"confluenceTd\"><p>9(5)</p></td><td class=\"confluenceTd\"><p>Array Value\u00a0<strong>8</strong>: Futures\u00a0<strong>Up 2/3 / Volatility Down</strong></p></td></tr><tr><td class=\"confluenceTd\"><p align=\"right\">1</p></td><td class=\"confluenceTd\"><p align=\"right\">102</p></td><td class=\"confluenceTd\"><p align=\"right\">102</p></td><td class=\"confluenceTd\"><p>AN</p></td><td class=\"confluenceTd\"><p>X</p></td><td class=\"confluenceTd\"><p>Sign for Array Value 8 (&quot;+&quot; or &quot;-&quot;)</p></td></tr><tr><td class=\"confluenceTd\"><p align=\"right\">5</p></td><td class=\"confluenceTd\"><p align=\"right\">103</p></td><td class=\"confluenceTd\"><p align=\"right\">107</p></td><td class=\"confluenceTd\"><p>N</p></td><td class=\"confluenceTd\"><p>9(5)</p></td><td class=\"confluenceTd\"><p>Array Value\u00a0<strong>9</strong>: Futures\u00a0<strong>Down 2/3 / Volatility Up</strong></p></td></tr><tr><td class=\"confluenceTd\"><p align=\"right\">1</p></td><td class=\"confluenceTd\"><p align=\"right\">108</p></td><td class=\"confluenceTd\"><p align=\"right\">108</p></td><td class=\"confluenceTd\"><p>AN</p></td><td class=\"confluenceTd\"><p>X</p></td><td class=\"confluenceTd\"><p>Sign for Array Value 9 (&quot;+&quot; or &quot;-&quot;)</p></td></tr><tr><td class=\"confluenceTd\">14</td><td class=\"confluenceTd\">109</td><td class=\"confluenceTd\">122</td><td class=\"confluenceTd\">N</td><td class=\"confluenceTd\">9(14)</td><td class=\"confluenceTd\">High-Precision Settlement Price</td></tr><tr><td class=\"confluenceTd\">1</td><td class=\"confluenceTd\">123</td><td class=\"confluenceTd\">123</td><td class=\"confluenceTd\">AN</td><td class=\"confluenceTd\">X</td><td class=\"confluenceTd\">High-Precision Settlement Price Flag -\u00a0<strong>N</strong>\u00a0means that the High-Precision Settlement Price is populated but the price may be read\u00a0<strong>either</strong>\u00a0from this field or from the regular Settlement Price field,\u00a0<strong>Y</strong>\u00a0means that the High-Precision Settlement Price field is populated and the price can\u00a0<strong>only</strong>\u00a0be read from the high-precision field</td></tr></tbody></table></div><div align=\"center\"><hr/></div><h4 id=\"Type8-Expanded-Type&quot;82&quot;record-SecondPhysicalrecord-ExpandedFormat\">Type &quot;82&quot; record - Second Physical record - Expanded Format</h4><div class=\"table-wrap\"><table class=\"wrapped confluenceTable\"><tbody><tr><td class=\"confluenceTd\"><p align=\"center\"><strong>Length</strong></p></td><td class=\"confluenceTd\"><p align=\"center\"><strong>From</strong></p></td><td class=\"confluenceTd\"><p align=\"center\"><strong>To</strong></p></td><td class=\"confluenceTd\"><p align=\"center\"><strong>Datatype</strong></p></td><td class=\"confluenceTd\"><p align=\"center\"><strong>Format</strong></p></td><td class=\"confluenceTd\"><p align=\"center\"><strong>Description and Comments</strong></p></td></tr><tr><td class=\"confluenceTd\"><p align=\"right\">2</p></td><td class=\"confluenceTd\"><p align=\"right\">1</p></td><td class=\"confluenceTd\"><p align=\"right\">2</p></td><td class=\"confluenceTd\"><p>AN</p></td><td class=\"confluenceTd\"><p>X(2)</p></td><td class=\"confluenceTd\"><p>Record ID - &quot;82&quot;</p></td></tr><tr><td class=\"confluenceTd\"><p align=\"right\">3</p></td><td class=\"confluenceTd\"><p align=\"right\">3</p></td><td class=\"confluenceTd\"><p align=\"right\">5</p></td><td class=\"confluenceTd\"><p>AN</p></td><td class=\"confluenceTd\"><p>X(3)</p></td><td class=\"confluenceTd\"><p>Exchange Acronym</p></td></tr><tr><td class=\"confluenceTd\"><p align=\"right\">10</p></td><td class=\"confluenceTd\"><p align=\"right\">6</p></td><td class=\"confluenceTd\"><p align=\"right\">15</p></td><td class=\"confluenceTd\"><p>AN</p></td><td class=\"confluenceTd\"><p>X(10)</p></td><td class=\"confluenceTd\"><p>Commodity (Product) Code</p></td></tr><tr><td class=\"confluenceTd\"><p align=\"right\">10</p></td><td class=\"confluenceTd\"><p align=\"right\">16</p></td><td class=\"confluenceTd\"><p align=\"right\">25</p></td><td class=\"confluenceTd\"><p>AN</p></td><td class=\"confluenceTd\"><p>X(10)</p></td><td class=\"confluenceTd\"><p>Underlying Commodity (Product) Code<sup><a href=\"http://www.cme-ch.com/span/spanl318.htm#note5\" class=\"external-link\" rel=\"nofollow\">5</a></sup></p></td></tr><tr><td class=\"confluenceTd\"><p align=\"right\">3</p></td><td class=\"confluenceTd\"><p align=\"right\">26</p></td><td class=\"confluenceTd\"><p align=\"right\">28</p></td><td class=\"confluenceTd\"><p>AN</p></td><td class=\"confluenceTd\"><p>X(3)</p></td><td class=\"confluenceTd\"><p>Product Type Code<sup><a href=\"http://www.cme-ch.com/span/spanl318.htm#note7\" class=\"external-link\" rel=\"nofollow\">7</a></sup></p></td></tr><tr><td class=\"confluenceTd\"><p align=\"right\">1</p></td><td class=\"confluenceTd\"><p align=\"right\">29</p></td><td class=\"confluenceTd\"><p align=\"right\">29</p></td><td class=\"confluenceTd\"><p>AN</p></td><td class=\"confluenceTd\"><p>X</p></td><td class=\"confluenceTd\"><p>Option Right Code - for an option only:\u00a0<strong>P</strong>\u00a0for Put or\u00a0<strong>C</strong>\u00a0for Call</p></td></tr><tr><td class=\"confluenceTd\"><p align=\"right\">6</p></td><td class=\"confluenceTd\"><p align=\"right\">30</p></td><td class=\"confluenceTd\"><p align=\"right\">35</p></td><td class=\"confluenceTd\"><p>N</p></td><td class=\"confluenceTd\"><p>9(6)</p></td><td class=\"confluenceTd\"><p>Futures Contract Month as\u00a0<strong>CCYYMM</strong></p></td></tr><tr><td class=\"confluenceTd\"><p align=\"right\">2</p></td><td class=\"confluenceTd\"><p align=\"right\">36</p></td><td class=\"confluenceTd\"><p align=\"right\">37</p></td><td class=\"confluenceTd\"><p>AN</p></td><td class=\"confluenceTd\"><p>X(2)</p></td><td class=\"confluenceTd\"><p>Futures Contract Day or Week Code<sup><a href=\"http://www.cme-ch.com/span/spanl318.htm#note4\" class=\"external-link\" rel=\"nofollow\">4</a></sup></p></td></tr><tr><td class=\"confluenceTd\"><p align=\"right\">1</p></td><td class=\"confluenceTd\"><p align=\"right\">38</p></td><td class=\"confluenceTd\"><p align=\"right\">38</p></td><td class=\"confluenceTd\"><p>-</p></td><td class=\"confluenceTd\"><p>-</p></td><td class=\"confluenceTd\"><p>Filler</p></td></tr><tr><td class=\"confluenceTd\"><p align=\"right\">6</p></td><td class=\"confluenceTd\"><p align=\"right\">39</p></td><td class=\"confluenceTd\"><p align=\"right\">44</p></td><td class=\"confluenceTd\"><p>N</p></td><td class=\"confluenceTd\"><p>9(6)</p></td><td class=\"confluenceTd\"><p>Option Contract Month as CCYYMM</p></td></tr><tr><td class=\"confluenceTd\"><p align=\"right\">2</p></td><td class=\"confluenceTd\"><p align=\"right\">45</p></td><td class=\"confluenceTd\"><p align=\"right\">46</p></td><td class=\"confluenceTd\"><p>AN</p></td><td class=\"confluenceTd\"><p>X(2)</p></td><td class=\"confluenceTd\"><p>Option Contract Day or Week Code<sup><a href=\"http://www.cme-ch.com/span/spanl318.htm#note4\" class=\"external-link\" rel=\"nofollow\">4</a></sup></p></td></tr><tr><td class=\"confluenceTd\"><p align=\"right\">1</p></td><td class=\"confluenceTd\"><p align=\"right\">47</p></td><td class=\"confluenceTd\"><p align=\"right\">47</p></td><td class=\"confluenceTd\"><p>-</p></td><td class=\"confluenceTd\"><p>-</p></td><td class=\"confluenceTd\"><p>Filler</p></td></tr><tr><td class=\"confluenceTd\"><p align=\"right\">7</p></td><td class=\"confluenceTd\"><p align=\"right\">48</p></td><td class=\"confluenceTd\"><p align=\"right\">54</p></td><td class=\"confluenceTd\"><p>N</p></td><td class=\"confluenceTd\"><p>9(7)</p></td><td class=\"confluenceTd\"><p>Option Strike Price</p></td></tr><tr><td class=\"confluenceTd\"><p align=\"right\">5</p></td><td class=\"confluenceTd\"><p align=\"right\">55</p></td><td class=\"confluenceTd\"><p align=\"right\">59</p></td><td class=\"confluenceTd\"><p>N</p></td><td class=\"confluenceTd\"><p>9(5)</p></td><td class=\"confluenceTd\"><p>Array Value\u00a0<strong>10</strong>: Futures\u00a0<strong>Down 2/3 / Volatility Down</strong></p></td></tr><tr><td class=\"confluenceTd\"><p align=\"right\">1</p></td><td class=\"confluenceTd\"><p align=\"right\">60</p></td><td class=\"confluenceTd\"><p align=\"right\">60</p></td><td class=\"confluenceTd\"><p>AN</p></td><td class=\"confluenceTd\"><p>X</p></td><td class=\"confluenceTd\"><p>Sign for Array Value 10 (&quot;+&quot; or &quot;-&quot;)</p></td></tr><tr><td class=\"confluenceTd\"><p align=\"right\">5</p></td><td class=\"confluenceTd\"><p align=\"right\">61</p></td><td class=\"confluenceTd\"><p align=\"right\">65</p></td><td class=\"confluenceTd\"><p>N</p></td><td class=\"confluenceTd\"><p>9(5)</p></td><td class=\"confluenceTd\"><p>Array Value\u00a0<strong>11</strong>: Futures\u00a0<strong>Up 3/3 / Volatility Up</strong></p></td></tr><tr><td class=\"confluenceTd\"><p align=\"right\">1</p></td><td class=\"confluenceTd\"><p align=\"right\">66</p></td><td class=\"confluenceTd\"><p align=\"right\">66</p></td><td class=\"confluenceTd\"><p>AN</p></td><td class=\"confluenceTd\"><p>X</p></td><td class=\"confluenceTd\"><p>Sign for Array Value 11 (&quot;+&quot; or &quot;-&quot;)</p></td></tr><tr><td class=\"confluenceTd\"><p align=\"right\">5</p></td><td class=\"confluenceTd\"><p align=\"right\">67</p></td><td class=\"confluenceTd\"><p align=\"right\">71</p></td><td class=\"confluenceTd\"><p>N</p></td><td class=\"confluenceTd\"><p>9(5)</p></td><td class=\"confluenceTd\"><p>Array Value\u00a0<strong>12</strong>: Futures\u00a0<strong>Up 3/3 / Volatility Down</strong></p></td></tr><tr><td class=\"confluenceTd\"><p align=\"right\">1</p></td><td class=\"confluenceTd\"><p align=\"right\">72</p></td><td class=\"confluenceTd\"><p align=\"right\">72</p></td><td class=\"confluenceTd\"><p>AN</p></td><td class=\"confluenceTd\"><p>X</p></td><td class=\"confluenceTd\"><p>Sign for Array Value 12 (&quot;+&quot; or &quot;-&quot;)</p></td></tr><tr><td class=\"confluenceTd\"><p align=\"right\">5</p></td><td class=\"confluenceTd\"><p align=\"right\">73</p></td><td class=\"confluenceTd\"><p align=\"right\">77</p></td><td class=\"confluenceTd\"><p>N</p></td><td class=\"confluenceTd\"><p>9(5)</p></td><td class=\"confluenceTd\"><p>Array Value\u00a0<strong>13</strong>: Futures\u00a0<strong>Down 3/3 / Volatility Up</strong></p></td></tr><tr><td class=\"confluenceTd\"><p align=\"right\">1</p></td><td class=\"confluenceTd\"><p align=\"right\">78</p></td><td class=\"confluenceTd\"><p align=\"right\">78</p></td><td class=\"confluenceTd\"><p>AN</p></td><td class=\"confluenceTd\"><p>X</p></td><td class=\"confluenceTd\"><p>Sign for Array Value 13 (&quot;+&quot; or &quot;-&quot;)</p></td></tr><tr><td class=\"confluenceTd\"><p align=\"right\">5</p></td><td class=\"confluenceTd\"><p align=\"right\">79</p></td><td class=\"confluenceTd\"><p align=\"right\">83</p></td><td class=\"confluenceTd\"><p>N</p></td><td class=\"confluenceTd\"><p>9(5)</p></td><td class=\"confluenceTd\"><p>Array Value\u00a0<strong>14</strong>: Futures\u00a0<strong>Down 3/3 / Volatility Down</strong></p></td></tr><tr><td class=\"confluenceTd\"><p align=\"right\">1</p></td><td class=\"confluenceTd\"><p align=\"right\">84</p></td><td class=\"confluenceTd\"><p align=\"right\">84</p></td><td class=\"confluenceTd\"><p>AN</p></td><td class=\"confluenceTd\"><p>X</p></td><td class=\"confluenceTd\"><p>Sign for Array Value 14 (&quot;+&quot; or &quot;-&quot;)</p></td></tr><tr><td class=\"confluenceTd\"><p align=\"right\">5</p></td><td class=\"confluenceTd\"><p align=\"right\">85</p></td><td class=\"confluenceTd\"><p align=\"right\">89</p></td><td class=\"confluenceTd\"><p>N</p></td><td class=\"confluenceTd\"><p>9(5)</p></td><td class=\"confluenceTd\"><p>Array Value\u00a0<strong>15</strong>: Futures\u00a0<strong>Up Extreme - Cover Fraction</strong></p></td></tr><tr><td class=\"confluenceTd\"><p align=\"right\">1</p></td><td class=\"confluenceTd\"><p align=\"right\">90</p></td><td class=\"confluenceTd\"><p align=\"right\">90</p></td><td class=\"confluenceTd\"><p>AN</p></td><td class=\"confluenceTd\"><p>X</p></td><td class=\"confluenceTd\"><p>Sign for Array Value 15 (&quot;+&quot; or &quot;-&quot;)</p></td></tr><tr><td class=\"confluenceTd\"><p align=\"right\">5</p></td><td class=\"confluenceTd\"><p align=\"right\">91</p></td><td class=\"confluenceTd\"><p align=\"right\">95</p></td><td class=\"confluenceTd\"><p>N</p></td><td class=\"confluenceTd\"><p>9(5)</p></td><td class=\"confluenceTd\"><p>Array Value\u00a0<strong>16</strong>: Futures\u00a0<strong>Down Extreme - Cover Fraction</strong></p></td></tr><tr><td class=\"confluenceTd\"><p align=\"right\">1</p></td><td class=\"confluenceTd\"><p align=\"right\">96</p></td><td class=\"confluenceTd\"><p align=\"right\">96</p></td><td class=\"confluenceTd\"><p>AN</p></td><td class=\"confluenceTd\"><p>X</p></td><td class=\"confluenceTd\"><p>Sign for Array Value 16 (&quot;+&quot; or &quot;-&quot;)</p></td></tr><tr><td class=\"confluenceTd\"><p align=\"right\">5</p></td><td class=\"confluenceTd\"><p align=\"right\">97</p></td><td class=\"confluenceTd\"><p align=\"right\">101</p></td><td class=\"confluenceTd\"><p>N</p></td><td class=\"confluenceTd\"><p>9V9(4)</p></td><td class=\"confluenceTd\"><p>SPAN Composite Delta</p></td></tr><tr><td class=\"confluenceTd\"><p align=\"right\">1</p></td><td class=\"confluenceTd\"><p align=\"right\">102</p></td><td class=\"confluenceTd\"><p align=\"right\">102</p></td><td class=\"confluenceTd\"><p>AN</p></td><td class=\"confluenceTd\"><p>X</p></td><td class=\"confluenceTd\"><p>Sign for SPAN Composite Delta (&quot;+&quot; or &quot;-&quot;)</p></td></tr><tr><td class=\"confluenceTd\"><p align=\"right\">8</p></td><td class=\"confluenceTd\"><p align=\"right\">103</p></td><td class=\"confluenceTd\"><p align=\"right\">110</p></td><td class=\"confluenceTd\"><p>N</p></td><td class=\"confluenceTd\"><p>99V9(6)</p></td><td class=\"confluenceTd\"><p>Implied Volatility as decimal fraction<sup><a href=\"http://www.cme-ch.com/span/spanl318.htm#note6\" class=\"external-link\" rel=\"nofollow\">6</a></sup></p></td></tr><tr><td class=\"confluenceTd\"><p align=\"right\">7</p></td><td class=\"confluenceTd\"><p align=\"right\">111</p></td><td class=\"confluenceTd\"><p align=\"right\">117</p></td><td class=\"confluenceTd\"><p>N</p></td><td class=\"confluenceTd\"><p>9(7)</p></td><td class=\"confluenceTd\"><p>Settlement Price</p></td></tr><tr><td class=\"confluenceTd\"><p align=\"right\">1</p></td><td class=\"confluenceTd\"><p align=\"right\">118</p></td><td class=\"confluenceTd\"><p align=\"right\">118</p></td><td class=\"confluenceTd\"><p>AN</p></td><td class=\"confluenceTd\"><p>X</p></td><td class=\"confluenceTd\"><p>Sign for Settlement Price (blank, &quot;+&quot; or &quot;-&quot;)</p></td></tr><tr><td class=\"confluenceTd\"><p align=\"right\">1</p></td><td class=\"confluenceTd\"><p align=\"right\">119</p></td><td class=\"confluenceTd\"><p align=\"right\">119</p></td><td class=\"confluenceTd\"><p>AN</p></td><td class=\"confluenceTd\"><p>X</p></td><td class=\"confluenceTd\"><p>Sign for Strike Price (blank, &quot;+&quot; or &quot;-&quot;)</p></td></tr><tr><td class=\"confluenceTd\"><p align=\"right\">5</p></td><td class=\"confluenceTd\"><p align=\"right\">120</p></td><td class=\"confluenceTd\"><p align=\"right\">124</p></td><td class=\"confluenceTd\"><p>N</p></td><td class=\"confluenceTd\"><p>9V9(4)</p></td><td class=\"confluenceTd\"><p>Current Delta</p></td></tr><tr><td class=\"confluenceTd\"><p align=\"right\">1</p></td><td class=\"confluenceTd\"><p align=\"right\">125</p></td><td class=\"confluenceTd\"><p align=\"right\">125</p></td><td class=\"confluenceTd\"><p>AN</p></td><td class=\"confluenceTd\"><p>X</p></td><td class=\"confluenceTd\"><p>Sign for Current Delta (blank, &quot;+&quot; or &quot;-&quot;)</p></td></tr><tr><td class=\"confluenceTd\"><p align=\"right\">1</p></td><td class=\"confluenceTd\"><p align=\"right\">126</p></td><td class=\"confluenceTd\"><p align=\"right\">126</p></td><td class=\"confluenceTd\"><p>AN</p></td><td class=\"confluenceTd\"><p>X</p></td><td class=\"confluenceTd\"><p>Current Delta Business-Day Flag -- &quot;C&quot; means this is today's end-of-day delta, &quot;I&quot; means this is an intraday theoretical delta for today, &quot;P&quot; means this is the previous day's end-of-day delta, and &quot;X&quot; or any other value means that no delta is available.</p></td></tr><tr><td class=\"confluenceTd\"><p align=\"right\">7</p></td><td class=\"confluenceTd\"><p align=\"right\">127</p></td><td class=\"confluenceTd\"><p align=\"right\">133</p></td><td class=\"confluenceTd\"><p>N</p></td><td class=\"confluenceTd\"><p>9(7)</p></td><td class=\"confluenceTd\"><p>Start of Day Price</p></td></tr><tr><td class=\"confluenceTd\"><p align=\"right\">1</p></td><td class=\"confluenceTd\"><p align=\"right\">134</p></td><td class=\"confluenceTd\"><p align=\"right\">134</p></td><td class=\"confluenceTd\"><p>AN</p></td><td class=\"confluenceTd\"><p>X</p></td><td class=\"confluenceTd\"><p>Sign for Start of Day Price (blank, &quot;+&quot; or &quot;-&quot;)</p></td></tr><tr><td class=\"confluenceTd\"><p align=\"right\">2</p></td><td class=\"confluenceTd\"><p align=\"right\">135</p></td><td class=\"confluenceTd\"><p align=\"right\">136</p></td><td class=\"confluenceTd\"><p>N</p></td><td class=\"confluenceTd\"><p>9(2)</p></td><td class=\"confluenceTd\"><p>Implied Volatility Exponent</p></td></tr><tr><td class=\"confluenceTd\"><p align=\"right\">1</p></td><td class=\"confluenceTd\"><p align=\"right\">137</p></td><td class=\"confluenceTd\"><p align=\"right\">137</p></td><td class=\"confluenceTd\"><p>AN</p></td><td class=\"confluenceTd\"><p>X</p></td><td class=\"confluenceTd\"><p>Sign for Implied Volatility Exponent (blank, &quot;+&quot; or &quot;-&quot;)</p></td></tr><tr><td class=\"confluenceTd\">14</td><td class=\"confluenceTd\">138</td><td class=\"confluenceTd\">151</td><td class=\"confluenceTd\">N</td><td class=\"confluenceTd\">9(7)V9(7)</td><td class=\"confluenceTd\">Contract-specific Contract Value Factor (for variable tick options only)</td></tr><tr><td class=\"confluenceTd\">2</td><td class=\"confluenceTd\">152</td><td class=\"confluenceTd\">153</td><td class=\"confluenceTd\">N</td><td class=\"confluenceTd\">9(2)</td><td class=\"confluenceTd\">Contract-specific Contract Value Factor Exponent (for variable tick options only)</td></tr><tr><td class=\"confluenceTd\">1</td><td class=\"confluenceTd\">154</td><td class=\"confluenceTd\">154</td><td class=\"confluenceTd\">AN</td><td class=\"confluenceTd\">X</td><td class=\"confluenceTd\">Sign for Contract-specific Contract Value Factor Exponent (blank, &quot;+&quot; or &quot;-&quot;) (for variable tick options only)</td></tr><tr><td class=\"confluenceTd\">14</td><td class=\"confluenceTd\">155</td><td class=\"confluenceTd\">168</td><td class=\"confluenceTd\">N</td><td class=\"confluenceTd\">9(7)V9(7)</td><td class=\"confluenceTd\">Contract-specific Strike Value Factor (for variable tick options only)</td></tr><tr><td class=\"confluenceTd\">2</td><td class=\"confluenceTd\">169</td><td class=\"confluenceTd\">170</td><td class=\"confluenceTd\">N</td><td class=\"confluenceTd\">9(2)</td><td class=\"confluenceTd\">Contract-specific Strike Value Factor Exponent (for variable tick options only)</td></tr><tr><td class=\"confluenceTd\">1</td><td class=\"confluenceTd\">171</td><td class=\"confluenceTd\">171</td><td class=\"confluenceTd\">AN</td><td class=\"confluenceTd\">X</td><td class=\"confluenceTd\">Sign for Contract-specific Strike Value Factor Exponent (blank, &quot;+&quot; or &quot;-&quot;) (for variable tick options only)</td></tr></tbody></table></div><div align=\"center\"><hr/></div><h4 id=\"Type8-Expanded-Type&quot;83&quot;record-FirstPhysicalrecord(floatarrays)-ExpandedFormat\">Type &quot;83&quot; record - First Physical record (float arrays) - Expanded Format</h4><div class=\"table-wrap\"><table class=\"wrapped confluenceTable\"><tbody><tr><td class=\"confluenceTd\"><p align=\"center\"><strong>Length</strong></p></td><td class=\"confluenceTd\"><p align=\"center\"><strong>From</strong></p></td><td class=\"confluenceTd\"><p align=\"center\"><strong>To</strong></p></td><td class=\"confluenceTd\"><p align=\"center\"><strong>Datatype</strong></p></td><td class=\"confluenceTd\"><p align=\"center\"><strong>Format</strong></p></td><td class=\"confluenceTd\"><p align=\"center\"><strong>Description and Comments</strong></p></td></tr><tr><td class=\"confluenceTd\"><p align=\"right\">2</p></td><td class=\"confluenceTd\"><p align=\"right\">1</p></td><td class=\"confluenceTd\"><p align=\"right\">2</p></td><td class=\"confluenceTd\"><p>AN</p></td><td class=\"confluenceTd\"><p>X(2)</p></td><td class=\"confluenceTd\"><p>Record ID - &quot;83&quot;</p></td></tr><tr><td class=\"confluenceTd\"><p align=\"right\">3</p></td><td class=\"confluenceTd\"><p align=\"right\">3</p></td><td class=\"confluenceTd\"><p align=\"right\">5</p></td><td class=\"confluenceTd\"><p>AN</p></td><td class=\"confluenceTd\"><p>X(3)</p></td><td class=\"confluenceTd\"><p>Exchange Acronym</p></td></tr><tr><td class=\"confluenceTd\"><p align=\"right\">10</p></td><td class=\"confluenceTd\"><p align=\"right\">6</p></td><td class=\"confluenceTd\"><p align=\"right\">15</p></td><td class=\"confluenceTd\"><p>AN</p></td><td class=\"confluenceTd\"><p>X(10)</p></td><td class=\"confluenceTd\"><p>Commodity (Product) Code</p></td></tr><tr><td class=\"confluenceTd\"><p align=\"right\">10</p></td><td class=\"confluenceTd\"><p align=\"right\">16</p></td><td class=\"confluenceTd\"><p align=\"right\">25</p></td><td class=\"confluenceTd\"><p>AN</p></td><td class=\"confluenceTd\"><p>X(10)</p></td><td class=\"confluenceTd\"><p>Underlying Commodity (Product) Code<sup><a href=\"http://www.cme-ch.com/span/spanl318.htm#note5\" class=\"external-link\" rel=\"nofollow\">5</a><a href=\"http://www.cme-ch.com/span/spanl318.htm#note5\" class=\"external-link\" rel=\"nofollow\">5</a></sup></p></td></tr><tr><td class=\"confluenceTd\"><p align=\"right\">3</p></td><td class=\"confluenceTd\"><p align=\"right\">26</p></td><td class=\"confluenceTd\"><p align=\"right\">28</p></td><td class=\"confluenceTd\"><p>AN</p></td><td class=\"confluenceTd\"><p>X(3)</p></td><td class=\"confluenceTd\"><p>Product Type Code<sup><a href=\"http://www.cme-ch.com/span/spanl318.htm#note7\" class=\"external-link\" rel=\"nofollow\">7</a></sup></p></td></tr><tr><td class=\"confluenceTd\"><p align=\"right\">1</p></td><td class=\"confluenceTd\"><p align=\"right\">29</p></td><td class=\"confluenceTd\"><p align=\"right\">29</p></td><td class=\"confluenceTd\"><p>AN</p></td><td class=\"confluenceTd\"><p>X</p></td><td class=\"confluenceTd\"><p>Option Right Code - for an option only:\u00a0<strong>P</strong>\u00a0for Put or\u00a0<strong>C</strong>\u00a0for Call</p></td></tr><tr><td class=\"confluenceTd\"><p align=\"right\">6</p></td><td class=\"confluenceTd\"><p align=\"right\">30</p></td><td class=\"confluenceTd\"><p align=\"right\">35</p></td><td class=\"confluenceTd\"><p>N</p></td><td class=\"confluenceTd\"><p>9(6)</p></td><td class=\"confluenceTd\"><p>Futures Contract Month as\u00a0<strong>CCYYMM</strong></p></td></tr><tr><td class=\"confluenceTd\"><p align=\"right\">2</p></td><td class=\"confluenceTd\"><p align=\"right\">36</p></td><td class=\"confluenceTd\"><p align=\"right\">37</p></td><td class=\"confluenceTd\"><p>AN</p></td><td class=\"confluenceTd\"><p>X(2)</p></td><td class=\"confluenceTd\"><p>Futures Contract Day or Week Code<sup><a href=\"http://www.cme-ch.com/span/spanl318.htm#note4\" class=\"external-link\" rel=\"nofollow\">4</a></sup></p></td></tr><tr><td class=\"confluenceTd\"><p align=\"right\">1</p></td><td class=\"confluenceTd\"><p align=\"right\">38</p></td><td class=\"confluenceTd\"><p align=\"right\">38</p></td><td class=\"confluenceTd\"><p>-</p></td><td class=\"confluenceTd\"><p>-</p></td><td class=\"confluenceTd\"><p>Filler</p></td></tr><tr><td class=\"confluenceTd\"><p align=\"right\">6</p></td><td class=\"confluenceTd\"><p align=\"right\">39</p></td><td class=\"confluenceTd\"><p align=\"right\">44</p></td><td class=\"confluenceTd\"><p>N</p></td><td class=\"confluenceTd\"><p>9(6)</p></td><td class=\"confluenceTd\"><p>Option Contract Month as CCYYMM</p></td></tr><tr><td class=\"confluenceTd\"><p align=\"right\">2</p></td><td class=\"confluenceTd\"><p align=\"right\">45</p></td><td class=\"confluenceTd\"><p align=\"right\">46</p></td><td class=\"confluenceTd\"><p>AN</p></td><td class=\"confluenceTd\"><p>X(2)</p></td><td class=\"confluenceTd\"><p>Option Contract Day or Week Code<sup><a href=\"http://www.cme-ch.com/span/spanl318.htm#note4\" class=\"external-link\" rel=\"nofollow\">4</a></sup></p></td></tr><tr><td class=\"confluenceTd\"><p align=\"right\">1</p></td><td class=\"confluenceTd\"><p align=\"right\">47</p></td><td class=\"confluenceTd\"><p align=\"right\">47</p></td><td class=\"confluenceTd\"><p>-</p></td><td class=\"confluenceTd\"><p>-</p></td><td class=\"confluenceTd\"><p>Filler</p></td></tr><tr><td class=\"confluenceTd\"><p align=\"right\">7</p></td><td class=\"confluenceTd\"><p align=\"right\">48</p></td><td class=\"confluenceTd\"><p align=\"right\">54</p></td><td class=\"confluenceTd\"><p>N</p></td><td class=\"confluenceTd\"><p>9(7)</p></td><td class=\"confluenceTd\"><p>Option Strike Price</p></td></tr><tr><td class=\"confluenceTd\"><p align=\"right\">8</p></td><td class=\"confluenceTd\"><p align=\"right\">55</p></td><td class=\"confluenceTd\"><p align=\"right\">62</p></td><td class=\"confluenceTd\"><p>N</p></td><td class=\"confluenceTd\"><p>9(8)</p></td><td class=\"confluenceTd\"><p>Array Value\u00a0<strong>1</strong>: Futures\u00a0<strong>No Change / Volatility Up</strong><sup><a href=\"http://www.cme-ch.com/span/spanl318.htm#note1\" class=\"external-link\" rel=\"nofollow\">1</a>,<a href=\"http://www.cme-ch.com/span/spanl318.htm#note2\" class=\"external-link\" rel=\"nofollow\">2</a>,<a href=\"http://www.cme-ch.com/span/spanl318.htm#note3\" class=\"external-link\" rel=\"nofollow\">3</a>,<a href=\"http://www.cme-ch.com/span/spanl318.htm#note8\" class=\"external-link\" rel=\"nofollow\">8</a></sup></p></td></tr><tr><td class=\"confluenceTd\"><p align=\"right\">1</p></td><td class=\"confluenceTd\"><p align=\"right\">63</p></td><td class=\"confluenceTd\"><p align=\"right\">63</p></td><td class=\"confluenceTd\"><p>AN</p></td><td class=\"confluenceTd\"><p>X</p></td><td class=\"confluenceTd\"><p>Sign for Array Value 1 (&quot;+&quot; or &quot;-&quot;)</p></td></tr><tr><td class=\"confluenceTd\"><p align=\"right\">8</p></td><td class=\"confluenceTd\"><p align=\"right\">64</p></td><td class=\"confluenceTd\"><p align=\"right\">71</p></td><td class=\"confluenceTd\"><p>N</p></td><td class=\"confluenceTd\"><p>9(8)</p></td><td class=\"confluenceTd\"><p>Array Value\u00a0<strong>2</strong>: Futures\u00a0<strong>No Change / Volatility Down</strong></p></td></tr><tr><td class=\"confluenceTd\"><p align=\"right\">1</p></td><td class=\"confluenceTd\"><p align=\"right\">72</p></td><td class=\"confluenceTd\"><p align=\"right\">72</p></td><td class=\"confluenceTd\"><p>AN</p></td><td class=\"confluenceTd\"><p>X</p></td><td class=\"confluenceTd\"><p>Sign for Array Value 2 (&quot;+&quot; or &quot;-&quot;)</p></td></tr><tr><td class=\"confluenceTd\"><p align=\"right\">8</p></td><td class=\"confluenceTd\"><p align=\"right\">73</p></td><td class=\"confluenceTd\"><p align=\"right\">80</p></td><td class=\"confluenceTd\"><p>N</p></td><td class=\"confluenceTd\"><p>9(8)</p></td><td class=\"confluenceTd\"><p>Array Value\u00a0<strong>3</strong>: Futures\u00a0<strong>Up 1/3 / Volatility Up</strong></p></td></tr><tr><td class=\"confluenceTd\"><p align=\"right\">1</p></td><td class=\"confluenceTd\"><p align=\"right\">81</p></td><td class=\"confluenceTd\"><p align=\"right\">81</p></td><td class=\"confluenceTd\"><p>AN</p></td><td class=\"confluenceTd\"><p>X</p></td><td class=\"confluenceTd\"><p>Sign for Array Value 3 (&quot;+&quot; or &quot;-&quot;)</p></td></tr><tr><td class=\"confluenceTd\"><p align=\"right\">8</p></td><td class=\"confluenceTd\"><p align=\"right\">82</p></td><td class=\"confluenceTd\"><p align=\"right\">89</p></td><td class=\"confluenceTd\"><p>N</p></td><td class=\"confluenceTd\"><p>9(8)</p></td><td class=\"confluenceTd\"><p>Array Value\u00a0<strong>4</strong>: Futures\u00a0<strong>Up 1/3 / Volatility Down</strong></p></td></tr><tr><td class=\"confluenceTd\"><p align=\"right\">1</p></td><td class=\"confluenceTd\"><p align=\"right\">90</p></td><td class=\"confluenceTd\"><p align=\"right\">90</p></td><td class=\"confluenceTd\"><p>AN</p></td><td class=\"confluenceTd\"><p>X</p></td><td class=\"confluenceTd\"><p>Sign for Array Value 4 (&quot;+&quot; or &quot;-&quot;)</p></td></tr><tr><td class=\"confluenceTd\"><p align=\"right\">8</p></td><td class=\"confluenceTd\"><p align=\"right\">91</p></td><td class=\"confluenceTd\"><p align=\"right\">98</p></td><td class=\"confluenceTd\"><p>N</p></td><td class=\"confluenceTd\"><p>9(8)</p></td><td class=\"confluenceTd\"><p>Array Value\u00a0<strong>5</strong>: Futures\u00a0<strong>Down 1/3 / Volatility Up</strong></p></td></tr><tr><td class=\"confluenceTd\"><p align=\"right\">1</p></td><td class=\"confluenceTd\"><p align=\"right\">99</p></td><td class=\"confluenceTd\"><p align=\"right\">99</p></td><td class=\"confluenceTd\"><p>AN</p></td><td class=\"confluenceTd\"><p>X</p></td><td class=\"confluenceTd\"><p>Sign for Array Value 5 (&quot;+&quot; or &quot;-&quot;)</p></td></tr><tr><td class=\"confluenceTd\"><p align=\"right\">8</p></td><td class=\"confluenceTd\"><p align=\"right\">100</p></td><td class=\"confluenceTd\"><p align=\"right\">107</p></td><td class=\"confluenceTd\"><p>N</p></td><td class=\"confluenceTd\"><p>9(8)</p></td><td class=\"confluenceTd\"><p>Array Value\u00a0<strong>6</strong>: Futures\u00a0<strong>Down 1/3 / Volatility Down</strong></p></td></tr><tr><td class=\"confluenceTd\"><p align=\"right\">1</p></td><td class=\"confluenceTd\"><p align=\"right\">108</p></td><td class=\"confluenceTd\"><p align=\"right\">108</p></td><td class=\"confluenceTd\"><p>AN</p></td><td class=\"confluenceTd\"><p>X</p></td><td class=\"confluenceTd\"><p>Sign for Array Value 6 (&quot;+&quot; or &quot;-&quot;)</p></td></tr><tr><td class=\"confluenceTd\"><p align=\"right\">8</p></td><td class=\"confluenceTd\"><p align=\"right\">109</p></td><td class=\"confluenceTd\"><p align=\"right\">116</p></td><td class=\"confluenceTd\"><p>N</p></td><td class=\"confluenceTd\"><p>9(8)</p></td><td class=\"confluenceTd\"><p>Array Value\u00a0<strong>7</strong>: Futures\u00a0<strong>Up 2/3 / Volatility Up</strong></p></td></tr><tr><td class=\"confluenceTd\"><p align=\"right\">1</p></td><td class=\"confluenceTd\"><p align=\"right\">117</p></td><td class=\"confluenceTd\"><p align=\"right\">117</p></td><td class=\"confluenceTd\"><p>AN</p></td><td class=\"confluenceTd\"><p>X</p></td><td class=\"confluenceTd\"><p>Sign for Array Value 7 (&quot;+&quot; or &quot;-&quot;)</p></td></tr><tr><td class=\"confluenceTd\"><p align=\"right\">8</p></td><td class=\"confluenceTd\"><p align=\"right\">118</p></td><td class=\"confluenceTd\"><p align=\"right\">125</p></td><td class=\"confluenceTd\"><p>N</p></td><td class=\"confluenceTd\"><p>9(8)</p></td><td class=\"confluenceTd\"><p>Array Value\u00a0<strong>8</strong>: Futures\u00a0<strong>Up 2/3 / Volatility Down</strong></p></td></tr><tr><td class=\"confluenceTd\"><p align=\"right\">1</p></td><td class=\"confluenceTd\"><p align=\"right\">126</p></td><td class=\"confluenceTd\"><p align=\"right\">126</p></td><td class=\"confluenceTd\"><p>AN</p></td><td class=\"confluenceTd\"><p>X</p></td><td class=\"confluenceTd\"><p>Sign for Array Value 8 (&quot;+&quot; or &quot;-&quot;)</p></td></tr><tr><td class=\"confluenceTd\"><p align=\"right\">8</p></td><td class=\"confluenceTd\"><p align=\"right\">127</p></td><td class=\"confluenceTd\"><p align=\"right\">134</p></td><td class=\"confluenceTd\"><p>N</p></td><td class=\"confluenceTd\"><p>9(8)</p></td><td class=\"confluenceTd\"><p>Array Value\u00a0<strong>9</strong>: Futures\u00a0<strong>Down 2/3 / Volatility Up</strong></p></td></tr><tr><td class=\"confluenceTd\"><p align=\"right\">1</p></td><td class=\"confluenceTd\"><p align=\"right\">135</p></td><td class=\"confluenceTd\"><p align=\"right\">135</p></td><td class=\"confluenceTd\"><p>AN</p></td><td class=\"confluenceTd\"><p>X</p></td><td class=\"confluenceTd\"><p>Sign for Array Value 9 (&quot;+&quot; or &quot;-&quot;)</p></td></tr><tr><td colspan=\"1\" style=\"text-align: right;\" class=\"confluenceTd\">14</td><td colspan=\"1\" style=\"text-align: right;\" class=\"confluenceTd\">136</td><td colspan=\"1\" class=\"confluenceTd\">149</td><td colspan=\"1\" class=\"confluenceTd\">N</td><td colspan=\"1\" class=\"confluenceTd\">9(14)</td><td colspan=\"1\" class=\"confluenceTd\">High-Precision Settlement Price</td></tr><tr><td colspan=\"1\" style=\"text-align: right;\" class=\"confluenceTd\">1</td><td colspan=\"1\" style=\"text-align: right;\" class=\"confluenceTd\">150</td><td colspan=\"1\" class=\"confluenceTd\">150</td><td colspan=\"1\" class=\"confluenceTd\">AN</td><td colspan=\"1\" class=\"confluenceTd\">X</td><td colspan=\"1\" class=\"confluenceTd\">High-Precision Settlement Price Flag - <strong>N</strong> means that the High-Precision Settlement Price is populated but the price may be read <strong>either</strong> from this field or from the regular Settlement Price field, <strong>Y</strong> means that the High-Precision Settlement Price field is populated and the price can <strong>only</strong> be read from the high-precision field.\u00a0</td></tr></tbody></table></div><div align=\"center\"><hr/></div><h4 id=\"Type8-Expanded-Type&quot;84&quot;record-SecondPhysicalrecord(floatarrays)-ExpandedFormat\">Type &quot;84&quot; record - Second Physical record (float arrays) - Expanded Format</h4><div class=\"table-wrap\"><table class=\"wrapped confluenceTable\"><tbody><tr><td class=\"confluenceTd\"><p align=\"center\"><strong>Length</strong></p></td><td class=\"confluenceTd\"><p align=\"center\"><strong>From</strong></p></td><td class=\"confluenceTd\"><p align=\"center\"><strong>To</strong></p></td><td class=\"confluenceTd\"><p align=\"center\"><strong>Datatype</strong></p></td><td class=\"confluenceTd\"><p align=\"center\"><strong>Format</strong></p></td><td class=\"confluenceTd\"><p align=\"center\"><strong>Description and Comments</strong></p></td></tr><tr><td class=\"confluenceTd\"><p align=\"right\">2</p></td><td class=\"confluenceTd\"><p align=\"right\">1</p></td><td class=\"confluenceTd\"><p align=\"right\">2</p></td><td class=\"confluenceTd\"><p>AN</p></td><td class=\"confluenceTd\"><p>X(2)</p></td><td class=\"confluenceTd\"><p>Record ID - &quot;84&quot;</p></td></tr><tr><td class=\"confluenceTd\"><p align=\"right\">3</p></td><td class=\"confluenceTd\"><p align=\"right\">3</p></td><td class=\"confluenceTd\"><p align=\"right\">5</p></td><td class=\"confluenceTd\"><p>AN</p></td><td class=\"confluenceTd\"><p>X(3)</p></td><td class=\"confluenceTd\"><p>Exchange Acronym</p></td></tr><tr><td class=\"confluenceTd\"><p align=\"right\">10</p></td><td class=\"confluenceTd\"><p align=\"right\">6</p></td><td class=\"confluenceTd\"><p align=\"right\">15</p></td><td class=\"confluenceTd\"><p>AN</p></td><td class=\"confluenceTd\"><p>X(10)</p></td><td class=\"confluenceTd\"><p>Commodity (Product) Code</p></td></tr><tr><td class=\"confluenceTd\"><p align=\"right\">10</p></td><td class=\"confluenceTd\"><p align=\"right\">16</p></td><td class=\"confluenceTd\"><p align=\"right\">25</p></td><td class=\"confluenceTd\"><p>AN</p></td><td class=\"confluenceTd\"><p>X(10)</p></td><td class=\"confluenceTd\"><p>Underlying Commodity (Product) Code<sup><a href=\"http://www.cme-ch.com/span/spanl318.htm#note5\" class=\"external-link\" rel=\"nofollow\">5</a><a href=\"http://www.cme-ch.com/span/spanl318.htm#note5\" class=\"external-link\" rel=\"nofollow\">5</a></sup></p></td></tr><tr><td class=\"confluenceTd\"><p align=\"right\">3</p></td><td class=\"confluenceTd\"><p align=\"right\">26</p></td><td class=\"confluenceTd\"><p align=\"right\">28</p></td><td class=\"confluenceTd\"><p>AN</p></td><td class=\"confluenceTd\"><p>X(3)</p></td><td class=\"confluenceTd\"><p>Product Type Code<sup><a href=\"http://www.cme-ch.com/span/spanl318.htm#note7\" class=\"external-link\" rel=\"nofollow\">7</a></sup></p></td></tr><tr><td class=\"confluenceTd\"><p align=\"right\">1</p></td><td class=\"confluenceTd\"><p align=\"right\">29</p></td><td class=\"confluenceTd\"><p align=\"right\">29</p></td><td class=\"confluenceTd\"><p>AN</p></td><td class=\"confluenceTd\"><p>X</p></td><td class=\"confluenceTd\"><p>Option Right Code - for an option only:\u00a0<strong>P</strong>\u00a0for Put or\u00a0<strong>C</strong>\u00a0for Call</p></td></tr><tr><td class=\"confluenceTd\"><p align=\"right\">6</p></td><td class=\"confluenceTd\"><p align=\"right\">30</p></td><td class=\"confluenceTd\"><p align=\"right\">35</p></td><td class=\"confluenceTd\"><p>N</p></td><td class=\"confluenceTd\"><p>9(6)</p></td><td class=\"confluenceTd\"><p>Futures Contract Month as\u00a0<strong>CCYYMM</strong></p></td></tr><tr><td class=\"confluenceTd\"><p align=\"right\">2</p></td><td class=\"confluenceTd\"><p align=\"right\">36</p></td><td class=\"confluenceTd\"><p align=\"right\">37</p></td><td class=\"confluenceTd\"><p>AN</p></td><td class=\"confluenceTd\"><p>X(2)</p></td><td class=\"confluenceTd\"><p>Futures Contract Day or Week Code<sup><a href=\"http://www.cme-ch.com/span/spanl318.htm#note4\" class=\"external-link\" rel=\"nofollow\">4</a></sup></p></td></tr><tr><td class=\"confluenceTd\"><p align=\"right\">1</p></td><td class=\"confluenceTd\"><p align=\"right\">38</p></td><td class=\"confluenceTd\"><p align=\"right\">38</p></td><td class=\"confluenceTd\"><p>-</p></td><td class=\"confluenceTd\"><p>-</p></td><td class=\"confluenceTd\"><p>Filler</p></td></tr><tr><td class=\"confluenceTd\"><p align=\"right\">6</p></td><td class=\"confluenceTd\"><p align=\"right\">39</p></td><td class=\"confluenceTd\"><p align=\"right\">44</p></td><td class=\"confluenceTd\"><p>N</p></td><td class=\"confluenceTd\"><p>9(6)</p></td><td class=\"confluenceTd\"><p>Option Contract Month as CCYYMM</p></td></tr><tr><td class=\"confluenceTd\"><p align=\"right\">2</p></td><td class=\"confluenceTd\"><p align=\"right\">45</p></td><td class=\"confluenceTd\"><p align=\"right\">46</p></td><td class=\"confluenceTd\"><p>AN</p></td><td class=\"confluenceTd\"><p>X(2)</p></td><td class=\"confluenceTd\"><p>Option Contract Day or Week Code<sup><a href=\"http://www.cme-ch.com/span/spanl318.htm#note4\" class=\"external-link\" rel=\"nofollow\">4</a></sup></p></td></tr><tr><td class=\"confluenceTd\"><p align=\"right\">1</p></td><td class=\"confluenceTd\"><p align=\"right\">47</p></td><td class=\"confluenceTd\"><p align=\"right\">47</p></td><td class=\"confluenceTd\"><p>-</p></td><td class=\"confluenceTd\"><p>-</p></td><td class=\"confluenceTd\"><p>Filler</p></td></tr><tr><td class=\"confluenceTd\"><p align=\"right\">7</p></td><td class=\"confluenceTd\"><p align=\"right\">48</p></td><td class=\"confluenceTd\"><p align=\"right\">54</p></td><td class=\"confluenceTd\"><p>N</p></td><td class=\"confluenceTd\"><p>9(7)</p></td><td class=\"confluenceTd\"><p>Option Strike Price</p></td></tr><tr><td class=\"confluenceTd\"><p align=\"right\">8</p></td><td class=\"confluenceTd\"><p align=\"right\">55</p></td><td class=\"confluenceTd\"><p align=\"right\">62</p></td><td class=\"confluenceTd\"><p>N</p></td><td class=\"confluenceTd\"><p>9(8)</p></td><td class=\"confluenceTd\"><p>Array Value\u00a0<strong>10</strong>: Futures\u00a0<strong>Down 2/3 / Volatility Down</strong></p></td></tr><tr><td class=\"confluenceTd\"><p align=\"right\">1</p></td><td class=\"confluenceTd\"><p align=\"right\">63</p></td><td class=\"confluenceTd\"><p align=\"right\">63</p></td><td class=\"confluenceTd\"><p>AN</p></td><td class=\"confluenceTd\"><p>X</p></td><td class=\"confluenceTd\"><p>Sign for Array Value 10 (&quot;+&quot; or &quot;-&quot;)</p></td></tr><tr><td class=\"confluenceTd\"><p align=\"right\">8</p></td><td class=\"confluenceTd\"><p align=\"right\">64</p></td><td class=\"confluenceTd\"><p align=\"right\">71</p></td><td class=\"confluenceTd\"><p>N</p></td><td class=\"confluenceTd\"><p>9(8)</p></td><td class=\"confluenceTd\"><p>Array Value\u00a0<strong>11</strong>: Futures\u00a0<strong>Up 3/3 / Volatility Up</strong></p></td></tr><tr><td class=\"confluenceTd\"><p align=\"right\">1</p></td><td class=\"confluenceTd\"><p align=\"right\">72</p></td><td class=\"confluenceTd\"><p align=\"right\">72</p></td><td class=\"confluenceTd\"><p>AN</p></td><td class=\"confluenceTd\"><p>X</p></td><td class=\"confluenceTd\"><p>Sign for Array Value 11 (&quot;+&quot; or &quot;-&quot;)</p></td></tr><tr><td class=\"confluenceTd\"><p align=\"right\">8</p></td><td class=\"confluenceTd\"><p align=\"right\">73</p></td><td class=\"confluenceTd\"><p align=\"right\">80</p></td><td class=\"confluenceTd\"><p>N</p></td><td class=\"confluenceTd\"><p>9(8)</p></td><td class=\"confluenceTd\"><p>Array Value\u00a0<strong>12</strong>: Futures\u00a0<strong>Up 3/3 / Volatility Down</strong></p></td></tr><tr><td class=\"confluenceTd\"><p align=\"right\">1</p></td><td class=\"confluenceTd\"><p align=\"right\">81</p></td><td class=\"confluenceTd\"><p align=\"right\">81</p></td><td class=\"confluenceTd\"><p>AN</p></td><td class=\"confluenceTd\"><p>X</p></td><td class=\"confluenceTd\"><p>Sign for Array Value 12 (&quot;+&quot; or &quot;-&quot;)</p></td></tr><tr><td class=\"confluenceTd\"><p align=\"right\">8</p></td><td class=\"confluenceTd\"><p align=\"right\">82</p></td><td class=\"confluenceTd\"><p align=\"right\">89</p></td><td class=\"confluenceTd\"><p>N</p></td><td class=\"confluenceTd\"><p>9(8)</p></td><td class=\"confluenceTd\"><p>Array Value\u00a0<strong>13</strong>: Futures\u00a0<strong>Down 3/3 / Volatility Up</strong></p></td></tr><tr><td class=\"confluenceTd\"><p align=\"right\">1</p></td><td class=\"confluenceTd\"><p align=\"right\">90</p></td><td class=\"confluenceTd\"><p align=\"right\">90</p></td><td class=\"confluenceTd\"><p>AN</p></td><td class=\"confluenceTd\"><p>X</p></td><td class=\"confluenceTd\"><p>Sign for Array Value 13 (&quot;+&quot; or &quot;-&quot;)</p></td></tr><tr><td class=\"confluenceTd\"><p align=\"right\">8</p></td><td class=\"confluenceTd\"><p align=\"right\">91</p></td><td class=\"confluenceTd\"><p align=\"right\">98</p></td><td class=\"confluenceTd\"><p>N</p></td><td class=\"confluenceTd\"><p>9(8)</p></td><td class=\"confluenceTd\"><p>Array Value\u00a0<strong>14</strong>: Futures\u00a0<strong>Down 3/3 / Volatility Down</strong></p></td></tr><tr><td class=\"confluenceTd\"><p align=\"right\">1</p></td><td class=\"confluenceTd\"><p align=\"right\">99</p></td><td class=\"confluenceTd\"><p align=\"right\">99</p></td><td class=\"confluenceTd\"><p>AN</p></td><td class=\"confluenceTd\"><p>X</p></td><td class=\"confluenceTd\"><p>Sign for Array Value 14 (&quot;+&quot; or &quot;-&quot;)</p></td></tr><tr><td class=\"confluenceTd\"><p align=\"right\">8</p></td><td class=\"confluenceTd\"><p align=\"right\">100</p></td><td class=\"confluenceTd\"><p align=\"right\">107</p></td><td class=\"confluenceTd\"><p>N</p></td><td class=\"confluenceTd\"><p>9(8)</p></td><td class=\"confluenceTd\"><p>Array Value\u00a0<strong>15</strong>: Futures\u00a0<strong>Up Extreme - Cover Fraction</strong></p></td></tr><tr><td class=\"confluenceTd\"><p align=\"right\">1</p></td><td class=\"confluenceTd\"><p align=\"right\">108</p></td><td class=\"confluenceTd\"><p align=\"right\">108</p></td><td class=\"confluenceTd\"><p>AN</p></td><td class=\"confluenceTd\"><p>X</p></td><td class=\"confluenceTd\"><p>Sign for Array Value 15 (&quot;+&quot; or &quot;-&quot;)</p></td></tr><tr><td class=\"confluenceTd\"><p align=\"right\">8</p></td><td class=\"confluenceTd\"><p align=\"right\">109</p></td><td class=\"confluenceTd\"><p align=\"right\">116</p></td><td class=\"confluenceTd\"><p>N</p></td><td class=\"confluenceTd\"><p>9(8)</p></td><td class=\"confluenceTd\"><p>Array Value\u00a0<strong>16</strong>: Futures\u00a0<strong>Down Extreme - Cover Fraction</strong></p></td></tr><tr><td class=\"confluenceTd\"><p align=\"right\">1</p></td><td class=\"confluenceTd\"><p align=\"right\">117</p></td><td class=\"confluenceTd\"><p align=\"right\">117</p></td><td class=\"confluenceTd\"><p>AN</p></td><td class=\"confluenceTd\"><p>X</p></td><td class=\"confluenceTd\"><p>Sign for Array Value 16 (&quot;+&quot; or &quot;-&quot;)</p></td></tr><tr><td class=\"confluenceTd\"><p align=\"right\">5</p></td><td class=\"confluenceTd\"><p align=\"right\">118</p></td><td class=\"confluenceTd\"><p align=\"right\">122</p></td><td class=\"confluenceTd\"><p>N</p></td><td class=\"confluenceTd\"><p>9V9(4)</p></td><td class=\"confluenceTd\"><p>Composite Delta</p></td></tr><tr><td class=\"confluenceTd\"><p align=\"right\">1</p></td><td class=\"confluenceTd\"><p align=\"right\">123</p></td><td class=\"confluenceTd\"><p align=\"right\">123</p></td><td class=\"confluenceTd\"><p>AN</p></td><td class=\"confluenceTd\"><p>X</p></td><td class=\"confluenceTd\"><p>Sign for Composite Delta (&quot;+&quot; or &quot;-&quot;)</p></td></tr><tr><td class=\"confluenceTd\"><p align=\"right\">8</p></td><td class=\"confluenceTd\"><p align=\"right\">124</p></td><td class=\"confluenceTd\"><p align=\"right\">131</p></td><td class=\"confluenceTd\"><p>N</p></td><td class=\"confluenceTd\"><p>99V9(6)</p></td><td class=\"confluenceTd\"><p>Implied Volatility as decimal fraction<sup><a href=\"http://www.cme-ch.com/span/spanl318.htm#note6\" class=\"external-link\" rel=\"nofollow\">6</a></sup></p></td></tr><tr><td class=\"confluenceTd\"><p align=\"right\">7</p></td><td class=\"confluenceTd\"><p align=\"right\">132</p></td><td class=\"confluenceTd\"><p align=\"right\">138</p></td><td class=\"confluenceTd\"><p>N</p></td><td class=\"confluenceTd\"><p>9(7)</p></td><td class=\"confluenceTd\"><p>Settlement Price</p></td></tr><tr><td class=\"confluenceTd\"><p align=\"right\">1</p></td><td class=\"confluenceTd\"><p align=\"right\">139</p></td><td class=\"confluenceTd\"><p align=\"right\">139</p></td><td class=\"confluenceTd\"><p>AN</p></td><td class=\"confluenceTd\"><p>X</p></td><td class=\"confluenceTd\"><p>Sign for Settlement Price (blank, &quot;+&quot; or &quot;-&quot;)</p></td></tr><tr><td class=\"confluenceTd\"><p align=\"right\">1</p></td><td class=\"confluenceTd\"><p align=\"right\">140</p></td><td class=\"confluenceTd\"><p align=\"right\">140</p></td><td class=\"confluenceTd\"><p>AN</p></td><td class=\"confluenceTd\"><p>X</p></td><td class=\"confluenceTd\"><p>Sign for Strike Price (blank, &quot;+&quot; or &quot;-&quot;)</p></td></tr><tr><td class=\"confluenceTd\"><p align=\"right\">5</p></td><td class=\"confluenceTd\"><p align=\"right\">141</p></td><td class=\"confluenceTd\"><p align=\"right\">145</p></td><td class=\"confluenceTd\"><p>N</p></td><td class=\"confluenceTd\"><p>9V9(4)</p></td><td class=\"confluenceTd\"><p>Current Delta</p></td></tr><tr><td class=\"confluenceTd\"><p align=\"right\">1</p></td><td class=\"confluenceTd\"><p align=\"right\">146</p></td><td class=\"confluenceTd\"><p align=\"right\">146</p></td><td class=\"confluenceTd\"><p>AN</p></td><td class=\"confluenceTd\"><p>X</p></td><td class=\"confluenceTd\"><p>Sign for Current Delta (blank, &quot;+&quot; or &quot;-&quot;)</p></td></tr><tr><td class=\"confluenceTd\"><p align=\"right\">1</p></td><td class=\"confluenceTd\"><p align=\"right\">147</p></td><td class=\"confluenceTd\"><p align=\"right\">147</p></td><td class=\"confluenceTd\"><p>AN</p></td><td class=\"confluenceTd\"><p>X</p></td><td class=\"confluenceTd\"><p>Current Delta Business-Day Flag -- &quot;C&quot; means this is today's end-of-day delta, &quot;I&quot; means this is an intraday theoretical delta for today, &quot;P&quot; means this is the previous day's end-of-day delta, and &quot;X&quot; or any other value means that no delta is available.</p></td></tr><tr><td class=\"confluenceTd\"><p align=\"right\">7</p></td><td class=\"confluenceTd\"><p align=\"right\">148</p></td><td class=\"confluenceTd\"><p align=\"right\">154</p></td><td class=\"confluenceTd\"><p>N</p></td><td class=\"confluenceTd\"><p>9(7)</p></td><td class=\"confluenceTd\"><p>Start of Day Price</p></td></tr><tr><td class=\"confluenceTd\"><p align=\"right\">1</p></td><td class=\"confluenceTd\"><p align=\"right\">155</p></td><td class=\"confluenceTd\"><p align=\"right\">155</p></td><td class=\"confluenceTd\"><p>AN</p></td><td class=\"confluenceTd\"><p>X</p></td><td class=\"confluenceTd\"><p>Sign for Start of Day Price (blank, &quot;+&quot; or &quot;-&quot;)</p></td></tr><tr><td class=\"confluenceTd\"><p align=\"right\">2</p></td><td class=\"confluenceTd\"><p align=\"right\">156</p></td><td class=\"confluenceTd\"><p align=\"right\">157</p></td><td class=\"confluenceTd\"><p>N</p></td><td class=\"confluenceTd\"><p>9(2)</p></td><td class=\"confluenceTd\"><p>Implied Volatility Exponent</p></td></tr><tr><td class=\"confluenceTd\"><p align=\"right\">1</p></td><td class=\"confluenceTd\"><p align=\"right\">158</p></td><td class=\"confluenceTd\"><p align=\"right\">158</p></td><td class=\"confluenceTd\"><p>AN</p></td><td class=\"confluenceTd\"><p>X</p></td><td class=\"confluenceTd\"><p>Sign for Implied Volatility Exponent (blank, &quot;+&quot; or &quot;-&quot;)</p></td></tr><tr><td class=\"confluenceTd\">14</td><td class=\"confluenceTd\">159</td><td class=\"confluenceTd\">172</td><td class=\"confluenceTd\">N</td><td class=\"confluenceTd\">9(7)V9(7)</td><td class=\"confluenceTd\">Contract-specific Contract Value Factor (for variable tick options only)</td></tr><tr><td class=\"confluenceTd\">2</td><td class=\"confluenceTd\">173</td><td class=\"confluenceTd\">174</td><td class=\"confluenceTd\">N</td><td class=\"confluenceTd\">9(2)</td><td class=\"confluenceTd\">Contract-specific Contract Value Factor Exponent (for variable tick options only)</td></tr><tr><td class=\"confluenceTd\">1</td><td class=\"confluenceTd\">175</td><td class=\"confluenceTd\">175</td><td class=\"confluenceTd\">AN</td><td class=\"confluenceTd\">X</td><td class=\"confluenceTd\">Sign for Contract-specific Contract Value Factor Exponent (blank, &quot;+&quot; or &quot;-&quot;) (for variable tick options only)</td></tr><tr><td class=\"confluenceTd\">14</td><td class=\"confluenceTd\">176</td><td class=\"confluenceTd\">189</td><td class=\"confluenceTd\">N</td><td class=\"confluenceTd\">9(7)V9(7)</td><td class=\"confluenceTd\">Contract-specific Strike Value Factor (for variable tick options only)</td></tr><tr><td class=\"confluenceTd\">2</td><td class=\"confluenceTd\">190</td><td class=\"confluenceTd\">191</td><td class=\"confluenceTd\">N</td><td class=\"confluenceTd\">9(2)</td><td class=\"confluenceTd\">Contract-specific Strike Value Factor Exponent (for variable tick options only)</td></tr><tr><td class=\"confluenceTd\">1</td><td class=\"confluenceTd\">192</td><td class=\"confluenceTd\">192</td><td class=\"confluenceTd\">AN</td><td class=\"confluenceTd\">X</td><td class=\"confluenceTd\">Sign for Contract-specific Strike Value Factor Exponent (blank, &quot;+&quot; or &quot;-&quot;) (for variable tick options only)</td></tr></tbody></table></div><div align=\"center\"><hr/></div><p><strong>Notes:</strong></p><ol><li>By convention, a\u00a0<strong>positive</strong>\u00a0risk array value represents a\u00a0<strong>loss</strong>\u00a0for a\u00a0<strong>single long position</strong>, and a\u00a0<strong>negative</strong>\u00a0risk array value represents a\u00a0<strong>gain</strong>\u00a0for a\u00a0<strong>single long position</strong>. &quot;Long&quot; in this context means long the instrument, not the market; a long put is a long position.</li><li>Risk array values are denominated in the\u00a0<strong>performance bond currency</strong>\u00a0for the combined commodity in which the specified contract is contained.</li><li>If the\u00a0<strong>Risk Array Exponent</strong>\u00a0specified on the\u00a0<strong>type 2</strong>\u00a0record for the combined commodity in which this contract is contained is\u00a0<strong>not zero</strong>, then the risk array values specified in the file must be multiplied by 10 to raised to Risk Array Exponent power. In other words, shift the decimal point rightward this number of places.</li><li>The Option Contract Day or Week Code field is used to distinguish option series which expire at different times than the standard monthly options. \u00a0For standard monthly options, this field will contain zeros or blanks. \u00a0For other options, this field will typically contain &quot;W1&quot;, &quot;W2&quot;, etc. - for weekly options expiring in week 1 of the month, week 2 of the month, etc. - or a two-digit day of the month, for flex options or other options for which the exact expiration day is specified.\u00a0\u00a0The Futures Contract Day or Week Code is intended to be used analogously to distinguish futures which expire at different times than standard monthly futures.</li><li>The\u00a0<strong>Underlying Commodity (Product) Code</strong>\u00a0field is an optional field and is not required for the performance bond calculation. If present for any particular option, it indicates the product code of the underlying future, combination, or cash instrument.</li><li>The\u00a0<strong>Implied Volatility</strong>\u00a0field is optional. Implied volatilities may be as large as 9999% and may be expressed to a precision of .0001%. For example,\u00a0<strong>00157235</strong>\u00a0means 15.7235%.</li><li>Product type codes are\u00a0<strong>PHY</strong>\u00a0for\u00a0<strong>Physical</strong>,\u00a0<strong>FUT</strong>\u00a0for\u00a0<strong>Future</strong>,\u00a0<strong>CMB</strong>\u00a0for\u00a0<strong>Combination</strong>,\u00a0<strong>OOP</strong>\u00a0for\u00a0<strong>Option on Physical</strong>,\u00a0<strong>OOF</strong>\u00a0for\u00a0<strong>Option on Future</strong>,\u00a0<strong>OOC</strong>\u00a0for\u00a0<strong>Option on Combination</strong>.</li><li>For a given product family,\u00a0<strong>either</strong>\u00a0type &quot;81&quot; and &quot;82&quot; records are provided,\u00a0<strong>or\u00a0</strong>type &quot;83&quot; and &quot;84&quot; records are provided.\u00a0\u00a0 If a non-zero value is defined for the\u00a0<strong>risk array decimal locator</strong>\u00a0on the type &quot;2&quot; record for this product family, then type &quot;83&quot; and &quot;84&quot; records are provided.\u00a0 Otherwise the standard type &quot;81&quot; and &quot;82&quot; records are provided.<br/><br/>Type &quot;83&quot; and &quot;84&quot; records allow\u00a0risk array values to be specified with up to 8 digits of precision and with a specified assumed number of decimal places.\u00a0 So they would typically be used if risk array values need to be specified to the penny or even to greater levels of precision.</li></ol>"
        }
    },
    "title": "Type 8 - Expanded",
    "spaceId": "457312811",
    "id": "457083725",
    "_links": {
        "editui": "/pages/resumedraft.action?draftId=457083725",
        "webui": "/spaces/pubsub/pages/457083725/Type+8+-+Expanded",
        "edituiv2": "/spaces/pubsub/pages/edit-v2/457083725",
        "tinyui": "/x/TYs_Gw",
        "base": "https://cmegroupclientsite.atlassian.net/wiki"
    }
}