{
    "parentId": "457214773",
    "spaceId": "457312811",
    "ownerId": "60653f79352e1e0069fb728f",
    "lastOwnerId": null,
    "createdAt": "2024-12-21T16:44:01.996Z",
    "authorId": "60653f79352e1e0069fb728f",
    "parentType": "page",
    "position": 452766765,
    "version": {
        "number": 1,
        "message": "",
        "minorEdit": false,
        "authorId": "60653f79352e1e0069fb728f",
        "createdAt": "2024-12-21T16:44:03.164Z"
    },
    "body": {
        "export_view": {
            "representation": "export_view",
            "value": "<div class=\"table-wrap\"><table class=\"wrapped confluenceTable\"><tbody><tr><th scope=\"col\" class=\"confluenceTh\"><p align=\"center\">Length</p></th><th scope=\"col\" class=\"confluenceTh\"><p align=\"center\">From</p></th><th scope=\"col\" class=\"confluenceTh\"><p align=\"center\">To</p></th><th scope=\"col\" class=\"confluenceTh\"><p align=\"center\">Datatype</p></th><th scope=\"col\" class=\"confluenceTh\"><p align=\"center\">Format</p></th><th scope=\"col\" class=\"confluenceTh\">Description and Comments</th></tr><tr><td class=\"confluenceTd\"><p align=\"right\">2</p></td><td class=\"confluenceTd\"><p align=\"right\">1</p></td><td class=\"confluenceTd\"><p align=\"right\">2</p></td><td class=\"confluenceTd\"><p>AN</p></td><td class=\"confluenceTd\"><p>X(2)</p></td><td class=\"confluenceTd\"><p>Record ID - &quot;P &quot;</p></td></tr><tr><td class=\"confluenceTd\"><p align=\"right\">3</p></td><td class=\"confluenceTd\"><p align=\"right\">3</p></td><td class=\"confluenceTd\"><p align=\"right\">5</p></td><td class=\"confluenceTd\"><p>AN</p></td><td class=\"confluenceTd\"><p>X(3)</p></td><td class=\"confluenceTd\"><p>Exchange Acronym</p></td></tr><tr><td class=\"confluenceTd\"><p align=\"right\">12</p></td><td class=\"confluenceTd\"><p align=\"right\">6</p></td><td class=\"confluenceTd\"><p align=\"right\">17</p></td><td class=\"confluenceTd\"><p>AN</p></td><td class=\"confluenceTd\"><p>X(10)</p></td><td class=\"confluenceTd\"><p>Product (Commodity) Code</p></td></tr><tr><td class=\"confluenceTd\"><p align=\"right\">5</p></td><td class=\"confluenceTd\"><p align=\"right\">18</p></td><td class=\"confluenceTd\"><p align=\"right\">22</p></td><td class=\"confluenceTd\"><p>AN</p></td><td class=\"confluenceTd\"><p>X(3)</p></td><td class=\"confluenceTd\"><p>Product Type Code</p></td></tr><tr><td class=\"confluenceTd\"><p align=\"right\">15</p></td><td class=\"confluenceTd\"><p align=\"right\">23</p></td><td class=\"confluenceTd\"><p align=\"right\">37</p></td><td class=\"confluenceTd\"><p>AN</p></td><td class=\"confluenceTd\"><p>X(15)</p></td><td class=\"confluenceTd\"><p>Product Name</p></td></tr><tr><td class=\"confluenceTd\"><p align=\"right\">3</p></td><td class=\"confluenceTd\"><p align=\"right\">38</p></td><td class=\"confluenceTd\"><p align=\"right\">40</p></td><td class=\"confluenceTd\"><p>N</p></td><td class=\"confluenceTd\"><p>9(3)</p></td><td class=\"confluenceTd\"><p>Settlement Price Decimal Locator</p></td></tr><tr><td class=\"confluenceTd\"><p align=\"right\">3</p></td><td class=\"confluenceTd\"><p align=\"right\">41</p></td><td class=\"confluenceTd\"><p align=\"right\">43</p></td><td class=\"confluenceTd\"><p>N</p></td><td class=\"confluenceTd\"><p>9(3)</p></td><td class=\"confluenceTd\"><p>Strike Price Decimal Locator (for options only)</p></td></tr><tr><td class=\"confluenceTd\"><p align=\"right\">1</p></td><td class=\"confluenceTd\"><p align=\"right\">44</p></td><td class=\"confluenceTd\"><p align=\"right\">44</p></td><td class=\"confluenceTd\"><p>AN</p></td><td class=\"confluenceTd\"><p>X</p></td><td class=\"confluenceTd\"><p>Settlement Price Alignment Code</p></td></tr><tr><td class=\"confluenceTd\"><p align=\"right\">1</p></td><td class=\"confluenceTd\"><p align=\"right\">45</p></td><td class=\"confluenceTd\"><p align=\"right\">45</p></td><td class=\"confluenceTd\"><p>AN</p></td><td class=\"confluenceTd\"><p>X</p></td><td class=\"confluenceTd\"><p>Strike Price Alignment Code (for options only)</p></td></tr><tr><td class=\"confluenceTd\"><p align=\"right\">14</p></td><td class=\"confluenceTd\"><p align=\"right\">46</p></td><td class=\"confluenceTd\"><p align=\"right\">59</p></td><td class=\"confluenceTd\"><p>N</p></td><td class=\"confluenceTd\"><p>9(7)V9(7)</p></td><td class=\"confluenceTd\"><p>Contract Value Factor (Multiplier)</p></td></tr><tr><td class=\"confluenceTd\"><p align=\"right\">8</p></td><td class=\"confluenceTd\"><p align=\"right\">60</p></td><td class=\"confluenceTd\"><p align=\"right\">67</p></td><td class=\"confluenceTd\"><p>N</p></td><td class=\"confluenceTd\"><p>9(6)V9(2)</p></td><td class=\"confluenceTd\"><p>Standard Cabinet Option Value</p></td></tr><tr><td class=\"confluenceTd\"><p align=\"right\">2</p></td><td class=\"confluenceTd\"><p align=\"right\">68</p></td><td class=\"confluenceTd\"><p align=\"right\">69</p></td><td class=\"confluenceTd\"><p>N</p></td><td class=\"confluenceTd\"><p>9(2)</p></td><td class=\"confluenceTd\"><p>Quoted Position Quantity per Contract (CBOT &quot;Futures Per Contract&quot;)</p></td></tr><tr><td class=\"confluenceTd\"><p align=\"right\">3</p></td><td class=\"confluenceTd\"><p align=\"right\">70</p></td><td class=\"confluenceTd\"><p align=\"right\">72</p></td><td class=\"confluenceTd\"><p>AN</p></td><td class=\"confluenceTd\"><p>X(3)</p></td><td class=\"confluenceTd\"><p>Settlement (Price Quotation) Currency ISO Code</p></td></tr><tr><td class=\"confluenceTd\"><p align=\"right\">1</p></td><td class=\"confluenceTd\"><p align=\"right\">73</p></td><td class=\"confluenceTd\"><p align=\"right\">73</p></td><td class=\"confluenceTd\"><p>AN</p></td><td class=\"confluenceTd\"><p>X</p></td><td class=\"confluenceTd\"><p>Settlement (Price Quotation) Currency One-Byte Code</p></td></tr><tr><td class=\"confluenceTd\"><p align=\"right\">3</p></td><td class=\"confluenceTd\"><p align=\"right\">74</p></td><td class=\"confluenceTd\"><p align=\"right\">76</p></td><td class=\"confluenceTd\"><p>AN</p></td><td class=\"confluenceTd\"><p>X(3)</p></td><td class=\"confluenceTd\"><p>Price Quotation Method -\u00a0<strong>STD</strong>\u00a0for standard physical commodities,\u00a0<strong>IDX</strong>\u00a0for standard indices, such as equity indices,\u00a0<strong>INT</strong>\u00a0for interest-rate indices such as Eurodollars</p></td></tr><tr><td class=\"confluenceTd\"><p align=\"right\">4</p></td><td class=\"confluenceTd\"><p align=\"right\">77</p></td><td class=\"confluenceTd\"><p align=\"right\">80</p></td><td class=\"confluenceTd\"><p>AN</p></td><td class=\"confluenceTd\"><p>X(4)</p></td><td class=\"confluenceTd\"><p>Exercise Style -\u00a0<strong>AMER</strong>\u00a0for american style options,\u00a0<strong>EURO</strong>\u00a0for european style options (<strong>AMER</strong>\u00a0is default)</p></td></tr><tr><td class=\"confluenceTd\"><p align=\"right\">1</p></td><td class=\"confluenceTd\"><p align=\"right\">81</p></td><td class=\"confluenceTd\"><p align=\"right\">81</p></td><td class=\"confluenceTd\"><p>AN</p></td><td class=\"confluenceTd\"><p>X</p></td><td class=\"confluenceTd\"><p>Volatility\u00a0Scan\u00a0Range\u00a0Quotation Method -\u00a0<strong>A</strong>\u00a0\u2013 volatility scan range provided as absolute value,\u00a0<strong>P</strong>\u00a0\u2013 volatility scan range provided as percentage of implied volatility (<strong>A</strong>\u00a0is default)</p></td></tr><tr><td class=\"confluenceTd\"><p align=\"right\">1</p></td><td class=\"confluenceTd\"><p align=\"right\">82</p></td><td class=\"confluenceTd\"><p align=\"right\">82</p></td><td class=\"confluenceTd\"><p>AN</p></td><td class=\"confluenceTd\"><p>X</p></td><td class=\"confluenceTd\"><p>Price\u00a0Scan\u00a0Range\u00a0Quotation Method -\u00a0<strong>A</strong>\u00a0\u2013 price scan range provided as absolute value,\u00a0<strong>P</strong>\u00a0\u2013 price scan range provided as percentage of contract value (<strong>A</strong>\u00a0is default)</p></td></tr><tr><td class=\"confluenceTd\"><p align=\"right\">1</p></td><td class=\"confluenceTd\"><p align=\"right\">83</p></td><td class=\"confluenceTd\"><p align=\"right\">83</p></td><td class=\"confluenceTd\"><p>AN</p></td><td class=\"confluenceTd\"><p>X</p></td><td class=\"confluenceTd\"><p>Price\u00a0Scan\u00a0Range\u00a0Valuation Type \u2013\u00a0<strong>U</strong>\u00a0\u2013 price scan range is set in terms of underlying contract value.\u00a0<strong>Blank</strong>\u00a0\u2013 price scan range is set in terms of the option contract value</p></td></tr><tr><td class=\"confluenceTd\"><p align=\"right\">5</p></td><td class=\"confluenceTd\"><p align=\"right\">84</p></td><td class=\"confluenceTd\"><p align=\"right\">88</p></td><td class=\"confluenceTd\"><p>AN</p></td><td class=\"confluenceTd\"><p>X(5)</p></td><td class=\"confluenceTd\"><p>Valuation Method \u2013\u00a0<strong>FUT</strong>\u00a0\u2013 futures style,\u00a0<strong>EQTY</strong>\u00a0\u2013 equity style,\u00a0<strong>CLLT</strong>\u00a0- collateral</p></td></tr><tr><td class=\"confluenceTd\"><p align=\"right\">44</p></td><td class=\"confluenceTd\"><p align=\"right\">89</p></td><td class=\"confluenceTd\"><p align=\"right\">132</p></td><td class=\"confluenceTd\"><p>-</p></td><td class=\"confluenceTd\"><p>-</p></td><td class=\"confluenceTd\"><p>Filler</p></td></tr></tbody></table></div><p><strong>Notes:</strong></p><ol><li>&quot;P&quot; records specify the settlement currency in which prices for contracts in a particular product family are denominated, and provide additional values regarding price specifications and the conversion of quoted prices to contract values.</li><li>PC-SPAN versions 3.11 and 3.12 will automatically read data from &quot;P&quot; records and update PC-SPAN's Commodity Master file.</li><li>Currently supported values for product type code are\u00a0<strong>FUT</strong>\u00a0for futures,\u00a0<strong>PHY</strong>\u00a0for physicals,\u00a0<strong>CMB</strong>\u00a0for combinations,\u00a0<strong>OOF</strong>\u00a0for options on futures,\u00a0<strong>OOP</strong>\u00a0for options on physicals,\u00a0\u00a0<strong>OOC</strong>\u00a0for options on combinations,\u00a0<strong>STOCK</strong>\u00a0for stocks,\u00a0<strong>DEBT</strong>\u00a0for debt, and\u00a0<strong>OOS</strong>\u00a0for Options on Equities.</li><li>Alignment codes provide values that code for particular non-decimal price formats and are currently used only for certain CBOT and Mid-Am products.</li><li>The Contract Value Factor is the multiplier that converts an actual price -- one that has had its decimal point inserted and has been converted, if necessary, to a decimal value -- to the actual contract value.</li><li>The standard cabinet option value is the value to be assigned to a &quot;cabinet&quot; trade if the value is not otherwise specified. The CBOT uses a refinement of this called &quot;variable&quot; cabinets in which the trade value is specified directly in the price field.</li><li>The Quoted Position Quantity per Contract has a value of one in all cases except for certain CBOT grain products, and reflects the historical method of quoting a single position as a &quot;five-lot&quot;.</li><li>The Settlement Currency is the currency in which quoted settlement prices are denominated, and in which settlement variation or option premium are initially denominated. This is also in most cases the currency in which individual trade prices are denominated; at particular markets, however, it is possible for a trade price to be quoted in a different currency than the contract's settlement currency.</li></ol>"
        }
    },
    "status": "current",
    "title": "Type P - Paris Expanded",
    "id": "457084126",
    "_links": {
        "editui": "/pages/resumedraft.action?draftId=457084126",
        "webui": "/spaces/pubsub/pages/457084126/Type+P+-+Paris+Expanded",
        "edituiv2": "/spaces/pubsub/pages/edit-v2/457084126",
        "tinyui": "/x/3ow_Gw",
        "base": "https://cmegroupclientsite.atlassian.net/wiki"
    }
}