{
    "data": [
        {
            "type": "heading",
            "text": "Each pricing model is assigned an identifier - for example,BSfor the Black-Scholes model."
        },
        {
            "type": "heading",
            "text": "The descriptions below identify options as being eitherEuropean(meaning exercise is only allowed at expiration) orAmerican(meaning exercise is allowed at any time up to and including expiration.)"
        },
        {
            "type": "heading",
            "text": "The price of an option is not necessarily quoted in the same terms as the price of its underlying.\u00a0\u00a0Nor is the option necessarily defined as being only oneoneof its underlying instrument.\u00a0\u00a0And the currency of denomination of the option may not be the same as the currency for its underlying."
        },
        {
            "type": "heading",
            "text": "The option theoretical value is then recalculated by multiplying theroundedtheoretical price by its contract value factor."
        },
        {
            "type": "heading",
            "text": "(Given the normal conventions used for assigning the precision of option prices and the contract value factors, this last step ensures the theoretical value is alwaysexactlyequal to the product of the price times the contract value factor.)"
        },
        {
            "type": "link",
            "text": "Models Supported",
            "url": "#SPANRiskManager-OptionPricingModels-ModelsSupported",
            "data-linked-resource-id": null,
            "data-linked-resource-type": null
        },
        {
            "type": "link",
            "text": "Calculations in Monetary Terms",
            "url": "#SPANRiskManager-OptionPricingModels-CalculationsinMonetaryTerms",
            "data-linked-resource-id": null,
            "data-linked-resource-type": null
        },
        {
            "type": "confluence_tables",
            "text": []
        }
    ],
    "page_id": "457083416",
    "child_page_ids": []
}