{
    "parentId": "457411114",
    "lastOwnerId": null,
    "spaceId": "457312811",
    "ownerId": "60653f79352e1e0069fb728f",
    "createdAt": "2024-12-21T16:43:44.144Z",
    "authorId": "60653f79352e1e0069fb728f",
    "parentType": "page",
    "position": 91141100,
    "version": {
        "number": 1,
        "message": "",
        "minorEdit": false,
        "authorId": "60653f79352e1e0069fb728f",
        "createdAt": "2024-12-21T16:43:45.457Z"
    },
    "body": {
        "export_view": {
            "representation": "export_view",
            "value": "<p><span class=\"confluence-embedded-file-wrapper\"><img class=\"confluence-embedded-image\" src=\"https://cmegroupclientsite.atlassian.net/wiki/download/attachments/457083999/Interspreads.jpg?api=v2\"></span></p><p><u><strong>Intercommodity Spreads</strong></u></p><p>This report shows the Intercommodity spread rates,\u00a0 meaning the offsets for spreads between products of different Combined Commodities but with related underlying instruments, categorized by the rate Priority.</p><p><strong>Priority:\u00a0 </strong>Span assigns a Priority number to every spread.\u00a0 This Priority will determine which spreads in a portfolio will be used first.</p><p><strong>Type:\u00a0 </strong>The spread rate type is the method of charge and can be defined as:</p><ul><li>WPR - Weighted Price Risk, which gives a credit (or charge if rate is negative) to each leg of the spread</li><li>FLAT - flat rate processing, which is an overall charge (or credit if rate is negative) equally allocated to each Combined Commodity in the spread</li><li>PMPS - per month per spread variation of the FLAT rate</li></ul><p><strong>Rates:</strong></p><ul><li>ID - Span assigns an ID to each spread rate</li><li>Rate - Shows the actual rate for each spread in percentage terms</li></ul><p><strong>Legs:</strong></p><ul><li>Leg # - Shows the Leg #</li><li>Comb Comm - the Combined Commodity (ies) that make up each leg of the Intercommodity spread</li><li>Tier/Period - Shows the Tier or Period for the particular leg.\u00a0 A Tier or Period is comprised of one or more contracts that may be grouped for spreading purposes</li><li>Side - A or B refers to the side of the market on which a contract must be to form a particular spread.\u00a0 For example, &quot;A versus B&quot; actually means &quot;Long versus Short&quot;.</li><li>Ratio - gives the number of contracts for each side required to form the spread\u00a0</li></ul>"
        }
    },
    "status": "current",
    "title": "Inter Spreads",
    "id": "457083999",
    "_links": {
        "editui": "/pages/resumedraft.action?draftId=457083999",
        "webui": "/spaces/pubsub/pages/457083999/Inter+Spreads",
        "edituiv2": "/spaces/pubsub/pages/edit-v2/457083999",
        "tinyui": "/x/X4w_Gw",
        "base": "https://cmegroupclientsite.atlassian.net/wiki"
    }
}