{
    "parentId": "457411114",
    "spaceId": "457312811",
    "ownerId": "60653f79352e1e0069fb728f",
    "lastOwnerId": null,
    "createdAt": "2024-12-21T16:43:02.445Z",
    "authorId": "60653f79352e1e0069fb728f",
    "parentType": "page",
    "position": 91134091,
    "version": {
        "number": 1,
        "message": "",
        "minorEdit": false,
        "authorId": "60653f79352e1e0069fb728f",
        "createdAt": "2024-12-21T16:43:04.182Z"
    },
    "body": {
        "export_view": {
            "representation": "export_view",
            "value": "<p><span class=\"confluence-embedded-file-wrapper\"><img class=\"confluence-embedded-image\" src=\"https://cmegroupclientsite.atlassian.net/wiki/download/attachments/457083512/contracts.jpg?api=v2\"></span></p><p><u><strong>Contracts</strong></u></p><p>This report shows all of the eligible contracts for the given Combined Commodities in a portfolio.</p><p><strong>Comb Comm: </strong>\u00a0Combined Commodity</p><p>The set of all eligible products used to generate a total requirement for each Exchange Complex within a portfolio.\u00a0 A Combined Commodity generally consists of all products of the same underlying physical. For example, at the CME, the Eurodollar combined commodity encompasses Mid-Curve options, Eurodollars and Eurodollar options.\u00a0</p><p><strong><u>Product:</u></strong></p><p><strong>ID: </strong>\u00a0Span assigns an internal product ID number to each product within a family\u00a0</p><p><strong>Alias:</strong>\u00a0 Name that defines the product</p><p><strong><u>Contract</u></strong></p><p><strong>ID:</strong>\u00a0 Span assigns a contract ID number to each contract</p><p><strong>Period:</strong>\u00a0\u00a0 Gives the Contract month and year in yyyymm format.\u00a0 For options contracts, the Period is displayed slightly differently.\u00a0 For example,<span> 200110 on 1.00 ES 200112 is one October 2001 option on December 2001 ES futures contract.</span></p><p><strong>C/P:\u00a0 </strong>Call or put</p><p><strong>Strike:\u00a0 </strong>The strike price of an option</p><p><strong>Price:\u00a0 </strong>The price (premium for an option) of a contract</p><p><strong>Value:</strong> The underlying value of a contract</p><p><strong>Delta:\u00a0 </strong>The delta value of an option</p><p><strong>Volatility:\u00a0 </strong>Implied volatility for options</p><p><strong>Scale:\u00a0 </strong>This number refers to the scaling of contracts on products that have the same underlying, but differently sized contracts.\u00a0 For example, the emini ND contract (NQ)\u00a0 is scaled to 1 and a regular ND is scaled to 5.</p><p><strong>Setl. Date:\u00a0 </strong>Settlement date</p><p><strong>Time to Exp.:\u00a0 </strong>Time to expiration</p><p><strong>FDT:\u00a0 </strong>First trade date</p><p><strong>LDT: </strong>\u00a0Last trade date</p><p><strong>Intr. Rate:\u00a0 </strong>Interest rate if supplied</p><p><strong>Div. Rate: </strong>\u00a0Dividend rate if supplied</p><p><strong>Look Ahead:\u00a0 </strong>If supplied, the passage of time that Span will use to calculate the risk array's hypothetical gains and losses\u00a0 (The usual Look Ahead time is a period of one day.\u00a0 It would be three days on a Friday and four days before a long weekend.)</p>"
        }
    },
    "status": "current",
    "title": "Contracts",
    "id": "457083512",
    "_links": {
        "editui": "/pages/resumedraft.action?draftId=457083512",
        "webui": "/spaces/pubsub/pages/457083512/Contracts",
        "edituiv2": "/spaces/pubsub/pages/edit-v2/457083512",
        "tinyui": "/x/eIo_Gw",
        "base": "https://cmegroupclientsite.atlassian.net/wiki"
    }
}