{
    "data": [
        {
            "type": "heading",
            "text": "Current Build 610.151 - Effective 23-August-2024"
        },
        {
            "type": "heading",
            "text": "span.ini File Changes"
        },
        {
            "type": "heading",
            "text": "Build 610.132 \u2013 Effective 16-Dec-22"
        },
        {
            "type": "heading",
            "text": "Build 610 \u2013 Effective 13-Feb-20"
        },
        {
            "type": "heading",
            "text": "See Clearing Advisory 20-051"
        },
        {
            "type": "heading",
            "text": "Build 609 \u2013 Effective Date 16-Jan-19"
        },
        {
            "type": "heading",
            "text": "Build 608 \u2013 Effective Date 22-Aug-18"
        },
        {
            "type": "heading",
            "text": "Build 593 \u2013 Effective Date 5-Oct-15"
        },
        {
            "type": "heading",
            "text": "Build 588A \u2013 Effective Date 13-Jul-15"
        },
        {
            "type": "heading",
            "text": "Build 585A \u2013 Effective Date 15-May-15"
        },
        {
            "type": "heading",
            "text": "Build 575B \u2013 Effective Date 8-Oct-14"
        },
        {
            "type": "heading",
            "text": "Build 565 \u2013 Effective Date 3-Jun-13"
        },
        {
            "type": "heading",
            "text": "Build 562 \u2013 Effective Date 12-Mar-13"
        },
        {
            "type": "heading",
            "text": "Build 561 \u2013 Effective Date 3-Dec-12"
        },
        {
            "type": "heading",
            "text": "Build 559 \u2013 Effective Date 30-Aug-12"
        },
        {
            "type": "heading",
            "text": "Build 555 \u2013 Effective Date 15-Jul-12"
        },
        {
            "type": "heading",
            "text": "Build 553 \u2013 Effective Date 6-May-12"
        },
        {
            "type": "heading",
            "text": "Build 526 \u2013 Effective Date 22-Nov-10"
        },
        {
            "type": "heading",
            "text": "Build 516 \u2013 Effective Date 17-Sep-10"
        },
        {
            "type": "heading",
            "text": "Build 491 \u2013 Effective Date 10-Jul-09"
        },
        {
            "type": "link",
            "text": "system requirements",
            "url": "https://cmegroupclientsite.atlassian.net/wiki/spaces/pubsub/pages/457082909/System+Requirements",
            "data-linked-resource-id": "457082909",
            "data-linked-resource-type": "page"
        },
        {
            "type": "confluence_tables",
            "text": []
        }
    ],
    "page_id": "457083292",
    "child_page_ids": [
        "457082909"
    ]
}