{
    "parentId": "457313347",
    "spaceId": "457312811",
    "ownerId": "60653f79352e1e0069fb728f",
    "lastOwnerId": null,
    "createdAt": "2024-12-21T16:42:04.162Z",
    "authorId": "60653f79352e1e0069fb728f",
    "parentType": "page",
    "version": {
        "number": 1,
        "message": "",
        "minorEdit": false,
        "authorId": "60653f79352e1e0069fb728f",
        "createdAt": "2024-12-21T16:42:07.821Z"
    },
    "position": 56095183,
    "body": {
        "export_view": {
            "representation": "export_view",
            "value": "<p>See the <a href=\"https://cmegroupclientsite.atlassian.net/wiki/spaces/pubsub/pages/457082909/System+Requirements\" data-linked-resource-id=\"457082909\" data-linked-resource-version=\"1\" data-linked-resource-type=\"page\">Minimum System Requirements</a> prior to installing PC-SPAN.</p><p><style type='text/css'>/*<![CDATA[*/\ndiv.rbtoc1741792365220 {padding: 0px;}\ndiv.rbtoc1741792365220 ul {list-style: disc;margin-left: 0px;}\ndiv.rbtoc1741792365220 li {margin-left: 0px;padding-left: 0px;}\n\n/*]]>*/</style><div class='toc-macro rbtoc1741792365220'>\n<ul class='toc-indentation'>\n<li><a href='#QuickInstallation-ObtainingPC-SPANVersion4'>Obtaining PC-SPAN Version 4</a></li>\n<li><a href='#QuickInstallation-StartingthePC-SPANversion4installation'>Starting the PC-SPAN version 4 installation</a></li>\n<li><a href='#QuickInstallation-PC-SPANVersion4InstallationProcess'>PC-SPAN Version 4 Installation Process</a></li>\n<li><a href='#QuickInstallation-ToplevelDirectoryStructureUponPC-SPANInstallation'>Top level Directory Structure Upon PC-SPAN Installation</a></li>\n<li><a href='#QuickInstallation-UninstallingPC-SPAN'>Uninstalling PC-SPAN</a></li>\n</ul>\n</div></p><h2 id=\"QuickInstallation-ObtainingPC-SPANVersion4\">Obtaining PC-SPAN Version 4</h2><p><br/></p><p>Complementary copies of PC-SPAN software can be downloaded through CME Core by all users. To Download,\u00a0log on to<span>\u00a0</span><a class=\"external-link\" href=\"https://cmecore.cmegroup.com/core/\" rel=\"nofollow\" style=\"text-decoration: none;\">CME Core</a><span>\u00a0</span>with your CME Group Login, or create a new one. Navigate to the downloads center, and then to software. Download the most recent version of PC-SPAN, selecting the 32 bit option.</p><p>For example, the file might be named\u00a0<strong>PCSpan_x64_4.5.610_A_73.zip</strong>\u00a0to indicate that it is for &quot;build number 610&quot; of PC-SPAN 4.5.\u00a0 You can download this file to any convenient directory on your hard disk or network drive. For example directory\u00a0\u00a0<strong>C:\\Users\\&lt;User-ID&gt;\\Downloads</strong>\u00a0would be a logical place to store the installation file you have downloaded.\u00a0</p><h2 id=\"QuickInstallation-StartingthePC-SPANversion4installation\">Starting the PC-SPAN version 4 installation</h2><ul><li>Close any other programs which may be running.</li><li>Using the Windows Explorer, the &quot;My Computer&quot; folder, or the &quot;Run...&quot; command from the Start menu, find the downloaded installation file -- for example, &quot;PCSpan_x64_4.5.610_A_73.zip&quot;.</li><li>Upzip the file and run &quot;setup.exe&quot; to install.</li><li><p>If you have a previous version of PC-SPAN installed, please uninstall it first or the setup wizard will detect the existing one and prompt to uninstall first.</p></li></ul><h2 id=\"QuickInstallation-PC-SPANVersion4InstallationProcess\">PC-SPAN Version 4 Installation Process</h2><p><span class=\"confluence-embedded-file-wrapper confluence-embedded-manual-size\"><span class=\"confluence-embedded-file-wrapper confluence-embedded-manual-size\"><img class=\"confluence-embedded-image\" height=\"250\" src=\"https://cmegroupclientsite.atlassian.net/wiki/download/attachments/457082941/image2019-10-31_16-31-0.png?api=v2\"></span></span></p><p><br/></p><p>Select\u00a0<strong>Next</strong>\u00a0to continue the installation. Tthe PC-SPAN version 4\u00a0<strong>software license agreement screen</strong>\u00a0will display:</p><p>\u00a0\u00a0<span class=\"confluence-embedded-file-wrapper\"><span class=\"confluence-embedded-file-wrapper confluence-embedded-manual-size\"><span class=\"confluence-embedded-file-wrapper confluence-embedded-manual-size\"><img class=\"confluence-embedded-image\" height=\"250\" src=\"https://cmegroupclientsite.atlassian.net/wiki/download/attachments/457082941/image2019-10-31_16-33-10.png?api=v2\"></span></span></span></p><p>Please<span>\u00a0</span><strong>read</strong><span>\u00a0</span>the entire agreement.\u00a0 If you accept its terms, select\u00a0<strong>Yes</strong>\u00a0to continue.\u00a0 Otherwise, click\u00a0<strong>No</strong>\u00a0to abort the installation.</p><p>Next, the\u00a0<strong>Choose Destination Location</strong>\u00a0screen will display, so that you can select the location where PC-SPAN version 4 will be installed:</p><p align=\"left\"><span class=\"confluence-embedded-file-wrapper\"><span class=\"confluence-embedded-file-wrapper confluence-embedded-manual-size\"><span class=\"confluence-embedded-file-wrapper confluence-embedded-manual-size\"><img class=\"confluence-embedded-image\" height=\"250\" src=\"https://cmegroupclientsite.atlassian.net/wiki/download/attachments/457082941/image2019-10-31_16-36-40.png?api=v2\"></span></span></span></p><p align=\"left\">\u00a0You can specify any directory on any drive (hard disk or network drive).\u00a0 As you can see, the default location is\u00a0<strong>C:\\SPAN4\u00a0</strong>(recommended).\u00a0</p><p align=\"left\">C<span>lick\u00a0</span><strong>Next</strong><span>\u00a0to continue.\u00a0 If the destination directory does not already exist, you will be prompted for confirmation that it should be created.</span></p><p>The installation program will now install PC-SPAN. A shortcut PC-SPAN icon will be placed on the desktop.</p><p><span class=\"confluence-embedded-file-wrapper confluence-embedded-manual-size\"><span class=\"confluence-embedded-file-wrapper confluence-embedded-manual-size\"><img class=\"confluence-embedded-image\" height=\"250\" src=\"https://cmegroupclientsite.atlassian.net/wiki/download/attachments/457082941/image2019-10-31_16-39-27.png?api=v2\"></span></span></p><p>Click Close to exit installation process.</p><h2 id=\"QuickInstallation-ToplevelDirectoryStructureUponPC-SPANInstallation\">Top level Directory Structure Upon PC-SPAN Installation</h2><p>&lt;Drive&gt;:\\Span4\\Bin<br/>&lt;Drive&gt;:\\Span4\\Data<br/>&lt;Drive&gt;:\\Span4\\Doc<br/>&lt;Drive&gt;:\\Span4\\Master<br/>&lt;Drive&gt;:\\Span4\\Reports<br/>&lt;Drive&gt;:\\Span4\\RptModule</p><h2 id=\"QuickInstallation-UninstallingPC-SPAN\">Uninstalling PC-SPAN</h2><p>PC-SPAN can be easily uninstalled using standard\u00a0<strong>Add/Remove Programs</strong>\u00a0dialog in Windows\u00a0<strong>Control Panel</strong>.</p><p><br/></p><p><br/></p>"
        }
    },
    "status": "current",
    "title": "Quick Installation",
    "id": "457082941",
    "_links": {
        "editui": "/pages/resumedraft.action?draftId=457082941",
        "webui": "/spaces/pubsub/pages/457082941/Quick+Installation",
        "edituiv2": "/spaces/pubsub/pages/edit-v2/457082941",
        "tinyui": "/x/PYg_Gw",
        "base": "https://cmegroupclientsite.atlassian.net/wiki"
    }
}