{
    "parentId": "457083087",
    "spaceId": "457312811",
    "ownerId": "60653f79352e1e0069fb728f",
    "lastOwnerId": null,
    "createdAt": "2024-12-21T16:43:04.632Z",
    "authorId": "60653f79352e1e0069fb728f",
    "parentType": "page",
    "version": {
        "number": 1,
        "message": "",
        "minorEdit": false,
        "authorId": "60653f79352e1e0069fb728f",
        "createdAt": "2024-12-21T16:43:06.183Z"
    },
    "position": 281250305,
    "body": {
        "export_view": {
            "representation": "export_view",
            "value": "<p style=\"text-align: left;\">Please see:</p><p style=\"text-align: left;\"><strong><a href=\"https://www.cmegroup.com/clearing/files/spanrisk.doc\" class=\"external-link\" rel=\"nofollow\">Word File</a></strong></p><p style=\"text-align: left;\"><strong><a href=\"https://www.cmegroup.com/clearing/files/spanrisk.xsd\" class=\"external-link\" rel=\"nofollow\">XLS File</a></strong></p><p style=\"text-align: left;\"><br/></p>"
        }
    },
    "status": "current",
    "title": "XML-based Risk Parameter File",
    "id": "457083551",
    "_links": {
        "editui": "/pages/resumedraft.action?draftId=457083551",
        "webui": "/spaces/pubsub/pages/457083551/XML-based+Risk+Parameter+File",
        "edituiv2": "/spaces/pubsub/pages/edit-v2/457083551",
        "tinyui": "/x/n4o_Gw",
        "base": "https://cmegroupclientsite.atlassian.net/wiki"
    }
}