{
    "parentId": "457083087",
    "spaceId": "457312811",
    "ownerId": "60653f79352e1e0069fb728f",
    "lastOwnerId": null,
    "createdAt": "2024-12-21T16:42:57.250Z",
    "authorId": "60653f79352e1e0069fb728f",
    "parentType": "page",
    "version": {
        "number": 1,
        "message": "",
        "minorEdit": false,
        "authorId": "60653f79352e1e0069fb728f",
        "createdAt": "2024-12-21T16:42:58.810Z"
    },
    "position": 281249152,
    "body": {
        "export_view": {
            "representation": "export_view",
            "value": "<p><a href=\"https://cmegroupclientsite.atlassian.net/wiki/spaces/pubsub/pages/457083445/Risk+Parameter+File+Layouts+for+the+Positional+Formats\">Currency Codes Recognized</a><br/><br/></p><ul><li>Type &quot;0&quot; Records - Exchange Complex Header - <a href=\"https://cmegroupclientsite.atlassian.net/wiki/spaces/pubsub/pages/457411411/Type+0+Records+-+Standard\" data-linked-resource-id=\"457411411\" data-linked-resource-version=\"1\" data-linked-resource-type=\"page\">Standard Format</a>\u00a0|\u00a0<a href=\"https://cmegroupclientsite.atlassian.net/wiki/spaces/pubsub/pages/457411411/Type+0+Records+-+Standard\" data-linked-resource-id=\"457411411\" data-linked-resource-version=\"1\" data-linked-resource-type=\"page\">Expanded Format and Paris Expanded Format</a></li><li>Type &quot;1&quot; Records - Exchange Header - <a href=\"https://cmegroupclientsite.atlassian.net/wiki/spaces/pubsub/pages/457214858/Type+1+Records+-+Standard\" data-linked-resource-id=\"457214858\" data-linked-resource-version=\"1\" data-linked-resource-type=\"page\">Standard Format</a>\u00a0|\u00a0<a href=\"https://cmegroupclientsite.atlassian.net/wiki/spaces/pubsub/pages/457314235/Type+1+Records+-+Expanded+and+Paris\" data-linked-resource-id=\"457314235\" data-linked-resource-version=\"1\" data-linked-resource-type=\"page\">Expanded Format and Paris Expanded Format</a></li><li>Type &quot;2&quot; Records - Combined Commodity Definition - <a href=\"https://cmegroupclientsite.atlassian.net/wiki/spaces/pubsub/pages/457314153/Type+2+Record+-+Standard\" data-linked-resource-id=\"457314153\" data-linked-resource-version=\"1\" data-linked-resource-type=\"page\">Standard Format</a>\u00a0|\u00a0<a href=\"https://cmegroupclientsite.atlassian.net/wiki/spaces/pubsub/pages/457215340/Type+2+-+Expanded\" data-linked-resource-id=\"457215340\" data-linked-resource-version=\"1\" data-linked-resource-type=\"page\">Expanded Format</a>\u00a0|\u00a0<a href=\"https://cmegroupclientsite.atlassian.net/wiki/spaces/pubsub/pages/457214982/Type+2+-+Paris+Expanded\" data-linked-resource-id=\"457214982\" data-linked-resource-version=\"1\" data-linked-resource-type=\"page\">Paris Expanded Format</a></li><li>Type &quot;3&quot; Records - Intracommodity Spread Charge Parameters - <a href=\"https://cmegroupclientsite.atlassian.net/wiki/spaces/pubsub/pages/457411562/Type+3+Record+-+Standard\" data-linked-resource-id=\"457411562\" data-linked-resource-version=\"1\" data-linked-resource-type=\"page\">Standard Format</a>\u00a0|\u00a0<a href=\"https://cmegroupclientsite.atlassian.net/wiki/spaces/pubsub/pages/457084156/Type+3+-+Expanded\" data-linked-resource-id=\"457084156\" data-linked-resource-version=\"1\" data-linked-resource-type=\"page\">Expanded Format</a>\u00a0|\u00a0<a href=\"https://cmegroupclientsite.atlassian.net/wiki/spaces/pubsub/pages/457411666/Type+3+-+Paris+Expanded\" data-linked-resource-id=\"457411666\" data-linked-resource-version=\"1\" data-linked-resource-type=\"page\">Paris Expanded Format</a></li><li>Type &quot;4&quot; Records - Delivery (Spot) Charge Parameters - <a href=\"https://cmegroupclientsite.atlassian.net/wiki/spaces/pubsub/pages/457314082/Type+4+Record+-+Standard\" data-linked-resource-id=\"457314082\" data-linked-resource-version=\"1\" data-linked-resource-type=\"page\">Standard Format</a>\u00a0|\u00a0<a href=\"https://cmegroupclientsite.atlassian.net/wiki/spaces/pubsub/pages/457411883/Type+4+-+Expanded\" data-linked-resource-id=\"457411883\" data-linked-resource-version=\"1\" data-linked-resource-type=\"page\">Expanded Format</a>\u00a0|\u00a0<a href=\"https://cmegroupclientsite.atlassian.net/wiki/spaces/pubsub/pages/457215357/Type+4+-+Paris+Expanded\" data-linked-resource-id=\"457215357\" data-linked-resource-version=\"1\" data-linked-resource-type=\"page\">Paris Expanded Format</a></li><li>Type &quot;5&quot; Records - Combined Commodity Groups - <a href=\"https://cmegroupclientsite.atlassian.net/wiki/spaces/pubsub/pages/457411492/Type+5+Record+-+Standard\" data-linked-resource-id=\"457411492\" data-linked-resource-version=\"1\" data-linked-resource-type=\"page\">Standard Format</a>\u00a0|\u00a0<a href=\"https://cmegroupclientsite.atlassian.net/wiki/spaces/pubsub/pages/457314351/Type+5+-+Expanded\" data-linked-resource-id=\"457314351\" data-linked-resource-version=\"1\" data-linked-resource-type=\"page\">Expanded Format&nbsp;</a>|\u00a0<a href=\"https://cmegroupclientsite.atlassian.net/wiki/spaces/pubsub/pages/457314372/Type+5+-+Paris+Expanded\" data-linked-resource-id=\"457314372\" data-linked-resource-version=\"1\" data-linked-resource-type=\"page\">Paris Expanded Format</a></li><li>Type &quot;6&quot; Records - Intercommodity Spreads - <a href=\"https://cmegroupclientsite.atlassian.net/wiki/spaces/pubsub/pages/457083904/Type+6+Record+-+Standard\" data-linked-resource-id=\"457083904\" data-linked-resource-version=\"1\" data-linked-resource-type=\"page\">Standard Format</a>\u00a0|\u00a0<a href=\"https://cmegroupclientsite.atlassian.net/wiki/spaces/pubsub/pages/457314509/Type+6+-+Expanded\" data-linked-resource-id=\"457314509\" data-linked-resource-version=\"1\" data-linked-resource-type=\"page\">Expanded Format</a>\u00a0|\u00a0<a href=\"https://cmegroupclientsite.atlassian.net/wiki/spaces/pubsub/pages/457215224/Type+6+-+Paris+Expanded\" data-linked-resource-id=\"457215224\" data-linked-resource-version=\"1\" data-linked-resource-type=\"page\">Paris Expanded Format</a></li><li>Type &quot;8&quot; Records - Risk Arrays - <a href=\"https://cmegroupclientsite.atlassian.net/wiki/spaces/pubsub/pages/457314279/Type+8+Records+-+Standard\" data-linked-resource-id=\"457314279\" data-linked-resource-version=\"1\" data-linked-resource-type=\"page\">Standard Formats</a> (both Unpacked and Packed)\u00a0|\u00a0<a href=\"https://cmegroupclientsite.atlassian.net/wiki/spaces/pubsub/pages/457083725/Type+8+-+Expanded\" data-linked-resource-id=\"457083725\" data-linked-resource-version=\"1\" data-linked-resource-type=\"page\">Expanded Format</a>\u00a0|\u00a0<a href=\"https://cmegroupclientsite.atlassian.net/wiki/spaces/pubsub/pages/457314428/Type+8+-+Paris+Expanded\" data-linked-resource-id=\"457314428\" data-linked-resource-version=\"1\" data-linked-resource-type=\"page\">Paris Expanded Format</a></li><li>Type &quot;9&quot; Records - Debt Securities - <a href=\"https://cmegroupclientsite.atlassian.net/wiki/spaces/pubsub/pages/457215013/Type+9+Records+-+Standard\" data-linked-resource-id=\"457215013\" data-linked-resource-version=\"1\" data-linked-resource-type=\"page\">Standard Format</a>\u00a0|\u00a0<a href=\"https://cmegroupclientsite.atlassian.net/wiki/spaces/pubsub/pages/457411595/Type+9+-+Expanded\" data-linked-resource-id=\"457411595\" data-linked-resource-version=\"1\" data-linked-resource-type=\"page\">Expanded Format</a></li><li>Type &quot;9&quot; Records - Liquidation Risk Prices - <a href=\"https://cmegroupclientsite.atlassian.net/wiki/spaces/pubsub/pages/457083772/Type+9+-+Paris+Expanded\" data-linked-resource-id=\"457083772\" data-linked-resource-version=\"1\" data-linked-resource-type=\"page\">Paris Expanded Format</a></li><li>Type &quot;B&quot; Records - Array Calculation Parameters - <a href=\"https://cmegroupclientsite.atlassian.net/wiki/spaces/pubsub/pages/457314222/Type+B+Record+-+Standard\" data-linked-resource-id=\"457314222\" data-linked-resource-version=\"1\" data-linked-resource-type=\"page\">Standard Format</a>\u00a0|\u00a0<a href=\"https://cmegroupclientsite.atlassian.net/wiki/spaces/pubsub/pages/457215159/Type+B+-+Expanded\" data-linked-resource-id=\"457215159\" data-linked-resource-version=\"1\" data-linked-resource-type=\"page\">Expanded Format</a>\u00a0|\u00a0<a href=\"https://cmegroupclientsite.atlassian.net/wiki/spaces/pubsub/pages/457411644/Type+B+-+Paris+Expanded\" data-linked-resource-id=\"457411644\" data-linked-resource-version=\"1\" data-linked-resource-type=\"page\">Paris Expanded Format</a></li><li>Type &quot;C&quot; Records - Tier to Tier Intracommodity Spreads - <a href=\"https://cmegroupclientsite.atlassian.net/wiki/spaces/pubsub/pages/457215146/Type+C+Record+-+Standard\" data-linked-resource-id=\"457215146\" data-linked-resource-version=\"1\" data-linked-resource-type=\"page\">Standard Format</a>\u00a0|\u00a0<a href=\"https://cmegroupclientsite.atlassian.net/wiki/spaces/pubsub/pages/457411817/Type+C+-+Expanded+Format+and+Paris+Expanded\" data-linked-resource-id=\"457411817\" data-linked-resource-version=\"1\" data-linked-resource-type=\"page\">Expanded Format and Paris Expanded Format</a></li><li>Type &quot;E&quot; Records - Series to Series Intracommodity Spreads - <a href=\"https://cmegroupclientsite.atlassian.net/wiki/spaces/pubsub/pages/457215179/Type+E+Record+-+Standard\" data-linked-resource-id=\"457215179\" data-linked-resource-version=\"1\" data-linked-resource-type=\"page\">Standard and Expanded Format</a></li><li>Type &quot;P&quot; Records - Price Conversion Parameters - <a href=\"https://cmegroupclientsite.atlassian.net/wiki/spaces/pubsub/pages/457083966/Type+P+Record+-+Standard+and+Expanded\" data-linked-resource-id=\"457083966\" data-linked-resource-version=\"1\" data-linked-resource-type=\"page\">Standard and Expanded Format</a>\u00a0|\u00a0<a href=\"https://cmegroupclientsite.atlassian.net/wiki/spaces/pubsub/pages/457084126/Type+P+-+Paris+Expanded\" data-linked-resource-id=\"457084126\" data-linked-resource-version=\"1\" data-linked-resource-type=\"page\">Paris Expanded Format</a></li><li>Type &quot;R&quot; Records - Commodity (Product) Redefinition - <a href=\"https://cmegroupclientsite.atlassian.net/wiki/spaces/pubsub/pages/457083949/Type+R+Record+-+Standard\" data-linked-resource-id=\"457083949\" data-linked-resource-version=\"1\" data-linked-resource-type=\"page\">Standard Format&nbsp;</a>|\u00a0<a href=\"https://cmegroupclientsite.atlassian.net/wiki/spaces/pubsub/pages/457083828/Type+R+-+Expanded\" data-linked-resource-id=\"457083828\" data-linked-resource-version=\"1\" data-linked-resource-type=\"page\">Expanded Format</a></li><li>Type &quot;S&quot; Records - Scanning Tiers - <a href=\"https://cmegroupclientsite.atlassian.net/wiki/spaces/pubsub/pages/457314413/Type+S+Record+-+Standard\" data-linked-resource-id=\"457314413\" data-linked-resource-version=\"1\" data-linked-resource-type=\"page\">Standard Format</a>\u00a0|\u00a0<a href=\"https://cmegroupclientsite.atlassian.net/wiki/spaces/pubsub/pages/457411852/Type+S+-+Expanded+Format+and+Paris+Expanded\" data-linked-resource-id=\"457411852\" data-linked-resource-version=\"1\" data-linked-resource-type=\"page\">Expanded Format and Paris Expanded Format</a></li><li>Type &quot;T&quot; Records - Currency Conversion Rates - <a href=\"https://cmegroupclientsite.atlassian.net/wiki/spaces/pubsub/pages/457314479/Type+T+Record+-+Standard+and+Expanded\" data-linked-resource-id=\"457314479\" data-linked-resource-version=\"1\" data-linked-resource-type=\"page\">Standard and Expanded Format</a>\u00a0|\u00a0<a href=\"https://cmegroupclientsite.atlassian.net/wiki/spaces/pubsub/pages/457411456/Type+T+-+Paris+Expanded\" data-linked-resource-id=\"457411456\" data-linked-resource-version=\"1\" data-linked-resource-type=\"page\">Paris Expanded Format</a></li><li>Type &quot;V&quot; Records - Daily Adjustment Rates / Value Maintenance Rates - <a href=\"https://cmegroupclientsite.atlassian.net/wiki/spaces/pubsub/pages/457411768/Type+V+Record+-+Standard\" data-linked-resource-id=\"457411768\" data-linked-resource-version=\"1\" data-linked-resource-type=\"page\">Standard Format</a>\u00a0|\u00a0<a href=\"https://cmegroupclientsite.atlassian.net/wiki/spaces/pubsub/pages/457314015/Type+V+-+Expanded\" data-linked-resource-id=\"457314015\" data-linked-resource-version=\"1\" data-linked-resource-type=\"page\">Expanded Format</a></li><li>Type &quot;X&quot; Records - Combination Margining Method - <a href=\"https://cmegroupclientsite.atlassian.net/wiki/spaces/pubsub/pages/457084084/Type+X+Record+-+Standard+and+Expanded\" data-linked-resource-id=\"457084084\" data-linked-resource-version=\"1\" data-linked-resource-type=\"page\">Standard and Expanded Format</a></li><li>Type &quot;Y&quot; Records - Option on Combination Product Family Definition - <a href=\"https://cmegroupclientsite.atlassian.net/wiki/spaces/pubsub/pages/457215294/Type+Y+Record+-+Standard+and+Expanded\" data-linked-resource-id=\"457215294\" data-linked-resource-version=\"1\" data-linked-resource-type=\"page\">Standard and Expanded Format</a></li><li>Type &quot;Z&quot; Records - Combination Underlying Legs - <a href=\"https://cmegroupclientsite.atlassian.net/wiki/spaces/pubsub/pages/457215263/Type+Z+Record+-+Standard+and+Expanded\" data-linked-resource-id=\"457215263\" data-linked-resource-version=\"1\" data-linked-resource-type=\"page\">Standard and Expanded Format</a></li></ul><p>These pages contain the comprehensive description of file layouts for four\u00a0<strong>positional formats</strong>\u00a0for SPAN risk parameter files -- the\u00a0<strong>unpacked</strong>\u00a0format, the\u00a0<strong>packed</strong>\u00a0format, the\u00a0<strong>expanded unpacked</strong>\u00a0format, and the\u00a0<strong>Paris expanded</strong>\u00a0format.</p><ul><li>the\u00a0<strong>unpacked format</strong>\u00a0is the original format with 80-byte records and two-byte product codes, still widely used;<br/><br/></li><li>the\u00a0<strong>packed</strong>\u00a0<strong>format</strong>\u00a0is a variant on the unpacked format optimized for programmers accustomed to receiving data in EBCDIC and COBOL COMP-3 (packed decimal) format.\u00a0 Only CME and CBOT produce their SPAN files in this format, and this is\u00a0<strong>in addition to</strong>\u00a0the unpacked format.<br/><br/></li><li>the\u00a0<strong>expanded unpacked format</strong>\u00a0is an extension of the original unpacked format to add support for long product codes (up to 10 bytes), long combined commodity codes (up to 6 bytes), and explicit recognition of different product types.\u00a0 Most exchanges which have adopted SPAN more recently provide their SPAN files in this format.<br/>\u00a0</li><li>the\u00a0<strong>Paris expanded format</strong>\u00a0is a variant of the expanded unpacked format originally introduced by\u00a0<a href=\"http://www.bourse-de-paris.fr/defaultgb.htm\" class=\"external-link\" rel=\"nofollow\">Euronext</a>\u00a0and\u00a0<a href=\"http://www.clearnetsa.com/\" class=\"external-link\" rel=\"nofollow\">Clearnet SA</a>\u00a0in Paris, which uses this format for its\u00a0<a href=\"http://www.clearnetsa.com/clearing/\" class=\"external-link\" rel=\"nofollow\">SPAN files for the MATIF and Monep markets</a>.</li></ul><p>Please note that: the\u00a0<a href=\"http://www.lch.co.uk/\" class=\"external-link\" rel=\"nofollow\">London Clearing House</a>\u00a0produces SPAN files for the LIFFE and the other exchanges it clears in the\u00a0<strong>London format</strong>, not described here.</p><h4 id=\"RiskParameterFileLayoutsforthePositionalFormats-SummaryDescriptionofRecordTypes--InLogicalOrder\">Summary Description of Record Types -- In Logical Order</h4><ul><li>The\u00a0<strong>type &quot;0&quot;</strong>\u00a0--\u00a0<strong>Exchange Complex Header</strong>\u00a0-- record is the first and only record in the file in the\u00a0<strong>expanded-unpacked</strong>\u00a0format. It identifies the clearing organization, cross-margin agreement, or other grouping of exchanges to which the file pertains.<br/><br/></li><li>The\u00a0<strong>type &quot;1&quot;</strong>\u00a0--\u00a0<strong>Exchange Header</strong>\u00a0-- record is the first record of a group of records for an exchange. The file may contain groups of records for any number of exchanges. In the standard unpacked or packed format, this is the first record in the file.<br/><br/></li><li><strong>Type &quot;P&quot;</strong>\u00a0records contain\u00a0<strong>price conversion parameters</strong>, such as decimal locators and contract value factors, needed to convert quoted prices into actual contract values.\u00a0 PC-SPAN will read these records and update the Organization Master database, its master repository of supported products.\u00a0 If present, type &quot;P&quot; records for an exchange should immediately follow the type &quot;1&quot; (exchange header) record for that exchange.<br/><br/></li><li>The\u00a0<strong>types &quot;2&quot;, &quot;3&quot; and &quot;4&quot;</strong>\u00a0records provide basic information about each\u00a0<strong>combined commodity</strong>:<br/><br/><ul><li>The\u00a0<strong>type &quot;2&quot;</strong>\u00a0record -- also called the\u00a0<strong>first combined commodity record</strong>\u00a0-- specifies which\u00a0<strong>products (&quot;product families&quot; or &quot;commodities&quot;)</strong>\u00a0are grouped together in this combined commodity, and specifies the\u00a0<strong>performance bond currency</strong>\u00a0in which the performance bond requirement is denominated. In the standard-format files, it also provides the\u00a0<strong>settlement currency</strong>\u00a0for all products in the combined commodity and the\u00a0<strong>currency conversion rate</strong>\u00a0to use for that currency.<br/><br/></li><li>The\u00a0<strong>type &quot;3&quot;</strong>\u00a0record -- also called the\u00a0<strong>second combined commodity record</strong>\u00a0-- provides data specifying how the\u00a0<strong>intracommodity (intermonth) spread charge</strong>\u00a0is calculated. For the standard\u00a0<strong>table-driven, method &quot;10&quot;</strong>\u00a0calculation, it provides the\u00a0<strong>intracommodity spread tier</strong>\u00a0definitions. It also includes the\u00a0<strong>initial to maintenance ratios</strong>\u00a0for the different types of customer accounts.<br/><br/></li><li>The\u00a0<strong>type &quot;4&quot;</strong>\u00a0record -- also called the\u00a0<strong>third combined commodity record</strong>\u00a0-- provides data specifying how the\u00a0<strong>spot (delivery) charge</strong>\u00a0is calculated. It also provides the\u00a0<strong>short option minimum charge rate</strong>\u00a0and the\u00a0<strong>risk maintenance performance bond adjustment factors</strong>\u00a0for the different customer account types.<br/><br/></li></ul></li><li>The\u00a0<strong>types &quot;B&quot;, &quot;C&quot;, &quot;E&quot;, &quot;S&quot;</strong>\u00a0and\u00a0<strong>&quot;V&quot;\u00a0</strong>records are considered\u00a0<strong>subrecords</strong>\u00a0of the types &quot;2&quot;, &quot;3&quot; and &quot;4&quot; records for the combined commodity:<br/><br/><ul><li><strong>Type &quot;B&quot;</strong>\u00a0records --\u00a0<strong>SPAN risk array calculation parameters</strong>\u00a0records -- contain parameters such as the\u00a0<strong>price scan range</strong>,\u00a0<strong>volatility scan range</strong>,\u00a0<strong>expiration date</strong>\u00a0and\u00a0<strong>time to expiration</strong>\u00a0for each future and each option series. This data is not required for the performance bond calculation, except for the important\u00a0<strong>delta-scaling factors</strong>. Reading the delta-scaling factors from the type &quot;B&quot; records, and using them in the SPAN calculation, are critical to properly calculate SPAN requirements for portfolios including the CME's E-Mini and standard S&amp;P 500 futures and options, the CME's Eurodollar contracts, and the Chicago Board of Trade's interest rate futures and options.<br/><br/></li><li><strong>Type &quot;C&quot;</strong>\u00a0records contain specific\u00a0<strong>&quot;tier to tier&quot; intracommodity spreads</strong>\u00a0-- this is the table of intracommodity spreads in the table-driven calculation.<br/><br/></li><li>The new\u00a0<strong>Type &quot;E&quot;</strong>\u00a0records contain specific\u00a0<strong>&quot;series to series&quot; intracommodity spreads</strong>\u00a0-- part of the new enhancement to intracommodity spreading which allows both series-to-series and tier-to-tier spreading.<br/><br/></li><li><strong>Type &quot;S&quot;</strong>\u00a0records provide specifications for\u00a0<strong>tiered scanning</strong>\u00a0where tiered scanning is used -- for example, for the CBOT's catastrophic insurance products.<br/><br/></li><li><strong>Type &quot;V&quot; records,\u00a0</strong>if present, pertain to the CME's TRAKRS<sup>SM</sup>\u00a0futures and indicate that there is a financing cost associated with rolling each position from one day to the next.\u00a0 They provide the rates for the determination of this\u00a0<strong>&quot;Daily Adjustment&quot;</strong>\u00a0cash flow, and also provide parameters which drive the determination of the scan risk using the\u00a0<strong>&quot;Value Maintenance Method&quot;</strong>\u00a0for certain types of customer portfolios.</li></ul></li></ul><ul><li><strong>Type &quot;5&quot; records</strong>\u00a0specify the\u00a0<strong>combined commodity groups</strong>\u00a0and the combined commodities which are in each group.<br/><br/></li><li>The\u00a0<strong>type &quot;6&quot; records</strong>\u00a0provide data about\u00a0<strong>intercommodity spreads</strong>.<br/><br/></li><li><strong>Type &quot;8&quot; records</strong>\u00a0provide the\u00a0<strong>risk array values</strong>, the\u00a0<strong>composite delta</strong>, and the\u00a0<strong>price</strong>\u00a0for each contract. They may also contain the\u00a0<strong>base (starting-point) volatility</strong>\u00a0for each option contract.<br/><br/></li><li><strong>Type &quot;9&quot;</strong>\u00a0records contain data about\u00a0<strong>physical debt securities</strong>\u00a0-- for example,\u00a0<strong>U.S. Treasury bills, bonds, notes, etc.</strong>\u00a0- which will be margined on a\u00a0<strong>futures-equivalent</strong>\u00a0basis. In other words, by converting the physical position into an equivalent futures position, which is then processed in SPAN like any other futures position.<br/><br/></li><li><strong>Types &quot;X&quot;, &quot;Y&quot; and &quot;Z&quot;</strong>\u00a0contain parameters which drive two new special features of SPAN used for processing\u00a0<strong>options on combinations</strong>\u00a0-- the\u00a0<strong>split allocation</strong>\u00a0method, and the\u00a0<strong>delta-split allocation</strong>\u00a0method.<br/><br/></li><li><strong>Type &quot;T&quot;</strong>\u00a0records are used in the expanded unpacked format to specify\u00a0<strong>currency conversion rates</strong>.<br/><br/></li><li><strong>Type &quot;R&quot;</strong>\u00a0records provide\u00a0<strong>commodity redefinition</strong>\u00a0instructions which allow a product on one exchange to be redefined to be part of a combined commodity on another exchange. In the future, the combined commodity will be defined as part of the exchange complex, not the exchange, and this feature will no longer be needed.</li></ul>"
        }
    },
    "status": "current",
    "title": "Risk Parameter File Layouts for the Positional Formats",
    "id": "457083445",
    "_links": {
        "editui": "/pages/resumedraft.action?draftId=457083445",
        "webui": "/spaces/pubsub/pages/457083445/Risk+Parameter+File+Layouts+for+the+Positional+Formats",
        "edituiv2": "/spaces/pubsub/pages/edit-v2/457083445",
        "tinyui": "/x/NYo_Gw",
        "base": "https://cmegroupclientsite.atlassian.net/wiki"
    }
}