{
    "parentId": "457083087",
    "ownerId": "60653f79352e1e0069fb728f",
    "lastOwnerId": null,
    "createdAt": "2024-12-21T16:42:37.329Z",
    "authorId": "60653f79352e1e0069fb728f",
    "parentType": "page",
    "position": 281246652,
    "version": {
        "number": 1,
        "message": "",
        "minorEdit": false,
        "authorId": "60653f79352e1e0069fb728f",
        "createdAt": "2024-12-21T16:42:39.927Z"
    },
    "spaceId": "457312811",
    "body": {
        "export_view": {
            "representation": "export_view",
            "value": "<ul><li><a href=\"https://cmegroupclientsite.atlassian.net/wiki/download/attachments/457083146/spanrisk.dtd?version=1&amp;modificationDate=1734799358894&amp;cacheVersion=1&amp;api=v2\" data-linked-resource-id=\"457313555\" data-linked-resource-version=\"1\" data-linked-resource-type=\"attachment\" data-linked-resource-default-alias=\"spanrisk.dtd\" data-linked-resource-content-type=\"application/xml-dtd\" data-linked-resource-container-id=\"457083146\" data-linked-resource-container-version=\"1\">SPAN Document XML</a>\u00a0- XML format for SPAN Document</li><li><a href=\"https://cmegroupclientsite.atlassian.net/wiki/download/attachments/457083146/posfile.dtd?version=1&amp;modificationDate=1734799357906&amp;cacheVersion=1&amp;api=v2\" data-linked-resource-id=\"457214515\" data-linked-resource-version=\"1\" data-linked-resource-type=\"attachment\" data-linked-resource-default-alias=\"posfile.dtd\" data-linked-resource-content-type=\"application/xml-dtd\" data-linked-resource-container-id=\"457083146\" data-linked-resource-container-version=\"1\">Positions file XML</a>\u00a0- XML format for position files</li><li><a href=\"https://cmegroupclientsite.atlassian.net/wiki/download/attachments/457083146/cntrSpecs.dtd?version=1&amp;modificationDate=1734799357788&amp;cacheVersion=1&amp;api=v2\" data-linked-resource-id=\"457083159\" data-linked-resource-version=\"1\" data-linked-resource-type=\"attachment\" data-linked-resource-default-alias=\"cntrSpecs.dtd\" data-linked-resource-content-type=\"application/xml-dtd\" data-linked-resource-container-id=\"457083146\" data-linked-resource-container-version=\"1\">Contract Specifications XML</a>\u00a0- XML format for contract specifications information</li><li><a href=\"https://cmegroupclientsite.atlassian.net/wiki/download/attachments/457083146/priceFile.dtd?version=1&amp;modificationDate=1734799357783&amp;cacheVersion=1&amp;api=v2\" data-linked-resource-id=\"457313540\" data-linked-resource-version=\"1\" data-linked-resource-type=\"attachment\" data-linked-resource-default-alias=\"priceFile.dtd\" data-linked-resource-content-type=\"application/xml-dtd\" data-linked-resource-container-id=\"457083146\" data-linked-resource-container-version=\"1\">Price update XML</a>\u00a0-- XML format for price and contract updates</li><li><a href=\"https://cmegroupclientsite.atlassian.net/wiki/download/attachments/457083146/tradeFile.dtd?version=1&amp;modificationDate=1734799358941&amp;cacheVersion=1&amp;api=v2\" data-linked-resource-id=\"457083179\" data-linked-resource-version=\"1\" data-linked-resource-type=\"attachment\" data-linked-resource-default-alias=\"tradeFile.dtd\" data-linked-resource-content-type=\"application/xml-dtd\" data-linked-resource-container-id=\"457083146\" data-linked-resource-container-version=\"1\">Trade XML</a>\u00a0-- XML format for posting trades</li><li><a href=\"https://cmegroupclientsite.atlassian.net/wiki/download/attachments/457083146/scenario.dtd?version=1&amp;modificationDate=1734799358794&amp;cacheVersion=1&amp;api=v2\" data-linked-resource-id=\"457083175\" data-linked-resource-version=\"1\" data-linked-resource-type=\"attachment\" data-linked-resource-default-alias=\"scenario.dtd\" data-linked-resource-content-type=\"application/xml-dtd\" data-linked-resource-container-id=\"457083146\" data-linked-resource-container-version=\"1\">Scenario XML</a>\u00a0-- XML format for storing what-if scenario</li><li><a href=\"https://cmegroupclientsite.atlassian.net/wiki/download/attachments/457083146/tradeRegister.dtd?version=1&amp;modificationDate=1734799359093&amp;cacheVersion=1&amp;api=v2\" data-linked-resource-id=\"457214545\" data-linked-resource-version=\"1\" data-linked-resource-type=\"attachment\" data-linked-resource-default-alias=\"tradeRegister.dtd\" data-linked-resource-content-type=\"application/xml-dtd\" data-linked-resource-container-id=\"457083146\" data-linked-resource-container-version=\"1\">Trade Register XML&nbsp;</a>-- XML format for keeping Trade Register</li></ul>"
        }
    },
    "status": "current",
    "title": "Additional XML formats recognized by PC-SPAN",
    "id": "457083146",
    "_links": {
        "editui": "/pages/resumedraft.action?draftId=457083146",
        "webui": "/spaces/pubsub/pages/457083146/Additional+XML+formats+recognized+by+PC-SPAN",
        "edituiv2": "/spaces/pubsub/pages/edit-v2/457083146",
        "tinyui": "/x/Cok_Gw",
        "base": "https://cmegroupclientsite.atlassian.net/wiki"
    }
}