{
    "parentId": "457083087",
    "lastOwnerId": null,
    "ownerId": "60653f79352e1e0069fb728f",
    "createdAt": "2024-12-21T16:42:42.695Z",
    "authorId": "60653f79352e1e0069fb728f",
    "parentType": "page",
    "position": 281247052,
    "version": {
        "number": 1,
        "message": "",
        "minorEdit": false,
        "authorId": "60653f79352e1e0069fb728f",
        "createdAt": "2024-12-21T16:42:44.349Z"
    },
    "body": {
        "export_view": {
            "representation": "export_view",
            "value": "<p>PC-SPAN versions 3 and 4 support this standard portfolio data file layout as well as the\u00a0<a href=\"https://cmegroupclientsite.atlassian.net/wiki/spaces/pubsub/pages/457313617/Expanded+Portfolio+Data+File+Layout\" data-linked-resource-id=\"457313617\" data-linked-resource-version=\"1\" data-linked-resource-type=\"page\">&quot;expanded&quot; file layout</a>. It is a standard ASCII text file.\u00a0 PC-SPAN version 4 also supports the\u00a0XML-based position file format<a href=\"http://www.cme-ch.com/span/spanl201.htm\" class=\"external-link\" rel=\"nofollow\">.</a></p><p>In PC-SPAN version 3 only, the standard-format portfolio data file must be named\u00a0<strong>SAMPLEINPUT.pos</strong>\u00a0and must be placed in the Data File Directory, typically\u00a0<strong>C:\\SPAN\\DATA</strong>.</p><p>The record types are as follows:</p><p><style type='text/css'>/*<![CDATA[*/\ndiv.rbtoc1741792362381 {padding: 0px;}\ndiv.rbtoc1741792362381 ul {list-style: disc;margin-left: 0px;}\ndiv.rbtoc1741792362381 li {margin-left: 0px;padding-left: 0px;}\n\n/*]]>*/</style><div class='toc-macro rbtoc1741792362381'>\n<ul class='toc-indentation'>\n<li><a href='#StandardPortfolioDataFileLayout-RecordType1-HeaderRecord'>Record Type 1 - Header Record</a></li>\n<li><a href='#StandardPortfolioDataFileLayout-RecordType2-PortfolioRecord'>Record Type 2 - Portfolio Record</a></li>\n<li><a href='#StandardPortfolioDataFileLayout-RecordType3-PositionRecord'>Record Type 3 - Position Record</a></li>\n<li><a href='#StandardPortfolioDataFileLayout-RecordType4-PhysicalPositionRecord'>Record Type 4 - Physical Position Record</a></li>\n</ul>\n</div></p><p>A <a href=\"https://cmegroup.com/clearing/files/SAMPLEINPUT.pos\" class=\"external-link\" rel=\"nofollow\">SAMPLEINPUT.pos</a> file is also available.</p><hr/><h3 id=\"StandardPortfolioDataFileLayout-RecordType1-HeaderRecord\">Record Type 1 - Header Record</h3><div class=\"table-wrap\"><table class=\"wrapped confluenceTable\"><colgroup><col/><col/><col/><col/><col/><col/></colgroup><tbody><tr><th class=\"confluenceTh\">Length</th><th class=\"confluenceTh\">From</th><th class=\"confluenceTh\">To</th><th class=\"confluenceTh\">Datatype</th><th class=\"confluenceTh\">Format</th><th class=\"confluenceTh\">Description and Comments</th></tr><tr><td class=\"confluenceTd\">1</td><td class=\"confluenceTd\">1</td><td class=\"confluenceTd\">1</td><td class=\"confluenceTd\">AN</td><td class=\"confluenceTd\">X(1)</td><td class=\"confluenceTd\">Record ID - &quot;1&quot;</td></tr><tr><td class=\"confluenceTd\">2</td><td class=\"confluenceTd\">2</td><td class=\"confluenceTd\">3</td><td class=\"confluenceTd\">-</td><td class=\"confluenceTd\">-</td><td class=\"confluenceTd\">Filler</td></tr><tr><td class=\"confluenceTd\">8</td><td class=\"confluenceTd\">4</td><td class=\"confluenceTd\">11</td><td class=\"confluenceTd\">N</td><td class=\"confluenceTd\">9(8)</td><td class=\"confluenceTd\">Business Date as YYYYMMDD</td></tr><tr><td class=\"confluenceTd\">1</td><td class=\"confluenceTd\">12</td><td class=\"confluenceTd\">12</td><td class=\"confluenceTd\">A</td><td class=\"confluenceTd\">X</td><td class=\"confluenceTd\">File identifier -\u00a0<strong>S</strong>\u00a0for final settlement,\u00a0<strong>E</strong>\u00a0for early (preliminary) settlement,\u00a0<strong>G</strong>\u00a0for electronic (GLOBEX) trading hours, or\u00a0<strong>I</strong>\u00a0for intra-day.</td></tr><tr><td class=\"confluenceTd\">4</td><td class=\"confluenceTd\">13</td><td class=\"confluenceTd\">16</td><td class=\"confluenceTd\">N</td><td class=\"confluenceTd\">9(4)</td><td class=\"confluenceTd\">Business Time as HHMM</td></tr><tr><td class=\"confluenceTd\">8</td><td class=\"confluenceTd\">17</td><td class=\"confluenceTd\">24</td><td class=\"confluenceTd\">N</td><td class=\"confluenceTd\">9(8)</td><td class=\"confluenceTd\">File Creation Date as YYYYMMDD</td></tr><tr><td class=\"confluenceTd\">4</td><td class=\"confluenceTd\">25</td><td class=\"confluenceTd\">28</td><td class=\"confluenceTd\">N</td><td class=\"confluenceTd\">9(4)</td><td class=\"confluenceTd\">File Creation Time as HHMM</td></tr><tr><td class=\"confluenceTd\">1</td><td class=\"confluenceTd\">29</td><td class=\"confluenceTd\">29</td><td class=\"confluenceTd\">AN</td><td class=\"confluenceTd\">X(1)</td><td class=\"confluenceTd\">File format - &quot;S&quot; for standard.\u00a0 Blank, null or any value other than &quot;E&quot; implies standard format.</td></tr></tbody></table></div><hr/><h3 id=\"StandardPortfolioDataFileLayout-RecordType2-PortfolioRecord\">Record Type 2 - Portfolio Record</h3><p><br/></p><div class=\"table-wrap\"><table class=\"wrapped confluenceTable\"><colgroup><col/><col/><col/><col/><col/><col/></colgroup><tbody><tr><th class=\"confluenceTh\">Length</th><th class=\"confluenceTh\">From</th><th class=\"confluenceTh\">To</th><th class=\"confluenceTh\">Datatype</th><th class=\"confluenceTh\">Format</th><th class=\"confluenceTh\">Description and Comments</th></tr><tr><td class=\"confluenceTd\">1</td><td class=\"confluenceTd\">1</td><td class=\"confluenceTd\">1</td><td class=\"confluenceTd\">AN</td><td class=\"confluenceTd\">X(1)</td><td class=\"confluenceTd\">Record ID - &quot;2&quot;</td></tr><tr><td class=\"confluenceTd\">3</td><td class=\"confluenceTd\">2</td><td class=\"confluenceTd\">4</td><td class=\"confluenceTd\">AN</td><td class=\"confluenceTd\">X(3)</td><td class=\"confluenceTd\">Clearing Member Firm</td></tr><tr><td class=\"confluenceTd\">20</td><td class=\"confluenceTd\">5</td><td class=\"confluenceTd\">24</td><td class=\"confluenceTd\">AN</td><td class=\"confluenceTd\">X(20)</td><td class=\"confluenceTd\">Account Number / ID</td></tr><tr><td class=\"confluenceTd\">1</td><td class=\"confluenceTd\">25</td><td class=\"confluenceTd\">25</td><td class=\"confluenceTd\">A</td><td class=\"confluenceTd\">X</td><td class=\"confluenceTd\"><p>Account Type:</p><p style=\"text-align: left;\">For client account types when clearing firms are calculating requirements for individual accounts:\u00a0<strong>M</strong>\u00a0for Member Account,\u00a0<strong>H</strong>\u00a0for Hedger Account,\u00a0<strong>S</strong>\u00a0for Spec Account,\u00a0<strong>O</strong>\u00a0for Omnibus Account,\u00a0<strong>Q</strong><span>\u00a0</span>for Omnibus Hedge account.\u00a0</p><p style=\"text-align: left;\">In addition, in 2020 support will be added for\u00a0<strong>R</strong><span>\u00a0</span>for Heightened Risk Profile and\u00a0<strong>X</strong><span>\u00a0</span>for Non-Heightened Risk Profile.\u00a0 Also account type\u00a0<strong>O</strong><span>\u00a0</span>will be redefined as meaning an Omnibus Account with a Heightened Risk Profile and account type\u00a0<strong>Q</strong><span>\u00a0</span>will be redefined as an omnibus account with a Non-Heightened Risk Profile.</p><p style=\"text-align: left;\">Account type\u00a0<strong>F</strong><span>\u00a0</span>is used to specify a clearing firm account when a CCP is margining a clearing firm.</p></td></tr><tr><td class=\"confluenceTd\">1</td><td class=\"confluenceTd\">26</td><td class=\"confluenceTd\">26</td><td class=\"confluenceTd\">A</td><td class=\"confluenceTd\">X</td><td class=\"confluenceTd\">new Portfolio flag:\u00a0<strong>Y</strong>\u00a0or\u00a0<strong>N</strong></td></tr><tr><td class=\"confluenceTd\">12</td><td class=\"confluenceTd\">27</td><td class=\"confluenceTd\">38</td><td class=\"confluenceTd\">N</td><td class=\"confluenceTd\">9(10)V9(2)</td><td class=\"confluenceTd\">Ledger Balance, right justified, with two implied decimal places representing hundredths of a currency unit. For accounts only, not relevant to firms. If negative, with a leading minus sign. If this record is for a firm, enter zero.</td></tr><tr><td class=\"confluenceTd\">12</td><td class=\"confluenceTd\">39</td><td class=\"confluenceTd\">50</td><td class=\"confluenceTd\">N</td><td class=\"confluenceTd\">9(10)V9(2)</td><td class=\"confluenceTd\">Open Trade Equity, right justified, with two implied decimal places. For accounts only, not relevant to firms. If negative, with a leading minus sign. If this record is for a firm, enter zero.</td></tr><tr><td class=\"confluenceTd\">20</td><td class=\"confluenceTd\">51</td><td class=\"confluenceTd\">70</td><td class=\"confluenceTd\">AN</td><td class=\"confluenceTd\">X(20)</td><td class=\"confluenceTd\">Subaccount of: If this record is a Hedge or Spec Subaccount of an Omnibus Account, this field should contain the Omnibus Account number. The\u00a0<strong>2</strong>\u00a0record for the omnibus account must precede the\u00a0<strong>2</strong>\u00a0record for its subaccounts (or the omnibus account portfolio record must already be defined in the PC-SPAN database.)</td></tr><tr><td class=\"confluenceTd\">12</td><td class=\"confluenceTd\">71</td><td class=\"confluenceTd\">82</td><td class=\"confluenceTd\">N</td><td class=\"confluenceTd\">9(10)V9(2)</td><td class=\"confluenceTd\">Securities on Deposit, right justified, with two implied decimal places. For accounts only, not relevant to firms. If this record is for a firm, enter zero.</td></tr><tr><td class=\"confluenceTd\">1</td><td class=\"confluenceTd\">83</td><td class=\"confluenceTd\">83</td><td class=\"confluenceTd\">A</td><td class=\"confluenceTd\">X</td><td class=\"confluenceTd\">Apply User Scaleups? Flag - either\u00a0<strong>Y</strong>\u00a0or\u00a0<strong>N</strong>. If it has been specified on the\u00a0<strong>Maintain System Parameters</strong>\u00a0screen that User Scaleups apply only to\u00a0<strong>designated</strong>\u00a0accounts, this field specifies whether scaleups apply to this particular account.</td></tr><tr><td class=\"confluenceTd\">5</td><td class=\"confluenceTd\">84</td><td class=\"confluenceTd\">88</td><td class=\"confluenceTd\">AN</td><td class=\"confluenceTd\">X(5)</td><td class=\"confluenceTd\">Business Function:\u00a0 for SPAN 4 -- specifies the business function for which this position is defined</td></tr><tr><td class=\"confluenceTd\">5</td><td class=\"confluenceTd\">89</td><td class=\"confluenceTd\">93</td><td class=\"confluenceTd\">AN</td><td class=\"confluenceTd\">X(5)</td><td class=\"confluenceTd\">Clearing Member Firm -- for SPAN 4 -- provides the full five bytes for the clearing member firm ID</td></tr><tr><td class=\"confluenceTd\">15</td><td class=\"confluenceTd\">94</td><td class=\"confluenceTd\">108</td><td class=\"confluenceTd\">AN</td><td class=\"confluenceTd\">X(15)</td><td class=\"confluenceTd\">Performance Bond Account ID:\u00a0 for SPAN 4 -- specifies the PB account</td></tr><tr><td class=\"confluenceTd\">5</td><td class=\"confluenceTd\">109</td><td class=\"confluenceTd\">113</td><td class=\"confluenceTd\">AN</td><td class=\"confluenceTd\">X(5)</td><td class=\"confluenceTd\">Position Segregation Type (Origin):\u00a0 for SPAN 4 -- further identifies the performance bond account to which this position pertains</td></tr><tr><td class=\"confluenceTd\">1</td><td class=\"confluenceTd\">114</td><td class=\"confluenceTd\">114</td><td class=\"confluenceTd\">AN</td><td class=\"confluenceTd\">X(1)</td><td class=\"confluenceTd\"><strong>Customer-Clearing Portfolio Use Long Option Value Flag</strong>\u00a0-\u00a0<strong>N</strong>\u00a0for No, or\u00a0<strong>Y\u00a0</strong>or any other value for Yes.\u00a0\u00a0<strong>Applies only to calculations for clearing-level customer-origin portfolios.</strong>\u00a0 Added for the Common Clearing Link to support specification of whether CBOT positions in customer-origin clearing portfolios should be margined net but without use of Long Option Value, or according to submitted spreads and with full use of Long Option Value.\u00a0 Set to Y if the firm wants CME-style customer-origin margining with full use of LOV, or CBT-style customer-origin margining without use of LOV.</td></tr></tbody></table></div><hr/><h3 id=\"StandardPortfolioDataFileLayout-RecordType3-PositionRecord\">Record Type 3 - Position Record</h3><div class=\"table-wrap\"><table class=\"wrapped confluenceTable\"><colgroup><col/><col/><col/><col/><col/><col/></colgroup><tbody><tr><th class=\"confluenceTh\">Length</th><th class=\"confluenceTh\">From</th><th class=\"confluenceTh\">To</th><th class=\"confluenceTh\">Datatype</th><th class=\"confluenceTh\">Format</th><th class=\"confluenceTh\">Description and Comments</th></tr><tr><td class=\"confluenceTd\">1</td><td class=\"confluenceTd\">1</td><td class=\"confluenceTd\">1</td><td class=\"confluenceTd\">AN</td><td class=\"confluenceTd\">X(1)</td><td class=\"confluenceTd\">Record ID - &quot;3&quot;</td></tr><tr><td class=\"confluenceTd\">3</td><td class=\"confluenceTd\">2</td><td class=\"confluenceTd\">4</td><td class=\"confluenceTd\">AN</td><td class=\"confluenceTd\">X(3)</td><td class=\"confluenceTd\">Clearing Member Firm</td></tr><tr><td class=\"confluenceTd\">20</td><td class=\"confluenceTd\">5</td><td class=\"confluenceTd\">24</td><td class=\"confluenceTd\">AN</td><td class=\"confluenceTd\">X(20)</td><td class=\"confluenceTd\">Account Number / ID</td></tr><tr><td class=\"confluenceTd\">3</td><td class=\"confluenceTd\">25</td><td class=\"confluenceTd\">27</td><td class=\"confluenceTd\">AN</td><td class=\"confluenceTd\">X(3)</td><td class=\"confluenceTd\">Combined Commodity Code</td></tr><tr><td class=\"confluenceTd\">2</td><td class=\"confluenceTd\">28</td><td class=\"confluenceTd\">29</td><td class=\"confluenceTd\">AN</td><td class=\"confluenceTd\">X(2)</td><td class=\"confluenceTd\">Commodity (Product) Code</td></tr><tr><td class=\"confluenceTd\">1</td><td class=\"confluenceTd\">30</td><td class=\"confluenceTd\">30</td><td class=\"confluenceTd\">AN</td><td class=\"confluenceTd\">X(3)</td><td class=\"confluenceTd\">Contract Type - blank for future or physical, or\u00a0<strong>P</strong>\u00a0for a put option or\u00a0<strong>C</strong>\u00a0for a call option</td></tr><tr><td class=\"confluenceTd\">6</td><td class=\"confluenceTd\">31</td><td class=\"confluenceTd\">36</td><td class=\"confluenceTd\">AN</td><td class=\"confluenceTd\">9(6)</td><td class=\"confluenceTd\">Futures Contract Month as\u00a0<strong>CCYYMM</strong></td></tr><tr><td class=\"confluenceTd\">6</td><td class=\"confluenceTd\">37</td><td class=\"confluenceTd\">42</td><td class=\"confluenceTd\">AN</td><td class=\"confluenceTd\">9(6)</td><td class=\"confluenceTd\">Option Contract Month as\u00a0<strong>CCYYMM</strong></td></tr><tr><td class=\"confluenceTd\">6</td><td class=\"confluenceTd\">43</td><td class=\"confluenceTd\">48</td><td class=\"confluenceTd\">N</td><td class=\"confluenceTd\">9(6)</td><td class=\"confluenceTd\">Strike Price</td></tr><tr><td class=\"confluenceTd\">3</td><td class=\"confluenceTd\">49</td><td class=\"confluenceTd\">51</td><td class=\"confluenceTd\">AN</td><td class=\"confluenceTd\">X(3)</td><td class=\"confluenceTd\">Exchange Acronym</td></tr><tr><td class=\"confluenceTd\">2</td><td class=\"confluenceTd\">52</td><td class=\"confluenceTd\">53</td><td class=\"confluenceTd\">N</td><td class=\"confluenceTd\">9(2)</td><td class=\"confluenceTd\">Option Contract Day. For flex options and other options with expiration specified to the day, contains the two-digit dayof month on which the option expires. Leave blank for futures and regular monthly options.</td></tr><tr><td class=\"confluenceTd\">1</td><td class=\"confluenceTd\">54</td><td class=\"confluenceTd\">54</td><td class=\"confluenceTd\">AN</td><td class=\"confluenceTd\">X(1)</td><td class=\"confluenceTd\">Strike Price Sign:\u00a0 + or -.\u00a0 Blank or any other value besides - means positive.</td></tr><tr><td class=\"confluenceTd\">1</td><td class=\"confluenceTd\">55</td><td class=\"confluenceTd\">55</td><td class=\"confluenceTd\">-</td><td class=\"confluenceTd\">-</td><td class=\"confluenceTd\">Filler</td></tr><tr><td class=\"confluenceTd\">8</td><td class=\"confluenceTd\">56</td><td class=\"confluenceTd\">63</td><td class=\"confluenceTd\">N</td><td class=\"confluenceTd\">9(8)</td><td class=\"confluenceTd\">Net Position, with leading minus sign if short. This field applies to account positions for non-omnibus accounts, or to clearing firm positions at clearing organizations (or for cross-margin agreements) which calculate performance bonds on a net position basis. (For omnibus accounts or gross-basis clearing firm positions, enter zero.)</td></tr><tr><td class=\"confluenceTd\">8</td><td class=\"confluenceTd\">64</td><td class=\"confluenceTd\">71</td><td class=\"confluenceTd\">N</td><td class=\"confluenceTd\">9(8)</td><td class=\"confluenceTd\">Total Long Positions. Only for omnibus accounts or for clearing firm portfolios which are margined on a gross basis. (For all others, enter zeros or omit.)</td></tr><tr><td class=\"confluenceTd\">8</td><td class=\"confluenceTd\">72</td><td class=\"confluenceTd\">79</td><td class=\"confluenceTd\">N</td><td class=\"confluenceTd\">9(8)</td><td class=\"confluenceTd\">Total Short Positions. Only for omnibus accounts or for clearing firm portfolios which are margined on a gross basis. (For all others, enter zeros or omit.)</td></tr><tr><td class=\"confluenceTd\">8</td><td class=\"confluenceTd\">80</td><td class=\"confluenceTd\">87</td><td class=\"confluenceTd\">N</td><td class=\"confluenceTd\">9(8)</td><td class=\"confluenceTd\">Intra-commodity Spreadable Long Positions. Only for clearing firm portfolios which are margined on a gross basis. (For all others, enter zeros or omit.)</td></tr><tr><td class=\"confluenceTd\">8</td><td class=\"confluenceTd\">88</td><td class=\"confluenceTd\">95</td><td class=\"confluenceTd\">N</td><td class=\"confluenceTd\">9(8)</td><td class=\"confluenceTd\">Intra-commodity Spreadable Short Positions. Only for clearing firm portfolios which are margined on a gross basis. (For all others, enter zeros or omit.)</td></tr><tr><td class=\"confluenceTd\">8</td><td class=\"confluenceTd\">96</td><td class=\"confluenceTd\">103</td><td class=\"confluenceTd\">N</td><td class=\"confluenceTd\">9(8)</td><td class=\"confluenceTd\">Inter-commodity Spreadable Long Positions. Only for clearing firm portfolios which are margined on a gross basis. (For all others, enter zeros or omit.)</td></tr><tr><td class=\"confluenceTd\">8</td><td class=\"confluenceTd\">104</td><td class=\"confluenceTd\">111</td><td class=\"confluenceTd\">N</td><td class=\"confluenceTd\">9(8)</td><td class=\"confluenceTd\">Inter-commodity Spreadable Short Positions. Only for clearing firm portfolios which are margined on a gross basis. (For all others, enter zeros or omit.)</td></tr><tr><td class=\"confluenceTd\">9</td><td class=\"confluenceTd\">112</td><td class=\"confluenceTd\">120</td><td class=\"confluenceTd\">N</td><td class=\"confluenceTd\">9(9)</td><td class=\"confluenceTd\">Product Family ID Number:\u00a0 for SPAN 4 -- specifies the unique internal ID number for this product family</td></tr><tr><td class=\"confluenceTd\">9</td><td class=\"confluenceTd\">121</td><td class=\"confluenceTd\">129</td><td class=\"confluenceTd\">N</td><td class=\"confluenceTd\">9(9)</td><td class=\"confluenceTd\">Contract ID Number:\u00a0 for SPAN 4 -- specifies the unique internal ID number for this contract</td></tr><tr><td class=\"confluenceTd\">5</td><td class=\"confluenceTd\">130</td><td class=\"confluenceTd\">134</td><td class=\"confluenceTd\">AN</td><td class=\"confluenceTd\">X(5)</td><td class=\"confluenceTd\">Business Function:\u00a0 for SPAN 4 -- specifies the business function for which this position is defined</td></tr><tr><td class=\"confluenceTd\">5</td><td class=\"confluenceTd\">135</td><td class=\"confluenceTd\">139</td><td class=\"confluenceTd\">AN</td><td class=\"confluenceTd\">X(5)</td><td class=\"confluenceTd\">Clearing Member Firm -- for SPAN 4 -- provides the full five bytes for the clearing member firm ID</td></tr><tr><td class=\"confluenceTd\">15</td><td class=\"confluenceTd\">140</td><td class=\"confluenceTd\">154</td><td class=\"confluenceTd\">AN</td><td class=\"confluenceTd\">X(15)</td><td class=\"confluenceTd\">Performance Bond Account ID:\u00a0 for SPAN 4 -- specifies the PB account</td></tr><tr><td class=\"confluenceTd\">5</td><td class=\"confluenceTd\">155</td><td class=\"confluenceTd\">159</td><td class=\"confluenceTd\">AN</td><td class=\"confluenceTd\">X(5)</td><td class=\"confluenceTd\">Position Segregation Type (Origin):\u00a0 for SPAN 4 -- further identifies the performance bond account to which this position pertains</td></tr></tbody></table></div><hr/><h3 id=\"StandardPortfolioDataFileLayout-RecordType4-PhysicalPositionRecord\">Record Type 4 - Physical Position Record</h3><p><br/></p><div class=\"table-wrap\"><table class=\"wrapped confluenceTable\"><colgroup><col/><col/><col/><col/><col/><col/></colgroup><tbody><tr><th class=\"confluenceTh\">Length</th><th class=\"confluenceTh\">From</th><th class=\"confluenceTh\">To</th><th class=\"confluenceTh\">Datatype</th><th class=\"confluenceTh\">Format</th><th class=\"confluenceTh\">Description and Comments</th></tr><tr><td class=\"confluenceTd\">1</td><td class=\"confluenceTd\">1</td><td class=\"confluenceTd\">1</td><td class=\"confluenceTd\">AN</td><td class=\"confluenceTd\">X(1)</td><td class=\"confluenceTd\">Record ID - &quot;4&quot;</td></tr><tr><td class=\"confluenceTd\">3</td><td class=\"confluenceTd\">2</td><td class=\"confluenceTd\">4</td><td class=\"confluenceTd\">AN</td><td class=\"confluenceTd\">X(3)</td><td class=\"confluenceTd\">Clearing Member Firm</td></tr><tr><td class=\"confluenceTd\">20</td><td class=\"confluenceTd\">5</td><td class=\"confluenceTd\">24</td><td class=\"confluenceTd\">AN</td><td class=\"confluenceTd\">X(20)</td><td class=\"confluenceTd\">Account Number / ID</td></tr><tr><td class=\"confluenceTd\">3</td><td class=\"confluenceTd\">25</td><td class=\"confluenceTd\">27</td><td class=\"confluenceTd\">AN</td><td class=\"confluenceTd\">X(3)</td><td class=\"confluenceTd\">Exchange Acronym</td></tr><tr><td class=\"confluenceTd\">3</td><td class=\"confluenceTd\">28</td><td class=\"confluenceTd\">30</td><td class=\"confluenceTd\">AN</td><td class=\"confluenceTd\">X(3)</td><td class=\"confluenceTd\">Country Code</td></tr><tr><td class=\"confluenceTd\">15</td><td class=\"confluenceTd\">31</td><td class=\"confluenceTd\">45</td><td class=\"confluenceTd\">AN</td><td class=\"confluenceTd\">X(15)</td><td class=\"confluenceTd\">Physical Identifier - typically CUSIP or ISIN</td></tr><tr><td class=\"confluenceTd\">15</td><td class=\"confluenceTd\">46</td><td class=\"confluenceTd\">60</td><td class=\"confluenceTd\">N</td><td class=\"confluenceTd\">9(15)</td><td class=\"confluenceTd\">Net Par Value of Unsettled Trades</td></tr><tr><td class=\"confluenceTd\">15</td><td class=\"confluenceTd\">61</td><td class=\"confluenceTd\">75</td><td class=\"confluenceTd\">N</td><td class=\"confluenceTd\">9(15)</td><td class=\"confluenceTd\">Net Reverse Repo (Repo) Par Value for Same-Day Settlement</td></tr><tr><td class=\"confluenceTd\">15</td><td class=\"confluenceTd\">76</td><td class=\"confluenceTd\">90</td><td class=\"confluenceTd\">N</td><td class=\"confluenceTd\">9(15)</td><td class=\"confluenceTd\">Net Reverse Repo (Repo) Par Value for Next-Day Settlement</td></tr><tr><td class=\"confluenceTd\">9</td><td class=\"confluenceTd\">91</td><td class=\"confluenceTd\">99</td><td class=\"confluenceTd\">N</td><td class=\"confluenceTd\">9(9)</td><td class=\"confluenceTd\">Product Family ID Number:\u00a0 for SPAN 4 -- specifies the unique internal ID number for this product family</td></tr><tr><td class=\"confluenceTd\">9</td><td class=\"confluenceTd\">100</td><td class=\"confluenceTd\">108</td><td class=\"confluenceTd\">N</td><td class=\"confluenceTd\">9(9)</td><td class=\"confluenceTd\">Contract ID Number:\u00a0 for SPAN 4 -- specifies the unique internal ID number for this contract</td></tr><tr><td class=\"confluenceTd\">5</td><td class=\"confluenceTd\">109</td><td class=\"confluenceTd\">113</td><td class=\"confluenceTd\">AN</td><td class=\"confluenceTd\">X(5)</td><td class=\"confluenceTd\">Business Function:\u00a0 for SPAN 4 -- specifies the business function for which this position is defined</td></tr><tr><td class=\"confluenceTd\">5</td><td class=\"confluenceTd\">114</td><td class=\"confluenceTd\">118</td><td class=\"confluenceTd\">AN</td><td class=\"confluenceTd\">X(5)</td><td class=\"confluenceTd\">Clearing Member Firm -- for SPAN 4 -- provides the full five bytes for the clearing member firm ID</td></tr><tr><td class=\"confluenceTd\">15</td><td class=\"confluenceTd\">119</td><td class=\"confluenceTd\">133</td><td class=\"confluenceTd\">AN</td><td class=\"confluenceTd\">X(15)</td><td class=\"confluenceTd\">Performance Bond Account ID:\u00a0 for SPAN 4 -- specifies the PB account</td></tr><tr><td class=\"confluenceTd\">5</td><td class=\"confluenceTd\">134</td><td class=\"confluenceTd\">138</td><td class=\"confluenceTd\">AN</td><td class=\"confluenceTd\">X(5)</td><td class=\"confluenceTd\">Position Segregation Type (Origin):\u00a0 for SPAN 4 -- further identifies the performance bond account to which this position pertains</td></tr></tbody></table></div>"
        }
    },
    "status": "current",
    "title": "Standard Portfolio Data File Layout",
    "spaceId": "457312811",
    "id": "457083223",
    "_links": {
        "editui": "/pages/resumedraft.action?draftId=457083223",
        "webui": "/spaces/pubsub/pages/457083223/Standard+Portfolio+Data+File+Layout",
        "edituiv2": "/spaces/pubsub/pages/edit-v2/457083223",
        "tinyui": "/x/V4k_Gw",
        "base": "https://cmegroupclientsite.atlassian.net/wiki"
    }
}