{
    "data": [
        {
            "type": "heading",
            "text": "For example, the file might be namedPCSpan_x64_4.5.610_A_73.zipto indicate that it is for \"build number 610\" of PC-SPAN 4.5.\u00a0 You can download this file to any convenient directory on your hard disk or network drive. For example directoryC:\\Users\\<User-ID>\\Downloadswould be a logical place to store the installation file you have downloaded."
        },
        {
            "type": "heading",
            "text": "SelectNextto continue the installation. Tthe PC-SPAN version 4software license agreement screenwill display:"
        },
        {
            "type": "heading",
            "text": "Pleasereadthe entire agreement.\u00a0 If you accept its terms, selectYesto continue.\u00a0 Otherwise, clickNoto abort the installation."
        },
        {
            "type": "heading",
            "text": "Next, theChoose Destination Locationscreen will display, so that you can select the location where PC-SPAN version 4 will be installed:"
        },
        {
            "type": "heading",
            "text": "You can specify any directory on any drive (hard disk or network drive).\u00a0 As you can see, the default location isC:\\SPAN4(recommended)."
        },
        {
            "type": "heading",
            "text": "ClickNextto continue.\u00a0 If the destination directory does not already exist, you will be prompted for confirmation that it should be created."
        },
        {
            "type": "heading",
            "text": "PC-SPAN can be easily uninstalled using standardAdd/Remove Programsdialog in WindowsControl Panel."
        },
        {
            "type": "link",
            "text": "Minimum System Requirements",
            "url": "https://cmegroupclientsite.atlassian.net/wiki/spaces/pubsub/pages/457082909/System+Requirements",
            "data-linked-resource-id": "457082909",
            "data-linked-resource-type": "page"
        },
        {
            "type": "link",
            "text": "Obtaining PC-SPAN Version 4",
            "url": "#QuickInstallation-ObtainingPC-SPANVersion4",
            "data-linked-resource-id": null,
            "data-linked-resource-type": null
        },
        {
            "type": "link",
            "text": "Starting the PC-SPAN version 4 installation",
            "url": "#QuickInstallation-StartingthePC-SPANversion4installation",
            "data-linked-resource-id": null,
            "data-linked-resource-type": null
        },
        {
            "type": "link",
            "text": "PC-SPAN Version 4 Installation Process",
            "url": "#QuickInstallation-PC-SPANVersion4InstallationProcess",
            "data-linked-resource-id": null,
            "data-linked-resource-type": null
        },
        {
            "type": "link",
            "text": "Top level Directory Structure Upon PC-SPAN Installation",
            "url": "#QuickInstallation-ToplevelDirectoryStructureUponPC-SPANInstallation",
            "data-linked-resource-id": null,
            "data-linked-resource-type": null
        },
        {
            "type": "link",
            "text": "Uninstalling PC-SPAN",
            "url": "#QuickInstallation-UninstallingPC-SPAN",
            "data-linked-resource-id": null,
            "data-linked-resource-type": null
        },
        {
            "type": "link",
            "text": "CME Core",
            "url": "https://cmecore.cmegroup.com/core/",
            "data-linked-resource-id": null,
            "data-linked-resource-type": null
        },
        {
            "type": "confluence_tables",
            "text": []
        }
    ],
    "page_id": "457082941",
    "child_page_ids": [
        "457082909"
    ]
}