{
    "parentId": "457411114",
    "spaceId": "457312811",
    "ownerId": "60653f79352e1e0069fb728f",
    "createdAt": "2024-12-21T16:43:17.197Z",
    "authorId": "60653f79352e1e0069fb728f",
    "parentType": "page",
    "version": {
        "number": 1,
        "message": "",
        "minorEdit": false,
        "authorId": "60653f79352e1e0069fb728f",
        "createdAt": "2024-12-21T16:43:18.552Z"
    },
    "position": 91136166,
    "status": "current",
    "body": {
        "export_view": {
            "representation": "export_view",
            "value": "<p><span class=\"confluence-embedded-file-wrapper\"><img class=\"confluence-embedded-image\" src=\"https://cmegroupclientsite.atlassian.net/wiki/download/attachments/457083698/scanningtiers.jpg?api=v2\"></span></p><p><u>Scanning Tiers</u></p><p>This report shows the tiers (either individual or overall) for each Combined Commodity in a portfolio comprised of tiers that are scanned apart from other tiers within the same Combined Commodity.\u00a0 For contract periods within a Combined Commodity that are not highly correlated, this allows them to be treated much like separate products.</p><p><strong>Comb Comm: </strong>\u00a0Combined Commodity</p><p>The set of all eligible products used to generate a total requirement for each Exchange Complex within a portfolio.\u00a0 A Combined Commodity generally consists of all products of the same underlying physical. For example, at the CME, the Eurodollar combined commodity encompasses Mid-Curve options, Eurodollars and Eurodollar options.\u00a0</p><p><strong>Tier #\u00a0 - </strong>Either Overall, or broken down into tier numbers</p><p><strong>Start Period: </strong>If other than Overall, the beginning date of the tier</p><p><strong>End Period: </strong>If other than Overall, the ending date of the tier</p>"
        }
    },
    "lastOwnerId": null,
    "title": "Scan Tiers",
    "id": "457083698",
    "_links": {
        "editui": "/pages/resumedraft.action?draftId=457083698",
        "webui": "/spaces/pubsub/pages/457083698/Scan+Tiers",
        "edituiv2": "/spaces/pubsub/pages/edit-v2/457083698",
        "tinyui": "/x/Mos_Gw",
        "base": "https://cmegroupclientsite.atlassian.net/wiki"
    }
}