{
    "data": [
        {
            "type": "heading",
            "text": "Notes:"
        },
        {
            "type": "confluence_tables",
            "text": [
                {
                    "headers": [
                        "Length",
                        "From",
                        "To",
                        "Datatype",
                        "Format",
                        "Description and Comments"
                    ],
                    "rows": [
                        {
                            "cells": [
                                "1",
                                "1",
                                "1",
                                "AN",
                                "X",
                                "Record ID - \"R\""
                            ],
                            "links": []
                        },
                        {
                            "cells": [
                                "2",
                                "2",
                                "3",
                                "AN",
                                "X(2)",
                                "Exchange Code"
                            ],
                            "links": []
                        },
                        {
                            "cells": [
                                "2",
                                "4",
                                "5",
                                "AN",
                                "X(2)",
                                "Product (Commodity) Code"
                            ],
                            "links": []
                        },
                        {
                            "cells": [
                                "3",
                                "6",
                                "8",
                                "AN",
                                "X(3)",
                                "Combined Commodity Code"
                            ],
                            "links": []
                        },
                        {
                            "cells": [
                                "2",
                                "9",
                                "10",
                                "AN",
                                "X(2)",
                                "Alternate Exchange Code"
                            ],
                            "links": []
                        },
                        {
                            "cells": [
                                "2",
                                "11",
                                "12",
                                "AN",
                                "X(2)",
                                "Alternate Product (Commodity) Code"
                            ],
                            "links": []
                        },
                        {
                            "cells": [
                                "3",
                                "13",
                                "15",
                                "AN",
                                "X(3)",
                                "Alternate Combined Commodity Code"
                            ],
                            "links": []
                        },
                        {
                            "cells": [
                                "65",
                                "16",
                                "80",
                                "-",
                                "-",
                                "Filler"
                            ],
                            "links": []
                        }
                    ]
                }
            ]
        }
    ],
    "page_id": "457083949",
    "child_page_ids": []
}