{
    "data": [
        {
            "type": "heading",
            "text": "PC-SPAN version 4 is an easy-to-use Windows program that allows you to load SPAN risk parameter files for exchanges and clearing organizations of interest, define portfolios, calculate margins, and view or print results.\u00a0Version 4 was first made available in 1999.\u00a0The latest build of version 4 is numbered as610."
        },
        {
            "type": "heading",
            "text": "Minimum System Requirements"
        },
        {
            "type": "confluence_tables",
            "text": []
        }
    ],
    "page_id": "457082909",
    "child_page_ids": []
}