{
    "data": [
        {
            "type": "heading",
            "text": "In PC-SPAN version 3 only, the standard-format portfolio data file must be namedSAMPLEINPUT.posand must be placed in the Data File Directory, typicallyC:\\SPAN\\DATA."
        },
        {
            "type": "heading",
            "text": "For client account types when clearing firms are calculating requirements for individual accounts:Mfor Member Account,Hfor Hedger Account,Sfor Spec Account,Ofor Omnibus Account,Qfor Omnibus Hedge account."
        },
        {
            "type": "heading",
            "text": "In addition, in 2020 support will be added forRfor Heightened Risk Profile andXfor Non-Heightened Risk Profile.\u00a0 Also account typeOwill be redefined as meaning an Omnibus Account with a Heightened Risk Profile and account typeQwill be redefined as an omnibus account with a Non-Heightened Risk Profile."
        },
        {
            "type": "heading",
            "text": "Account typeFis used to specify a clearing firm account when a CCP is margining a clearing firm."
        },
        {
            "type": "link",
            "text": "\"expanded\" file layout",
            "url": "https://cmegroupclientsite.atlassian.net/wiki/spaces/pubsub/pages/457313617/Expanded+Portfolio+Data+File+Layout",
            "data-linked-resource-id": "457313617",
            "data-linked-resource-type": "page"
        },
        {
            "type": "link",
            "text": ".",
            "url": "http://www.cme-ch.com/span/spanl201.htm",
            "data-linked-resource-id": null,
            "data-linked-resource-type": null
        },
        {
            "type": "link",
            "text": "Record Type 1 - Header Record",
            "url": "#StandardPortfolioDataFileLayout-RecordType1-HeaderRecord",
            "data-linked-resource-id": null,
            "data-linked-resource-type": null
        },
        {
            "type": "link",
            "text": "Record Type 2 - Portfolio Record",
            "url": "#StandardPortfolioDataFileLayout-RecordType2-PortfolioRecord",
            "data-linked-resource-id": null,
            "data-linked-resource-type": null
        },
        {
            "type": "link",
            "text": "Record Type 3 - Position Record",
            "url": "#StandardPortfolioDataFileLayout-RecordType3-PositionRecord",
            "data-linked-resource-id": null,
            "data-linked-resource-type": null
        },
        {
            "type": "link",
            "text": "Record Type 4 - Physical Position Record",
            "url": "#StandardPortfolioDataFileLayout-RecordType4-PhysicalPositionRecord",
            "data-linked-resource-id": null,
            "data-linked-resource-type": null
        },
        {
            "type": "link",
            "text": "SAMPLEINPUT.pos",
            "url": "https://cmegroup.com/clearing/files/SAMPLEINPUT.pos",
            "data-linked-resource-id": null,
            "data-linked-resource-type": null
        },
        {
            "type": "confluence_tables",
            "text": [
                {
                    "headers": [
                        "Length",
                        "From",
                        "To",
                        "Datatype",
                        "Format",
                        "Description and Comments"
                    ],
                    "rows": [
                        {
                            "cells": [
                                "1",
                                "1",
                                "1",
                                "AN",
                                "X(1)",
                                "Record ID - \"1\""
                            ],
                            "links": []
                        },
                        {
                            "cells": [
                                "2",
                                "2",
                                "3",
                                "-",
                                "-",
                                "Filler"
                            ],
                            "links": []
                        },
                        {
                            "cells": [
                                "8",
                                "4",
                                "11",
                                "N",
                                "9(8)",
                                "Business Date as YYYYMMDD"
                            ],
                            "links": []
                        },
                        {
                            "cells": [
                                "1",
                                "12",
                                "12",
                                "A",
                                "X",
                                "File identifier -Sfor final settlement,Efor early (preliminary) settlement,Gfor electronic (GLOBEX) trading hours, orIfor intra-day."
                            ],
                            "links": []
                        },
                        {
                            "cells": [
                                "4",
                                "13",
                                "16",
                                "N",
                                "9(4)",
                                "Business Time as HHMM"
                            ],
                            "links": []
                        },
                        {
                            "cells": [
                                "8",
                                "17",
                                "24",
                                "N",
                                "9(8)",
                                "File Creation Date as YYYYMMDD"
                            ],
                            "links": []
                        },
                        {
                            "cells": [
                                "4",
                                "25",
                                "28",
                                "N",
                                "9(4)",
                                "File Creation Time as HHMM"
                            ],
                            "links": []
                        },
                        {
                            "cells": [
                                "1",
                                "29",
                                "29",
                                "AN",
                                "X(1)",
                                "File format - \"S\" for standard.\u00a0 Blank, null or any value other than \"E\" implies standard format."
                            ],
                            "links": []
                        }
                    ]
                },
                {
                    "headers": [
                        "Length",
                        "From",
                        "To",
                        "Datatype",
                        "Format",
                        "Description and Comments"
                    ],
                    "rows": [
                        {
                            "cells": [
                                "1",
                                "1",
                                "1",
                                "AN",
                                "X(1)",
                                "Record ID - \"2\""
                            ],
                            "links": []
                        },
                        {
                            "cells": [
                                "3",
                                "2",
                                "4",
                                "AN",
                                "X(3)",
                                "Clearing Member Firm"
                            ],
                            "links": []
                        },
                        {
                            "cells": [
                                "20",
                                "5",
                                "24",
                                "AN",
                                "X(20)",
                                "Account Number / ID"
                            ],
                            "links": []
                        },
                        {
                            "cells": [
                                "1",
                                "25",
                                "25",
                                "A",
                                "X",
                                "Account Type:For client account types when clearing firms are calculating requirements for individual accounts:Mfor Member Account,Hfor Hedger Account,Sfor Spec Account,Ofor Omnibus Account,Qfor Omnibus Hedge account.In addition, in 2020 support will be added forRfor Heightened Risk Profile andXfor Non-Heightened Risk Profile.\u00a0 Also account typeOwill be redefined as meaning an Omnibus Account with a Heightened Risk Profile and account typeQwill be redefined as an omnibus account with a Non-Heightened Risk Profile.Account typeFis used to specify a clearing firm account when a CCP is margining a clearing firm."
                            ],
                            "links": []
                        },
                        {
                            "cells": [
                                "1",
                                "26",
                                "26",
                                "A",
                                "X",
                                "new Portfolio flag:YorN"
                            ],
                            "links": []
                        },
                        {
                            "cells": [
                                "12",
                                "27",
                                "38",
                                "N",
                                "9(10)V9(2)",
                                "Ledger Balance, right justified, with two implied decimal places representing hundredths of a currency unit. For accounts only, not relevant to firms. If negative, with a leading minus sign. If this record is for a firm, enter zero."
                            ],
                            "links": []
                        },
                        {
                            "cells": [
                                "12",
                                "39",
                                "50",
                                "N",
                                "9(10)V9(2)",
                                "Open Trade Equity, right justified, with two implied decimal places. For accounts only, not relevant to firms. If negative, with a leading minus sign. If this record is for a firm, enter zero."
                            ],
                            "links": []
                        },
                        {
                            "cells": [
                                "20",
                                "51",
                                "70",
                                "AN",
                                "X(20)",
                                "Subaccount of: If this record is a Hedge or Spec Subaccount of an Omnibus Account, this field should contain the Omnibus Account number. The2record for the omnibus account must precede the2record for its subaccounts (or the omnibus account portfolio record must already be defined in the PC-SPAN database.)"
                            ],
                            "links": []
                        },
                        {
                            "cells": [
                                "12",
                                "71",
                                "82",
                                "N",
                                "9(10)V9(2)",
                                "Securities on Deposit, right justified, with two implied decimal places. For accounts only, not relevant to firms. If this record is for a firm, enter zero."
                            ],
                            "links": []
                        },
                        {
                            "cells": [
                                "1",
                                "83",
                                "83",
                                "A",
                                "X",
                                "Apply User Scaleups? Flag - eitherYorN. If it has been specified on theMaintain System Parametersscreen that User Scaleups apply only todesignatedaccounts, this field specifies whether scaleups apply to this particular account."
                            ],
                            "links": []
                        },
                        {
                            "cells": [
                                "5",
                                "84",
                                "88",
                                "AN",
                                "X(5)",
                                "Business Function:\u00a0 for SPAN 4 -- specifies the business function for which this position is defined"
                            ],
                            "links": []
                        },
                        {
                            "cells": [
                                "5",
                                "89",
                                "93",
                                "AN",
                                "X(5)",
                                "Clearing Member Firm -- for SPAN 4 -- provides the full five bytes for the clearing member firm ID"
                            ],
                            "links": []
                        },
                        {
                            "cells": [
                                "15",
                                "94",
                                "108",
                                "AN",
                                "X(15)",
                                "Performance Bond Account ID:\u00a0 for SPAN 4 -- specifies the PB account"
                            ],
                            "links": []
                        },
                        {
                            "cells": [
                                "5",
                                "109",
                                "113",
                                "AN",
                                "X(5)",
                                "Position Segregation Type (Origin):\u00a0 for SPAN 4 -- further identifies the performance bond account to which this position pertains"
                            ],
                            "links": []
                        },
                        {
                            "cells": [
                                "1",
                                "114",
                                "114",
                                "AN",
                                "X(1)",
                                "Customer-Clearing Portfolio Use Long Option Value Flag-Nfor No, orYor any other value for Yes.Applies only to calculations for clearing-level customer-origin portfolios.Added for the Common Clearing Link to support specification of whether CBOT positions in customer-origin clearing portfolios should be margined net but without use of Long Option Value, or according to submitted spreads and with full use of Long Option Value.\u00a0 Set to Y if the firm wants CME-style customer-origin margining with full use of LOV, or CBT-style customer-origin margining without use of LOV."
                            ],
                            "links": []
                        }
                    ]
                },
                {
                    "headers": [
                        "Length",
                        "From",
                        "To",
                        "Datatype",
                        "Format",
                        "Description and Comments"
                    ],
                    "rows": [
                        {
                            "cells": [
                                "1",
                                "1",
                                "1",
                                "AN",
                                "X(1)",
                                "Record ID - \"3\""
                            ],
                            "links": []
                        },
                        {
                            "cells": [
                                "3",
                                "2",
                                "4",
                                "AN",
                                "X(3)",
                                "Clearing Member Firm"
                            ],
                            "links": []
                        },
                        {
                            "cells": [
                                "20",
                                "5",
                                "24",
                                "AN",
                                "X(20)",
                                "Account Number / ID"
                            ],
                            "links": []
                        },
                        {
                            "cells": [
                                "3",
                                "25",
                                "27",
                                "AN",
                                "X(3)",
                                "Combined Commodity Code"
                            ],
                            "links": []
                        },
                        {
                            "cells": [
                                "2",
                                "28",
                                "29",
                                "AN",
                                "X(2)",
                                "Commodity (Product) Code"
                            ],
                            "links": []
                        },
                        {
                            "cells": [
                                "1",
                                "30",
                                "30",
                                "AN",
                                "X(3)",
                                "Contract Type - blank for future or physical, orPfor a put option orCfor a call option"
                            ],
                            "links": []
                        },
                        {
                            "cells": [
                                "6",
                                "31",
                                "36",
                                "AN",
                                "9(6)",
                                "Futures Contract Month asCCYYMM"
                            ],
                            "links": []
                        },
                        {
                            "cells": [
                                "6",
                                "37",
                                "42",
                                "AN",
                                "9(6)",
                                "Option Contract Month asCCYYMM"
                            ],
                            "links": []
                        },
                        {
                            "cells": [
                                "6",
                                "43",
                                "48",
                                "N",
                                "9(6)",
                                "Strike Price"
                            ],
                            "links": []
                        },
                        {
                            "cells": [
                                "3",
                                "49",
                                "51",
                                "AN",
                                "X(3)",
                                "Exchange Acronym"
                            ],
                            "links": []
                        },
                        {
                            "cells": [
                                "2",
                                "52",
                                "53",
                                "N",
                                "9(2)",
                                "Option Contract Day. For flex options and other options with expiration specified to the day, contains the two-digit dayof month on which the option expires. Leave blank for futures and regular monthly options."
                            ],
                            "links": []
                        },
                        {
                            "cells": [
                                "1",
                                "54",
                                "54",
                                "AN",
                                "X(1)",
                                "Strike Price Sign:\u00a0 + or -.\u00a0 Blank or any other value besides - means positive."
                            ],
                            "links": []
                        },
                        {
                            "cells": [
                                "1",
                                "55",
                                "55",
                                "-",
                                "-",
                                "Filler"
                            ],
                            "links": []
                        },
                        {
                            "cells": [
                                "8",
                                "56",
                                "63",
                                "N",
                                "9(8)",
                                "Net Position, with leading minus sign if short. This field applies to account positions for non-omnibus accounts, or to clearing firm positions at clearing organizations (or for cross-margin agreements) which calculate performance bonds on a net position basis. (For omnibus accounts or gross-basis clearing firm positions, enter zero.)"
                            ],
                            "links": []
                        },
                        {
                            "cells": [
                                "8",
                                "64",
                                "71",
                                "N",
                                "9(8)",
                                "Total Long Positions. Only for omnibus accounts or for clearing firm portfolios which are margined on a gross basis. (For all others, enter zeros or omit.)"
                            ],
                            "links": []
                        },
                        {
                            "cells": [
                                "8",
                                "72",
                                "79",
                                "N",
                                "9(8)",
                                "Total Short Positions. Only for omnibus accounts or for clearing firm portfolios which are margined on a gross basis. (For all others, enter zeros or omit.)"
                            ],
                            "links": []
                        },
                        {
                            "cells": [
                                "8",
                                "80",
                                "87",
                                "N",
                                "9(8)",
                                "Intra-commodity Spreadable Long Positions. Only for clearing firm portfolios which are margined on a gross basis. (For all others, enter zeros or omit.)"
                            ],
                            "links": []
                        },
                        {
                            "cells": [
                                "8",
                                "88",
                                "95",
                                "N",
                                "9(8)",
                                "Intra-commodity Spreadable Short Positions. Only for clearing firm portfolios which are margined on a gross basis. (For all others, enter zeros or omit.)"
                            ],
                            "links": []
                        },
                        {
                            "cells": [
                                "8",
                                "96",
                                "103",
                                "N",
                                "9(8)",
                                "Inter-commodity Spreadable Long Positions. Only for clearing firm portfolios which are margined on a gross basis. (For all others, enter zeros or omit.)"
                            ],
                            "links": []
                        },
                        {
                            "cells": [
                                "8",
                                "104",
                                "111",
                                "N",
                                "9(8)",
                                "Inter-commodity Spreadable Short Positions. Only for clearing firm portfolios which are margined on a gross basis. (For all others, enter zeros or omit.)"
                            ],
                            "links": []
                        },
                        {
                            "cells": [
                                "9",
                                "112",
                                "120",
                                "N",
                                "9(9)",
                                "Product Family ID Number:\u00a0 for SPAN 4 -- specifies the unique internal ID number for this product family"
                            ],
                            "links": []
                        },
                        {
                            "cells": [
                                "9",
                                "121",
                                "129",
                                "N",
                                "9(9)",
                                "Contract ID Number:\u00a0 for SPAN 4 -- specifies the unique internal ID number for this contract"
                            ],
                            "links": []
                        },
                        {
                            "cells": [
                                "5",
                                "130",
                                "134",
                                "AN",
                                "X(5)",
                                "Business Function:\u00a0 for SPAN 4 -- specifies the business function for which this position is defined"
                            ],
                            "links": []
                        },
                        {
                            "cells": [
                                "5",
                                "135",
                                "139",
                                "AN",
                                "X(5)",
                                "Clearing Member Firm -- for SPAN 4 -- provides the full five bytes for the clearing member firm ID"
                            ],
                            "links": []
                        },
                        {
                            "cells": [
                                "15",
                                "140",
                                "154",
                                "AN",
                                "X(15)",
                                "Performance Bond Account ID:\u00a0 for SPAN 4 -- specifies the PB account"
                            ],
                            "links": []
                        },
                        {
                            "cells": [
                                "5",
                                "155",
                                "159",
                                "AN",
                                "X(5)",
                                "Position Segregation Type (Origin):\u00a0 for SPAN 4 -- further identifies the performance bond account to which this position pertains"
                            ],
                            "links": []
                        }
                    ]
                },
                {
                    "headers": [
                        "Length",
                        "From",
                        "To",
                        "Datatype",
                        "Format",
                        "Description and Comments"
                    ],
                    "rows": [
                        {
                            "cells": [
                                "1",
                                "1",
                                "1",
                                "AN",
                                "X(1)",
                                "Record ID - \"4\""
                            ],
                            "links": []
                        },
                        {
                            "cells": [
                                "3",
                                "2",
                                "4",
                                "AN",
                                "X(3)",
                                "Clearing Member Firm"
                            ],
                            "links": []
                        },
                        {
                            "cells": [
                                "20",
                                "5",
                                "24",
                                "AN",
                                "X(20)",
                                "Account Number / ID"
                            ],
                            "links": []
                        },
                        {
                            "cells": [
                                "3",
                                "25",
                                "27",
                                "AN",
                                "X(3)",
                                "Exchange Acronym"
                            ],
                            "links": []
                        },
                        {
                            "cells": [
                                "3",
                                "28",
                                "30",
                                "AN",
                                "X(3)",
                                "Country Code"
                            ],
                            "links": []
                        },
                        {
                            "cells": [
                                "15",
                                "31",
                                "45",
                                "AN",
                                "X(15)",
                                "Physical Identifier - typically CUSIP or ISIN"
                            ],
                            "links": []
                        },
                        {
                            "cells": [
                                "15",
                                "46",
                                "60",
                                "N",
                                "9(15)",
                                "Net Par Value of Unsettled Trades"
                            ],
                            "links": []
                        },
                        {
                            "cells": [
                                "15",
                                "61",
                                "75",
                                "N",
                                "9(15)",
                                "Net Reverse Repo (Repo) Par Value for Same-Day Settlement"
                            ],
                            "links": []
                        },
                        {
                            "cells": [
                                "15",
                                "76",
                                "90",
                                "N",
                                "9(15)",
                                "Net Reverse Repo (Repo) Par Value for Next-Day Settlement"
                            ],
                            "links": []
                        },
                        {
                            "cells": [
                                "9",
                                "91",
                                "99",
                                "N",
                                "9(9)",
                                "Product Family ID Number:\u00a0 for SPAN 4 -- specifies the unique internal ID number for this product family"
                            ],
                            "links": []
                        },
                        {
                            "cells": [
                                "9",
                                "100",
                                "108",
                                "N",
                                "9(9)",
                                "Contract ID Number:\u00a0 for SPAN 4 -- specifies the unique internal ID number for this contract"
                            ],
                            "links": []
                        },
                        {
                            "cells": [
                                "5",
                                "109",
                                "113",
                                "AN",
                                "X(5)",
                                "Business Function:\u00a0 for SPAN 4 -- specifies the business function for which this position is defined"
                            ],
                            "links": []
                        },
                        {
                            "cells": [
                                "5",
                                "114",
                                "118",
                                "AN",
                                "X(5)",
                                "Clearing Member Firm -- for SPAN 4 -- provides the full five bytes for the clearing member firm ID"
                            ],
                            "links": []
                        },
                        {
                            "cells": [
                                "15",
                                "119",
                                "133",
                                "AN",
                                "X(15)",
                                "Performance Bond Account ID:\u00a0 for SPAN 4 -- specifies the PB account"
                            ],
                            "links": []
                        },
                        {
                            "cells": [
                                "5",
                                "134",
                                "138",
                                "AN",
                                "X(5)",
                                "Position Segregation Type (Origin):\u00a0 for SPAN 4 -- further identifies the performance bond account to which this position pertains"
                            ],
                            "links": []
                        }
                    ]
                }
            ]
        }
    ],
    "page_id": "457083223",
    "child_page_ids": [
        "457313617"
    ]
}