{
    "parentId": "457214773",
    "lastOwnerId": null,
    "ownerId": "60653f79352e1e0069fb728f",
    "createdAt": "2024-12-21T16:43:41.750Z",
    "authorId": "60653f79352e1e0069fb728f",
    "parentType": "page",
    "position": 452762730,
    "version": {
        "number": 1,
        "message": "",
        "minorEdit": false,
        "authorId": "60653f79352e1e0069fb728f",
        "createdAt": "2024-12-21T16:43:42.967Z"
    },
    "spaceId": "457312811",
    "status": "current",
    "body": {
        "export_view": {
            "representation": "export_view",
            "value": "<div class=\"table-wrap\"><table class=\"wrapped confluenceTable\"><colgroup><col/><col/><col/><col/><col/><col/></colgroup><tbody><tr><th scope=\"col\" class=\"confluenceTh\"><p align=\"center\">Length</p></th><th scope=\"col\" class=\"confluenceTh\"><p align=\"center\">From</p></th><th scope=\"col\" class=\"confluenceTh\"><p align=\"center\">To</p></th><th scope=\"col\" class=\"confluenceTh\"><p align=\"center\">Datatype</p></th><th scope=\"col\" class=\"confluenceTh\"><p align=\"center\">Format</p></th><th scope=\"col\" class=\"confluenceTh\">Description and Comments</th></tr><tr><td class=\"confluenceTd\"><p align=\"right\">2</p></td><td class=\"confluenceTd\"><p align=\"right\">1</p></td><td class=\"confluenceTd\"><p align=\"right\">2</p></td><td class=\"confluenceTd\"><p>AN</p></td><td class=\"confluenceTd\"><p>X(2)</p></td><td class=\"confluenceTd\"><p>Record ID - &quot;P &quot;</p></td></tr><tr><td class=\"confluenceTd\"><p align=\"right\">3</p></td><td class=\"confluenceTd\"><p align=\"right\">3</p></td><td class=\"confluenceTd\"><p align=\"right\">5</p></td><td class=\"confluenceTd\"><p>AN</p></td><td class=\"confluenceTd\"><p>X(3)</p></td><td class=\"confluenceTd\"><p>Exchange Acronym\u00a0</p></td></tr><tr><td class=\"confluenceTd\"><p align=\"right\">10</p></td><td class=\"confluenceTd\"><p align=\"right\">6</p></td><td class=\"confluenceTd\"><p align=\"right\">15</p></td><td class=\"confluenceTd\"><p>AN</p></td><td class=\"confluenceTd\"><p>X(10)</p></td><td class=\"confluenceTd\"><p>Product (Commodity) Code</p></td></tr><tr><td class=\"confluenceTd\"><p align=\"right\">3</p></td><td class=\"confluenceTd\"><p align=\"right\">16</p></td><td class=\"confluenceTd\"><p align=\"right\">18</p></td><td class=\"confluenceTd\"><p>AN</p></td><td class=\"confluenceTd\"><p>X(3)</p></td><td class=\"confluenceTd\"><p>Product Type Code</p></td></tr><tr><td class=\"confluenceTd\"><p align=\"right\">15</p></td><td class=\"confluenceTd\"><p align=\"right\">19</p></td><td class=\"confluenceTd\"><p align=\"right\">33</p></td><td class=\"confluenceTd\"><p>AN</p></td><td class=\"confluenceTd\"><p>X(15)</p></td><td class=\"confluenceTd\"><p>Product Name (short name)</p></td></tr><tr><td class=\"confluenceTd\"><p align=\"right\">3</p></td><td class=\"confluenceTd\"><p align=\"right\">34</p></td><td class=\"confluenceTd\"><p align=\"right\">36</p></td><td class=\"confluenceTd\"><p>N</p></td><td class=\"confluenceTd\"><p>9(3)</p></td><td class=\"confluenceTd\"><p>Settlement Price Decimal Locator.\u00a0\u00a0<strong>If negative, put &quot;-&quot; in the first byte.\u00a0 For example, &quot;-02&quot; means negative two.</strong></p></td></tr><tr><td class=\"confluenceTd\"><p align=\"right\">3</p></td><td class=\"confluenceTd\"><p align=\"right\">37</p></td><td class=\"confluenceTd\"><p align=\"right\">39</p></td><td class=\"confluenceTd\"><p>N</p></td><td class=\"confluenceTd\"><p>9(3)</p></td><td class=\"confluenceTd\"><p>Strike Price Decimal Locator (for options only).\u00a0\u00a0\u00a0<strong>If negative, put &quot;-&quot; in the first byte.\u00a0 For example, &quot;-02&quot; means negative two.</strong></p></td></tr><tr><td class=\"confluenceTd\"><p align=\"right\">1</p></td><td class=\"confluenceTd\"><p align=\"right\">40</p></td><td class=\"confluenceTd\"><p align=\"right\">40</p></td><td class=\"confluenceTd\"><p>AN</p></td><td class=\"confluenceTd\"><p>X</p></td><td class=\"confluenceTd\"><p>Settlement Price Alignment Code</p></td></tr><tr><td class=\"confluenceTd\"><p align=\"right\">1</p></td><td class=\"confluenceTd\"><p align=\"right\">41</p></td><td class=\"confluenceTd\"><p align=\"right\">41</p></td><td class=\"confluenceTd\"><p>AN</p></td><td class=\"confluenceTd\"><p>X</p></td><td class=\"confluenceTd\"><p>Strike Price Alignment Code (for options only)</p></td></tr><tr><td class=\"confluenceTd\"><p align=\"right\">14</p></td><td class=\"confluenceTd\"><p align=\"right\">42</p></td><td class=\"confluenceTd\"><p align=\"right\">55</p></td><td class=\"confluenceTd\"><p>N</p></td><td class=\"confluenceTd\"><p>9(7)V9(7)</p></td><td class=\"confluenceTd\"><p>Contract Value Factor (Multiplier)</p></td></tr><tr><td class=\"confluenceTd\"><p align=\"right\">8</p></td><td class=\"confluenceTd\"><p align=\"right\">56</p></td><td class=\"confluenceTd\"><p align=\"right\">63</p></td><td class=\"confluenceTd\"><p>N</p></td><td class=\"confluenceTd\"><p>9(6)V9(2)</p></td><td class=\"confluenceTd\"><p>Standard Cabinet Option Value</p></td></tr><tr><td class=\"confluenceTd\"><p align=\"right\">2</p></td><td class=\"confluenceTd\"><p align=\"right\">64</p></td><td class=\"confluenceTd\"><p align=\"right\">65</p></td><td class=\"confluenceTd\"><p>N</p></td><td class=\"confluenceTd\"><p>9(2)</p></td><td class=\"confluenceTd\"><p>Quoted Position Quantity per Contract (CBOT &quot;Futures Per Contract&quot;)</p></td></tr><tr><td class=\"confluenceTd\"><p align=\"right\">3</p></td><td class=\"confluenceTd\"><p align=\"right\">66</p></td><td class=\"confluenceTd\"><p align=\"right\">68</p></td><td class=\"confluenceTd\"><p>AN</p></td><td class=\"confluenceTd\"><p>X(3)</p></td><td class=\"confluenceTd\"><p>Settlement Currency ISO Code</p></td></tr><tr><td class=\"confluenceTd\"><p align=\"right\">1</p></td><td class=\"confluenceTd\"><p align=\"right\">69</p></td><td class=\"confluenceTd\"><p align=\"right\">69</p></td><td class=\"confluenceTd\"><p>AN</p></td><td class=\"confluenceTd\"><p>X</p></td><td class=\"confluenceTd\"><p>Settlement Currency One-Byte Code</p></td></tr><tr><td class=\"confluenceTd\"><p align=\"right\">3</p></td><td class=\"confluenceTd\"><p align=\"right\">70</p></td><td class=\"confluenceTd\"><p align=\"right\">72</p></td><td class=\"confluenceTd\"><p>AN</p></td><td class=\"confluenceTd\"><p>X(3)</p></td><td class=\"confluenceTd\"><p>Price Quotation Method -\u00a0<strong>STD</strong>\u00a0for standard physical commodities,\u00a0<strong>IDX</strong>\u00a0for standard indices, such as equity indices,\u00a0<strong>INT</strong>\u00a0for interest-rate indices such as Eurodollars</p></td></tr><tr><td class=\"confluenceTd\"><p align=\"right\">1</p></td><td class=\"confluenceTd\"><p align=\"right\">73</p></td><td class=\"confluenceTd\"><p align=\"right\">73</p></td><td class=\"confluenceTd\"><p>AN</p></td><td class=\"confluenceTd\"><p>X</p></td><td class=\"confluenceTd\"><p>Sign for the Contract Value Factor (Multiplier) exponent (&quot;-&quot; is negative, any other value is positive)</p></td></tr><tr><td class=\"confluenceTd\"><p align=\"right\">2</p></td><td class=\"confluenceTd\"><p align=\"right\">74</p></td><td class=\"confluenceTd\"><p align=\"right\">75</p></td><td class=\"confluenceTd\"><p>N</p></td><td class=\"confluenceTd\"><p>9(2)</p></td><td class=\"confluenceTd\"><p>Contract Value Factor (Multiplier) exponent</p></td></tr><tr><td class=\"confluenceTd\"><p align=\"right\">4</p></td><td class=\"confluenceTd\"><p align=\"right\">76</p></td><td class=\"confluenceTd\"><p align=\"right\">79</p></td><td class=\"confluenceTd\"><p>AN</p></td><td class=\"confluenceTd\"><p>X(4)</p></td><td class=\"confluenceTd\"><p>Exercise Style -\u00a0<strong>AMER</strong>\u00a0for american style options,\u00a0<strong>EURO</strong>\u00a0for european style options (<strong>AMER</strong>\u00a0is default)</p></td></tr><tr><td class=\"confluenceTd\"><p align=\"right\">35</p></td><td class=\"confluenceTd\"><p align=\"right\">80</p></td><td class=\"confluenceTd\"><p align=\"right\">114</p></td><td class=\"confluenceTd\"><p>AN</p></td><td class=\"confluenceTd\"><p>X(35)</p></td><td class=\"confluenceTd\"><p>Product Long Name (optional field)</p></td></tr><tr><td class=\"confluenceTd\"><p align=\"right\">1</p></td><td class=\"confluenceTd\"><p align=\"right\">115</p></td><td class=\"confluenceTd\"><p align=\"right\">115</p></td><td class=\"confluenceTd\"><p>AN</p></td><td class=\"confluenceTd\"><p>X(1)</p></td><td class=\"confluenceTd\"><p>Positionable Product Indicator --\u00a0<strong>N</strong>\u00a0means non-positionable, in other words contracts in this product family cannot directly hold positions, typically because they are the underlying of an option on a combination, and positions in the combination are immediately broken out into their legs.\u00a0\u00a0<strong>Y</strong>\u00a0or blank means positionable.</p></td></tr><tr><td class=\"confluenceTd\"><p align=\"right\">1</p></td><td class=\"confluenceTd\"><p align=\"right\">116</p></td><td class=\"confluenceTd\"><p align=\"right\">116</p></td><td class=\"confluenceTd\"><p>AN</p></td><td class=\"confluenceTd\"><p>X(1)</p></td><td class=\"confluenceTd\"><p>Money Calculation Method --\u00a0<strong>N</strong>\u00a0means &quot;nominal&quot;, ie, position quantities are quoted in nominal amounts and variation or premium calculations for this product must use OTC-style rounding,\u00a0<strong>I</strong>\u00a0means interest rate swap method for calculating mark-to-market amounts, and\u00a0<strong>F</strong>\u00a0or blank means &quot;futures-style&quot;, where position quantities are in &quot;contract&quot; terms and variation and premium calculations use normal futures-style rounding.</p></td></tr><tr><td class=\"confluenceTd\"><p align=\"right\">5</p></td><td class=\"confluenceTd\"><p align=\"right\">117</p></td><td class=\"confluenceTd\"><p align=\"right\">121</p></td><td class=\"confluenceTd\"><p>AN</p></td><td class=\"confluenceTd\"><p>X(5)</p></td><td class=\"confluenceTd\"><p>Valuation Method --\u00a0<strong>FUT</strong>\u00a0for futures-style (daily banking of mark-to-market amounts),\u00a0<strong>FUTDA</strong>\u00a0for futures-style with a cash adjustment,\u00a0<strong>FWD</strong>\u00a0for forward (collateralization of mark-to-market amounts), or\u00a0<strong>EQTY</strong>\u00a0(equity-style,\u00a0<em>ie\u00a0</em>daily payment or collection of price obligation amounts, for example option premium)</p></td></tr><tr><td class=\"confluenceTd\"><p align=\"right\">5</p></td><td class=\"confluenceTd\"><p align=\"right\">122</p></td><td class=\"confluenceTd\"><p align=\"right\">126</p></td><td class=\"confluenceTd\"><p>AN</p></td><td class=\"confluenceTd\"><p>X(5)</p></td><td class=\"confluenceTd\"><p>Settlement Method --\u00a0<strong>CASH</strong>\u00a0for cash-settled, or\u00a0<strong>DELIV</strong>\u00a0for physically delivered.\u00a0 For futures or forwards, this indicates whether it is cash-settled or physically delivered.\u00a0 All options on futures are physically delivered because they exercise into an underlying future.</p></td></tr><tr><td class=\"confluenceTd\"><p align=\"right\">5</p></td><td class=\"confluenceTd\"><p align=\"right\">127</p></td><td class=\"confluenceTd\"><p align=\"right\">131</p></td><td class=\"confluenceTd\"><p>N</p></td><td class=\"confluenceTd\"><p>9V9(4)</p></td><td class=\"confluenceTd\"><p><strong>This and the following three fields are for Physically Delivered FX forward products only (and will be populated for these only):\u00a0\u00a0</strong>FX Spot Date Collateralization Gain Credit Rate (as a decimal fraction) -- percentage credit to be provided for gains, beginning on spot date and continuing through value date</p></td></tr><tr><td class=\"confluenceTd\"><p align=\"right\">5</p></td><td class=\"confluenceTd\"><p align=\"right\">132</p></td><td class=\"confluenceTd\"><p align=\"right\">136</p></td><td class=\"confluenceTd\"><p>N</p></td><td class=\"confluenceTd\"><p>9V9(4)</p></td><td class=\"confluenceTd\"><p>FX Pre-Spot Date Collateralization Gain Credit Rate (as a decimal fraction) -- percentage credit to be provided for gains, beginning on the specified number of weekdays prior to spot date, and continuing through the weekday prior to spot date</p></td></tr><tr><td class=\"confluenceTd\"><p align=\"right\">2</p></td><td class=\"confluenceTd\"><p align=\"right\">137</p></td><td class=\"confluenceTd\"><p align=\"right\">138</p></td><td class=\"confluenceTd\"><p>N</p></td><td class=\"confluenceTd\"><p>99</p></td><td class=\"confluenceTd\"><p>FX Pre-Spot Date Number of Days -- provides that specified number of weekdays.\u00a0 For example, a value of\u00a0 4 means that the pre-spot date collateralization gain credit rate applies beginning on the fourth weekday prior to spot date</p></td></tr><tr><td class=\"confluenceTd\"><p align=\"right\">5</p></td><td class=\"confluenceTd\"><p align=\"right\">139</p></td><td class=\"confluenceTd\"><p align=\"right\">143</p></td><td class=\"confluenceTd\"><p>N</p></td><td class=\"confluenceTd\"><p>9V9(4)</p></td><td class=\"confluenceTd\"><p>FX Forward Collateralization Gain Credit Rate -- percentage credit to be provided for gains, for contracts which are further forward than the pre-spot number of weekdays.</p></td></tr><tr><td class=\"confluenceTd\"><p align=\"right\">14</p></td><td class=\"confluenceTd\"><p align=\"right\">144</p></td><td class=\"confluenceTd\"><p align=\"right\">157</p></td><td class=\"confluenceTd\"><p>N</p></td><td class=\"confluenceTd\"><p>9(7)V9(7)</p></td><td class=\"confluenceTd\"><p>Equivalent Position Factor</p></td></tr><tr><td class=\"confluenceTd\"><p align=\"right\">2</p></td><td class=\"confluenceTd\"><p align=\"right\">158</p></td><td class=\"confluenceTd\"><p align=\"right\">159</p></td><td class=\"confluenceTd\"><p>N</p></td><td class=\"confluenceTd\"><p>9(2)</p></td><td class=\"confluenceTd\"><p>Equivalent Position Factor Exponent</p></td></tr><tr><td class=\"confluenceTd\"><p align=\"right\">1</p></td><td class=\"confluenceTd\"><p align=\"right\">160</p></td><td class=\"confluenceTd\"><p align=\"right\">160</p></td><td class=\"confluenceTd\"><p>AN</p></td><td class=\"confluenceTd\"><p>X</p></td><td class=\"confluenceTd\"><p>Sign for Equivalent Position Factor Exponent (blank, &quot;+&quot; or &quot;-&quot;)</p></td></tr><tr><td style=\"text-align: right;\" class=\"confluenceTd\">1</td><td class=\"confluenceTd\">161</td><td class=\"confluenceTd\">161</td><td class=\"confluenceTd\">AN</td><td class=\"confluenceTd\">X</td><td class=\"confluenceTd\">Variable Tick Option flag -- &quot;1&quot; means this product is a variable tick option, blank or any other value means this is a standard (not a variable) tick option.\u00a0 Standard options have a contract value factor and strike value factor that are the same for all options in a series, and are defined for the series.\u00a0 A variable tick option may have a contract value factor and/or strike value factor defined for each individual contract (on the type &quot;8&quot; record), and if defined, the value provided overrides any value defined for the option series.</td></tr><tr><td style=\"text-align: right;\" class=\"confluenceTd\">3</td><td class=\"confluenceTd\">162</td><td class=\"confluenceTd\">164</td><td class=\"confluenceTd\">AN</td><td class=\"confluenceTd\">X(3)</td><td class=\"confluenceTd\">Price Quotation Currency - normally, the currency in which the price is quoted is the same as the Settlement Currency (the currency in which the variation or premium are denominated), but for some products these are different. If this field is blank, the Price Quotation Currency is assumed to be the same as the Settlement Currency.</td></tr><tr><td style=\"text-align: right;margin-left: 30.0px;\" class=\"confluenceTd\">\u00a01</td><td class=\"confluenceTd\">165\u00a0</td><td class=\"confluenceTd\">165\u00a0</td><td class=\"confluenceTd\">AN\u00a0</td><td class=\"confluenceTd\">X\u00a0</td><td class=\"confluenceTd\">\u00a0In-The-Money Condition.\u00a0 For option products, specifies how strikes the expire exactly at-the-money are handled.\u00a0 0=ATM is OTM for both calls and puts; 1=ATM is ITM for both calls and puts; 2=ATM is ITM for calls but OTM for puts; and 3=ATM is OTM for calls and ITM for puts.</td></tr><tr><td style=\"text-align: right;\" class=\"confluenceTd\">\u00a01</td><td class=\"confluenceTd\">166\u00a0</td><td class=\"confluenceTd\">166\u00a0</td><td class=\"confluenceTd\">AN\u00a0</td><td class=\"confluenceTd\">X\u00a0</td><td class=\"confluenceTd\">\u00a0Contrary Instruction Eligible Indicator.\u00a0 For option products, indicates whether contrary instructions are allowed at expiration.\u00a0 Y=contraries are allowed; N=contraries are not allowed.</td></tr><tr><td style=\"text-align: right;\" class=\"confluenceTd\">6</td><td class=\"confluenceTd\">167</td><td class=\"confluenceTd\">172</td><td class=\"confluenceTd\">AN</td><td class=\"confluenceTd\">X</td><td class=\"confluenceTd\">Option on Physical Delta Aggregation Method (oopDeltaMeth):\u00a0 Controls how delta from options on physicals is aggregated.\u00a0 Values are ZERO (put to special period zero), PERIOD (put to period of the option), or UND (put to period of the underlying).\u00a0 Default value is PERIOD.</td></tr></tbody></table></div><p><strong>Notes:</strong></p><ol><li>&quot;P&quot; records specify the settlement currency in which prices for contracts in a particular product family are denominated, and provide additional values regarding price specifications and the conversion of quoted prices to contract values.</li><li>PC-SPAN will automatically read data from &quot;P&quot; records and update PC-SPAN's Organization Master file.</li><li>Currently supported values for product type code are\u00a0<strong>FUT</strong>\u00a0for futures,\u00a0<strong>PHY</strong>\u00a0for physicals,\u00a0<strong>CMB</strong>\u00a0for combinations,\u00a0<strong>OOF</strong>\u00a0for options on futures,\u00a0<strong>OOP</strong>\u00a0for options on physicals, and\u00a0<strong>OOC</strong>\u00a0for options on combinations.</li><li>Alignment codes provide values that code for particular non-decimal price formats and are currently used only for certain CBOT and CME products.</li><li>The Contract Value Factor is the multiplier that converts an actual price -- one that has had its decimal point inserted and has been converted, if necessary, to a decimal value -- to the actual contract value.</li><li>The standard cabinet option value is the value to be assigned to a &quot;cabinet&quot; trade if the value is not otherwise specified. The CBOT uses a refinement of this called &quot;variable&quot; cabinets in which the trade value is specified directly in the price field.</li><li>The Quoted Position Quantity per Contract has a value of one in all cases except for certain CBOT grain products, and reflects the historical method of quoting a single position as a &quot;five-lot&quot;.</li><li>The Settlement Currency is the currency in which quoted settlement prices are denominated, and in which settlement variation or option premium are initially denominated. This is also in most cases the currency in which individual trade prices are denominated; at particular markets, however, it is possible for a trade price to be quoted in a different currency than the contract's settlement currency.</li></ol>"
        }
    },
    "title": "Type P Record - Standard and Expanded",
    "id": "457083966",
    "_links": {
        "editui": "/pages/resumedraft.action?draftId=457083966",
        "webui": "/spaces/pubsub/pages/457083966/Type+P+Record+-+Standard+and+Expanded",
        "edituiv2": "/spaces/pubsub/pages/edit-v2/457083966",
        "tinyui": "/x/Pow_Gw",
        "base": "https://cmegroupclientsite.atlassian.net/wiki"
    }
}