{
    "parentId": "457313476",
    "spaceId": "457312811",
    "ownerId": "60653f79352e1e0069fb728f",
    "lastOwnerId": null,
    "createdAt": "2024-12-21T16:42:46.498Z",
    "authorId": "60653f79352e1e0069fb728f",
    "parentType": "page",
    "version": {
        "number": 1,
        "message": "",
        "minorEdit": false,
        "authorId": "60653f79352e1e0069fb728f",
        "createdAt": "2024-12-21T16:42:48.133Z"
    },
    "position": 417557085,
    "body": {
        "export_view": {
            "representation": "export_view",
            "value": "<div class=\"Section1\"><p><style type='text/css'>/*<![CDATA[*/\ndiv.rbtoc1741792359458 {padding: 0px;}\ndiv.rbtoc1741792359458 ul {list-style: disc;margin-left: 0px;}\ndiv.rbtoc1741792359458 li {margin-left: 0px;padding-left: 0px;}\n\n/*]]>*/</style><div class='toc-macro rbtoc1741792359458'>\n<ul class='toc-indentation'>\n<li><a href='#ScriptLanguageforPC-SPANv.4.05andSPANRiskManager-ScriptingUtility'>Scripting Utility</a>\n<ul class='toc-indentation'>\n<li><a href='#ScriptLanguageforPC-SPANv.4.05andSPANRiskManager-GeneralScriptingRules'>General Scripting Rules</a></li>\n<li><a href='#ScriptLanguageforPC-SPANv.4.05andSPANRiskManager-CommandList'>Command List</a></li>\n<li><a href='#ScriptLanguageforPC-SPANv.4.05andSPANRiskManager-CommandsAvailableinBothSPANITandSPANITRM-Clearing'>Commands Available in Both SPANIT and SPANITRM-Clearing</a>\n<ul class='toc-indentation'>\n<li><a href='#ScriptLanguageforPC-SPANv.4.05andSPANRiskManager-LoadfileName[(NOREPLACE|,USEXTLAYOUT)][,busDate[,settleFlag[(,finalFlag|,busTime)[,description]]]]'>Load fileName [(NOREPLACE |,USEXTLAYOUT)][,busDate [,settleFlag [(,finalFlag | ,busTime)[, description]]]]</a></li>\n<li><a href='#ScriptLanguageforPC-SPANv.4.05andSPANRiskManager-Calc[busDate[,settleFlag[(,finalFlag|,busTime)[,description]]]][[,]PORTFOLIO[,firmCode[,acctCode[,segType]]]]'>Calc [busDate [,settleFlag [(,finalFlag | ,busTime)[, description]]]] [[,]PORTFOLIO [,firmCode [,acctCode [,segType]]]]</a></li>\n<li><a href='#ScriptLanguageforPC-SPANv.4.05andSPANRiskManager-Delete[busDate[,settleFlag[(,finalFlag|,busTime)[,description]]]][[,]PORTFOLIO[,firmCode[,acctCode[,segType]]]]'>Delete [busDate [,settleFlag [(,finalFlag | ,busTime)[, description]]]] [[,]PORTFOLIO [,firmCode [,acctCode [,segType]]]]</a></li>\n<li><a href='#ScriptLanguageforPC-SPANv.4.05andSPANRiskManager-SavefileName'>Save fileName</a></li>\n<li><a href='#ScriptLanguageforPC-SPANv.4.05andSPANRiskManager-SaveCalcSummaryfileName'>SaveCalcSummary fileName</a></li>\n<li><a href='#ScriptLanguageforPC-SPANv.4.05andSPANRiskManager-Log[processLimit][,priorityLimit]'>Log [processLimit][,priorityLimit]</a></li>\n<li><a href='#ScriptLanguageforPC-SPANv.4.05andSPANRiskManager-LogSavefileName'>LogSave fileName</a></li>\n<li><a href='#ScriptLanguageforPC-SPANv.4.05andSPANRiskManager-SavePortfoliosfileName'>SavePortfolios fileName</a></li>\n<li><a href='#ScriptLanguageforPC-SPANv.4.05andSPANRiskManager-SavePositionsfileName'>SavePositions fileName</a></li>\n<li><a href='#ScriptLanguageforPC-SPANv.4.05andSPANRiskManager-LogClear'>LogClear</a></li>\n<li><a href='#ScriptLanguageforPC-SPANv.4.05andSPANRiskManager-CopyPointInTimedescription[,busDate[,settleFlag[,finalFlag|,busTime]]]'>CopyPointInTime description [,busDate [,settleFlag [,finalFlag | ,busTime]]]</a></li>\n<li><a href='#ScriptLanguageforPC-SPANv.4.05andSPANRiskManager-ResetPointInTime'>ResetPointInTime</a></li>\n<li><a href='#ScriptLanguageforPC-SPANv.4.05andSPANRiskManager-SelectPointInTime[busDate[,settleFlag[(,finalFlag|,busTime)[,description]]]]'>SelectPointInTime [busDate [,settleFlag [(,finalFlag | ,busTime)[, description]]]]</a></li>\n<li><a href='#ScriptLanguageforPC-SPANv.4.05andSPANRiskManager-Print[DateTime][,SelPIT][,AllPIT][,SelExc][,SelBFCC][,SelPf][,StartPeriod][,EndPeriod]'>Print [DateTime] [,SelPIT] [,AllPIT] [,SelExc] [,SelBFCC] [,SelPf] [,StartPeriod] [,EndPeriod]</a></li>\n</ul>\n</li>\n<li><a href='#ScriptLanguageforPC-SPANv.4.05andSPANRiskManager-AdditionalcommandsavailableonlyinSPANRiskManager-Clearing:'>Additional commands available only in SPAN Risk Manager-Clearing:</a>\n<ul class='toc-indentation'>\n<li><a href='#ScriptLanguageforPC-SPANv.4.05andSPANRiskManager-SaveVarSummaryfileName'>SaveVarSummary fileName</a></li>\n<li><a href='#ScriptLanguageforPC-SPANv.4.05andSPANRiskManager-SelectExchangeComplexexcAcro'>SelectExchangeComplex excAcro</a></li>\n<li><a href='#ScriptLanguageforPC-SPANv.4.05andSPANRiskManager-SelectBFCCccCode'>SelectBFCC ccCode</a></li>\n<li><a href='#ScriptLanguageforPC-SPANv.4.05andSPANRiskManager-SelectProductFamilyexchCode,pfCode,pfType'>SelectProductFamily exchCode ,pfCode ,pfType</a></li>\n<li><a href='#ScriptLanguageforPC-SPANv.4.05andSPANRiskManager-SetStartPeriodperiodCode'>SetStartPeriod periodCode</a></li>\n<li><a href='#ScriptLanguageforPC-SPANv.4.05andSPANRiskManager-SetEndPeriodperiodCode'>SetEndPeriod periodCode</a></li>\n<li><a href='#ScriptLanguageforPC-SPANv.4.05andSPANRiskManager-ReplicateBasePrices[busDate[,settleFlag[(,finalFlag|,busTime)[,description]]]]'>ReplicateBasePrices [busDate [,settleFlag [(,finalFlag | ,busTime)[, description]]]]</a></li>\n<li><a href='#ScriptLanguageforPC-SPANv.4.05andSPANRiskManager-ResetExchangeComplex'>ResetExchangeComplex</a></li>\n<li><a href='#ScriptLanguageforPC-SPANv.4.05andSPANRiskManager-ResetBFCC'>ResetBFCC</a></li>\n<li><a href='#ScriptLanguageforPC-SPANv.4.05andSPANRiskManager-ResetMarketPrices'>ResetMarketPrices</a></li>\n<li><a href='#ScriptLanguageforPC-SPANv.4.05andSPANRiskManager-ResetProductFamily'>ResetProductFamily</a></li>\n<li><a href='#ScriptLanguageforPC-SPANv.4.05andSPANRiskManager-ResetPeriods'>ResetPeriods</a></li>\n<li><a href='#ScriptLanguageforPC-SPANv.4.05andSPANRiskManager-ResetPrices[productType]'>ResetPrices [productType]</a></li>\n<li><a href='#ScriptLanguageforPC-SPANv.4.05andSPANRiskManager-CalcImpliedVolatility'>CalcImpliedVolatility</a></li>\n<li><a href='#ScriptLanguageforPC-SPANv.4.05andSPANRiskManager-CalcCallPutAverage'>CalcCallPutAverage</a></li>\n<li><a href='#ScriptLanguageforPC-SPANv.4.05andSPANRiskManager-CalcSeriesVolatilityuseZero,minExpTime,maxIn,maxOut,minAccept'>CalcSeriesVolatility useZero, minExpTime, maxIn, maxOut, minAccept</a></li>\n<li><a href='#ScriptLanguageforPC-SPANv.4.05andSPANRiskManager-CalcPricemeth,resetAll'>CalcPrice meth, resetAll</a></li>\n<li><a href='#ScriptLanguageforPC-SPANv.4.05andSPANRiskManager-CalcRiskArraymeth,limitAtOptValue'>CalcRiskArray meth, limitAtOptValue</a></li>\n<li><a href='#ScriptLanguageforPC-SPANv.4.05andSPANRiskManager-CalcValues'>CalcValues</a></li>\n<li><a href='#ScriptLanguageforPC-SPANv.4.05andSPANRiskManager-DoMarketObservation'>DoMarketObservation</a></li>\n<li><a href='#ScriptLanguageforPC-SPANv.4.05andSPANRiskManager-UpdatePricevalue[,method]'>UpdatePrice value [,method]</a></li>\n<li><a href='#ScriptLanguageforPC-SPANv.4.05andSPANRiskManager-UpdateVolatilityvalue[,method]'>UpdateVolatility value [,method]</a></li>\n<li><a href='#ScriptLanguageforPC-SPANv.4.05andSPANRiskManager-UpdatePriceScanvalue[,method]'>UpdatePriceScan value [,method]</a></li>\n<li><a href='#ScriptLanguageforPC-SPANv.4.05andSPANRiskManager-UpdateVolScanvalue[,method]'>UpdateVolScan value [,method]</a></li>\n<li><a href='#ScriptLanguageforPC-SPANv.4.05andSPANRiskManager-UpdateRiskFreeRatevalue[,method]'>UpdateRiskFreeRate value [,method]</a></li>\n<li><a href='#ScriptLanguageforPC-SPANv.4.05andSPANRiskManager-UpdateDividendYieldvalue[,method]'>UpdateDividendYield value [,method]</a></li>\n<li><a href='#ScriptLanguageforPC-SPANv.4.05andSPANRiskManager-UpdateTimeToExpirationvalue[,method]'>UpdateTimeToExpiration value [,method]</a></li>\n<li><a href='#ScriptLanguageforPC-SPANv.4.05andSPANRiskManager-ApplyWhatIffileName[,DO_CALC]'>ApplyWhatIf fileName [,DO_CALC]</a></li>\n<li><a href='#ScriptLanguageforPC-SPANv.4.05andSPANRiskManager-ApplyVolatilitySkew[SkewMethod]'>ApplyVolatilitySkew [SkewMethod]</a></li>\n<li><a href='#ScriptLanguageforPC-SPANv.4.05andSPANRiskManager-AdditionalcommandsavailableinPC-SPAN+PCCreditandPC-SPANRMClearing+PCCredit'>Additional commands available in PC-SPAN + PC Credit and PC-SPAN RM Clearing + PC Credit</a></li>\n<li><a href='#ScriptLanguageforPC-SPANv.4.05andSPANRiskManager-SaveCDSPositionsfileName'>SaveCDSPositions fileName</a></li>\n</ul>\n</li>\n</ul>\n</li>\n</ul>\n</div></p><h1 id=\"ScriptLanguageforPC-SPANv.4.05andSPANRiskManager-ScriptingUtility\">Scripting Utility</h1><br/><p>PC-SPAN version 4's scripting component is available as a separate utility, called\u00a0<strong>spanit</strong>. You can call it from the command line or batch file by issuing the following command:</p><br/><p>\u00a0\u00a0\u00a0\u00a0\u00a0\u00a0\u00a0\u00a0\u00a0\u00a0\u00a0<strong>spanit</strong>\u00a0<em>fileName</em></p><br/><p>Where\u00a0<em>fileName</em>\u00a0is a fully specified pathname of the script file. Scripting component will attempt to execute commands in the script file and will return 0 if successful and 1 if any significant error is encountered.</p><br/><p>If you have the SPAN Risk Manager-Clearing software, the scripting component is called\u00a0<strong>spanitrm.\u00a0\u00a0</strong>You work with this component in exactly the same manner as you do with\u00a0<strong>spanit</strong>.\u00a0 The only difference is that the script commands available in\u00a0<strong>spanitrm</strong>\u00a0are a superset of those available in\u00a0<strong>spanit.</strong></p><h2 id=\"ScriptLanguageforPC-SPANv.4.05andSPANRiskManager-GeneralScriptingRules\">General Scripting Rules</h2><br/><p>Script should be written as a regular ASCII file. There are no restrictions on the naming of the file other than restrictions placed by the file system. Every command in the file should be on a separate line (CR serves as a delimiter). Parameters for commands are delimited by comma (any number of spaces between parameters is allowed). Any number of empty lines is allowed between commands. Comments should be placed on separate lines. Comment lines should start with \u201c//\u201d, though any line which starts with something other than one of command keywords will be considered a comment. Script language is case insensitive, however it is recommended that all commands are entered exactly as described in this document for clarity of the script. Any text after the last possible parameter for every command will be ignored. However it is not recommended to exploit this feature for writing comments \u2013 it might slow down script processing and can cause your scripts to stop working with future versions of PC-SPAN batch.</p><h2 id=\"ScriptLanguageforPC-SPANv.4.05andSPANRiskManager-CommandList\"><strong>Command List</strong></h2><hr/><div class=\"table-wrap\"><table class=\"confluenceTable\"><tbody><tr><td class=\"confluenceTd\">\u00a0</td><td class=\"confluenceTd\"><strong>SPANIT and SpanitRM-Clearing</strong></td><td class=\"confluenceTd\">\u00a0</td><td class=\"confluenceTd\"><strong>SpanitRM-Clearing Only</strong></td></tr><tr><td class=\"confluenceTd\">\u00a0</td><td class=\"confluenceTd\">Calc</td><td class=\"confluenceTd\">\u00a0</td><td class=\"confluenceTd\">ApplyVolatilitySkew</td></tr><tr><td class=\"confluenceTd\">\u00a0</td><td class=\"confluenceTd\">CopyPointInTime</td><td class=\"confluenceTd\">\u00a0</td><td class=\"confluenceTd\">ApplyWhatIf</td></tr><tr><td class=\"confluenceTd\">\u00a0</td><td class=\"confluenceTd\">Delete</td><td class=\"confluenceTd\">\u00a0</td><td class=\"confluenceTd\">CalcCallPutAverage</td></tr><tr><td class=\"confluenceTd\">\u00a0</td><td class=\"confluenceTd\">Load</td><td class=\"confluenceTd\">\u00a0</td><td class=\"confluenceTd\">CalcImpliedVolatility</td></tr><tr><td class=\"confluenceTd\">\u00a0</td><td class=\"confluenceTd\">Log</td><td class=\"confluenceTd\">\u00a0</td><td class=\"confluenceTd\">CalcPrice</td></tr><tr><td class=\"confluenceTd\">\u00a0</td><td class=\"confluenceTd\">LogClear</td><td class=\"confluenceTd\">\u00a0</td><td class=\"confluenceTd\">CalcRiskArray</td></tr><tr><td class=\"confluenceTd\">\u00a0</td><td class=\"confluenceTd\">LogSave</td><td class=\"confluenceTd\">\u00a0</td><td class=\"confluenceTd\">CalcSeriesVolatility</td></tr><tr><td class=\"confluenceTd\">\u00a0</td><td class=\"confluenceTd\">ResetPointInTime</td><td class=\"confluenceTd\">\u00a0</td><td class=\"confluenceTd\">CalcValues</td></tr><tr><td class=\"confluenceTd\">\u00a0</td><td class=\"confluenceTd\">Save</td><td class=\"confluenceTd\">\u00a0</td><td class=\"confluenceTd\">DoMarketObservation</td></tr><tr><td class=\"confluenceTd\">\u00a0</td><td class=\"confluenceTd\">SaveCalcSummary</td><td class=\"confluenceTd\">\u00a0</td><td class=\"confluenceTd\">ReplicateBasePrices</td></tr><tr><td class=\"confluenceTd\">\u00a0</td><td class=\"confluenceTd\">SavePortfolios</td><td class=\"confluenceTd\">\u00a0</td><td class=\"confluenceTd\">ResetBFCC</td></tr><tr><td class=\"confluenceTd\">\u00a0</td><td class=\"confluenceTd\">SavePositions</td><td class=\"confluenceTd\">\u00a0</td><td class=\"confluenceTd\">ResetExchangeComplex</td></tr><tr><td class=\"confluenceTd\">\u00a0</td><td class=\"confluenceTd\">SelectPointInTime</td><td class=\"confluenceTd\">\u00a0</td><td class=\"confluenceTd\">ResetMarketPrices</td></tr><tr><td class=\"confluenceTd\">\u00a0</td><td class=\"confluenceTd\">Print</td><td class=\"confluenceTd\">\u00a0</td><td class=\"confluenceTd\">ResetPeriods</td></tr><tr><td class=\"confluenceTd\">\u00a0</td><td class=\"confluenceTd\"><strong>PC-SPAN + PC Credit and PC-SPAN RM Clearing + PC Credit</strong></td><td class=\"confluenceTd\">\u00a0</td><td class=\"confluenceTd\">ResetPrices</td></tr><tr><td class=\"confluenceTd\">\u00a0</td><td class=\"confluenceTd\">SaveCDSPositions</td><td class=\"confluenceTd\">\u00a0</td><td class=\"confluenceTd\">ResetProductFamily</td></tr><tr><td class=\"confluenceTd\">\u00a0</td><td class=\"confluenceTd\">\u00a0</td><td class=\"confluenceTd\">\u00a0</td><td class=\"confluenceTd\">SaveVarSummary</td></tr><tr><td class=\"confluenceTd\">\u00a0</td><td class=\"confluenceTd\">\u00a0</td><td class=\"confluenceTd\">\u00a0</td><td class=\"confluenceTd\">SelectBFCC</td></tr><tr><td class=\"confluenceTd\">\u00a0</td><td class=\"confluenceTd\">\u00a0</td><td class=\"confluenceTd\">\u00a0</td><td class=\"confluenceTd\">SelectExchangeComplex</td></tr><tr><td class=\"confluenceTd\">\u00a0</td><td class=\"confluenceTd\">\u00a0</td><td class=\"confluenceTd\">\u00a0</td><td class=\"confluenceTd\">SelectProductFamily</td></tr><tr><td class=\"confluenceTd\">\u00a0</td><td class=\"confluenceTd\">\u00a0</td><td class=\"confluenceTd\">\u00a0</td><td class=\"confluenceTd\">SetStartPeriod</td></tr><tr><td class=\"confluenceTd\">\u00a0</td><td class=\"confluenceTd\">\u00a0</td><td class=\"confluenceTd\">\u00a0</td><td class=\"confluenceTd\">UpdateDividendYield</td></tr><tr><td class=\"confluenceTd\">\u00a0</td><td class=\"confluenceTd\">\u00a0</td><td class=\"confluenceTd\">\u00a0</td><td class=\"confluenceTd\">UpdatePrice</td></tr><tr><td class=\"confluenceTd\">\u00a0</td><td class=\"confluenceTd\">\u00a0</td><td class=\"confluenceTd\">\u00a0</td><td class=\"confluenceTd\">UpdatePriceScan</td></tr><tr><td class=\"confluenceTd\">\u00a0</td><td class=\"confluenceTd\">\u00a0</td><td class=\"confluenceTd\">\u00a0</td><td class=\"confluenceTd\">UpdateRiskFreeRate</td></tr><tr><td class=\"confluenceTd\">\u00a0</td><td class=\"confluenceTd\">\u00a0</td><td class=\"confluenceTd\">\u00a0</td><td class=\"confluenceTd\">UpdateTimeToExpiration</td></tr><tr><td class=\"confluenceTd\">\u00a0</td><td class=\"confluenceTd\">\u00a0</td><td class=\"confluenceTd\">\u00a0</td><td class=\"confluenceTd\">UpdateVolatility</td></tr><tr><td class=\"confluenceTd\">\u00a0</td><td class=\"confluenceTd\">\u00a0</td><td class=\"confluenceTd\">\u00a0</td><td class=\"confluenceTd\">UpdateVolScan</td></tr></tbody></table></div><hr/><h2 id=\"ScriptLanguageforPC-SPANv.4.05andSPANRiskManager-CommandsAvailableinBothSPANITandSPANITRM-Clearing\">Commands Available in Both\u00a0<strong>SPANIT</strong>\u00a0and\u00a0<strong>SPANITRM-Clearing</strong></h2><h3 id=\"ScriptLanguageforPC-SPANv.4.05andSPANRiskManager-LoadfileName[(NOREPLACE|,USEXTLAYOUT)][,busDate[,settleFlag[(,finalFlag|,busTime)[,description]]]]\"><strong><u>Load</u>\u00a0fileName [(NOREPLACE |,USEXTLAYOUT)][,<em>busDate</em>\u00a0[,<em>settleFlag</em>\u00a0[(,<em>finalFlag</em>\u00a0| ,<em>busTime</em>)[,\u00a0<em>description</em>]]]]</strong></h3><br/><p><strong>Description:</strong></p><p>Load file specified in filename into SPAN Risk Manager</p><br/><p><strong>Parameters:</strong></p><br/><p>\u00d8\u00a0\u00a0\u00a0\u00a0\u00a0<em>fileName</em>\u00a0\u00a0\u00a0\u00a0\u00a0\u00a0\u00a0\u00a0\u00a0\u00a0\u00a0fully specified path name of the file to load (required)</p><p>\u00d8\u00a0\u00a0\u00a0\u00a0\u00a0<em>busDate</em>\u00a0\u00a0\u00a0\u00a0\u00a0\u00a0\u00a0\u00a0\u00a0\u00a0\u00a0\u00a0business date in YYYYMMDD format (optional)</p><p>\u00d8\u00a0\u00a0\u00a0\u00a0\u00a0<em>settleFlag</em>\u00a0\u00a0\u00a0\u00a0\u00a0\u00a0\u00a0\u00a0\u00a0S(settle) or I(intraday) (optional)</p><p>\u00d8\u00a0\u00a0\u00a0\u00a0\u00a0<em>finalFlag</em>\u00a0\u00a0\u00a0\u00a0\u00a0\u00a0\u00a0\u00a0\u00a0\u00a0E(early) or F(final) (optional)</p><p>\u00d8\u00a0\u00a0\u00a0\u00a0\u00a0<em>busTime</em>\u00a0\u00a0\u00a0\u00a0\u00a0\u00a0\u00a0\u00a0\u00a0\u00a0\u00a0\u00a0business time in HHMM format (optional)</p><p>\u00d8\u00a0\u00a0\u00a0\u00a0\u00a0<em>description</em>\u00a0\u00a0\u00a0\u00a0\u00a0\u00a0\u00a0point in time description (optional)</p><br/><p><strong>Remarks:</strong></p><p>Use this command to load files into SPAN Risk Manager. It supports all file formats: *.par, *.pa2, .txt (positions file), and XML.\u00a0NOREPLACE flag\u00a0specifies that PC-SPAN should not replace already loaded exchange complexes with the ones from the file (it replaces by default). Other optional parameters could be used if you are loading positions file (.txt or XML format - *.pos). USEXTLAYOUT flag is useful when you are loading a *.txt positions file with Span4 extended layout and want to use this layout (have risk parameter file in XML format). The rest of the parameters specify the point in time where positions should be loaded. If these parameters are not specified (by default) positions will be loaded into the point in time specified in the positions file. If this point in time is not present first available point in time will be used. It is not necessary to fully specify point in time \u2013 in most cases just date is sufficient to identify point in time.</p><h3 id=\"ScriptLanguageforPC-SPANv.4.05andSPANRiskManager-Calc[busDate[,settleFlag[(,finalFlag|,busTime)[,description]]]][[,]PORTFOLIO[,firmCode[,acctCode[,segType]]]]\"><u>Calc</u>\u00a0[<em>busDate</em>\u00a0[,<em>settleFlag</em>\u00a0[(,<em>finalFlag</em>\u00a0| ,<em>busTime</em>)[,\u00a0<em>description</em>]]]] [[,]PORTFOLIO [,<em>firmCode</em>\u00a0[,<em>acctCode</em>\u00a0[,<em>segType</em>]]]]\u00a0</h3><br/><p><strong>Description:</strong></p><p>Calculate portfolios loaded into SPAN Risk Manager.</p><br/><p><strong>Parameters:</strong></p><br/><p>\u00d8\u00a0\u00a0\u00a0\u00a0\u00a0<em>busDate</em>\u00a0\u00a0\u00a0\u00a0\u00a0\u00a0\u00a0\u00a0\u00a0\u00a0\u00a0\u00a0business date in YYYYMMDD format (optional)</p><p>\u00d8\u00a0\u00a0\u00a0\u00a0\u00a0<em>settleFlag</em>\u00a0\u00a0\u00a0 \u00a0\u00a0\u00a0\u00a0\u00a0S(settle) or I(intraday) (optional)</p><p>\u00d8\u00a0\u00a0\u00a0\u00a0\u00a0<em>finalFlag</em>\u00a0\u00a0\u00a0\u00a0\u00a0\u00a0\u00a0\u00a0\u00a0\u00a0E(early) or F(final) (optional)</p><p>\u00d8\u00a0\u00a0\u00a0\u00a0\u00a0<em>busTime</em>\u00a0\u00a0\u00a0\u00a0\u00a0\u00a0\u00a0\u00a0\u00a0\u00a0\u00a0\u00a0business time in HHMM format (optional)</p><p>\u00d8\u00a0\u00a0\u00a0\u00a0\u00a0<em>description</em>\u00a0\u00a0\u00a0\u00a0\u00a0\u00a0\u00a0point in time description (optional)</p><p>\u00d8\u00a0\u00a0\u00a0\u00a0\u00a0<em>firmCode<strong>\u00a0\u00a0\u00a0\u00a0\u00a0\u00a0\u00a0\u00a0\u00a0\u00a0</strong></em>firm code for portfolio (optional)</p><p>\u00d8\u00a0\u00a0\u00a0\u00a0\u00a0<em>acctCode<strong>\u00a0\u00a0\u00a0\u00a0\u00a0\u00a0\u00a0\u00a0\u00a0\u00a0</strong></em>account code for portfolio (optional)</p><p>\u00d8\u00a0\u00a0\u00a0\u00a0\u00a0<em>segType<strong>\u00a0\u00a0\u00a0\u00a0\u00a0\u00a0\u00a0\u00a0\u00a0\u00a0\u00a0\u00a0</strong></em>segregation type for portfolio CUST or HOUS (optional)</p><br/><p><strong>Remarks:</strong></p><p>Use this command to calculate portfolios loaded into SPAN Risk Manager. If no optional parameters are specified all portfolios will be calculated. If some of the parameters specifying point in time are present only portfolios for corresponding points in time will be calculated. Use this command to calculate portfolios loaded into SPAN Risk Manager. If no optional parameters are specified all portfolios will be calculated. If some of the parameters specifying point in time are present only portfolios for corresponding points in time will be calculated. It is not necessary to fully specify point in time \u2013 in most cases just date is sufficient to identify point in time. If, in addition to point in time, some parameters specifying particular portfolio are present only corresponding portfolios from the specified point in time will be calculated.</p><br/><h3 id=\"ScriptLanguageforPC-SPANv.4.05andSPANRiskManager-Delete[busDate[,settleFlag[(,finalFlag|,busTime)[,description]]]][[,]PORTFOLIO[,firmCode[,acctCode[,segType]]]]\">Delete\u00a0[<em>busDate</em>\u00a0[,<em>settleFlag</em>\u00a0[(,<em>finalFlag</em>\u00a0| ,<em>busTime</em>)[,\u00a0<em>description</em>]]]] [[,]PORTFOLIO [,<em>firmCode</em>\u00a0[,<em>acctCode</em>\u00a0[,<em>segType</em>]]]]\u00a0</h3><br/><p><strong>Description:</strong></p><p>Calculate portfolios loaded into SPAN Risk Manager.</p><br/><p><strong>Parameters:</strong></p><br/><p>\u00d8\u00a0\u00a0\u00a0\u00a0\u00a0<em>busDate</em>\u00a0\u00a0\u00a0\u00a0\u00a0\u00a0\u00a0\u00a0\u00a0\u00a0\u00a0\u00a0business date in YYYYMMDD format (required)</p><p>\u00d8\u00a0\u00a0\u00a0\u00a0\u00a0<em>settleFlag</em>\u00a0\u00a0\u00a0\u00a0\u00a0\u00a0\u00a0\u00a0\u00a0S(settle) or I(intraday) (optional)</p><p>\u00d8\u00a0\u00a0\u00a0\u00a0\u00a0<em>finalFlag</em>\u00a0\u00a0\u00a0\u00a0\u00a0\u00a0\u00a0\u00a0\u00a0\u00a0E(early) or F(final) (optional)</p><p>\u00d8\u00a0\u00a0\u00a0\u00a0\u00a0<em>busTime</em>\u00a0\u00a0\u00a0\u00a0\u00a0\u00a0\u00a0\u00a0\u00a0\u00a0\u00a0\u00a0business time in HHMM format (optional)</p><p>\u00d8\u00a0\u00a0\u00a0\u00a0\u00a0<em>description</em>\u00a0\u00a0\u00a0\u00a0\u00a0\u00a0\u00a0point in time description (optional)</p><p>\u00d8\u00a0\u00a0\u00a0\u00a0\u00a0<em>firmCode<strong>\u00a0\u00a0\u00a0\u00a0\u00a0\u00a0\u00a0\u00a0\u00a0\u00a0</strong></em>firm code for portfolio (optional)</p><p>\u00d8\u00a0\u00a0\u00a0\u00a0\u00a0<em>acctCode<strong>\u00a0\u00a0\u00a0\u00a0\u00a0\u00a0\u00a0\u00a0\u00a0\u00a0</strong></em>account code for portfolio (optional)</p><p>\u00d8\u00a0\u00a0\u00a0\u00a0\u00a0<em>segType<strong>\u00a0\u00a0\u00a0\u00a0\u00a0\u00a0\u00a0\u00a0\u00a0\u00a0\u00a0\u00a0</strong></em>segregation type for portfolio CUST or HOUS (optional)</p><br/><p><strong>Remarks:</strong></p><p>Use this command to delete portfolios and risk parameters loaded into SPAN Risk Manager. If no optional parameters are specified all portfolios and risk arrays will be deleted. If some of the parameters specifying point in time are present only this points in time corresponding to these parameters will be deleted. It is not necessary to fully specify point in time \u2013 in most cases just date is sufficient to identify point in time. If, in addition to point in time, some parameters specifying particular portfolio are present only portfolios corresponding to these parameters in the specified (or first) point in time will be deleted.</p><br/><h3 id=\"ScriptLanguageforPC-SPANv.4.05andSPANRiskManager-SavefileName\"><u>Save</u>\u00a0<em>fileName</em></h3><br/><p><strong>Description:</strong></p><p>Save\u00a0\u00a0SPAN Risk Manager results into the file specified in filename</p><br/><p><strong>Parameters:</strong></p><br/><p>\u00d8\u00a0\u00a0\u00a0\u00a0\u00a0<em>fileName</em>\u00a0\u00a0\u00a0\u00a0\u00a0\u00a0\u00a0\u00a0\u00a0\u00a0\u00a0\u00a0fully specified path name of the file (required)</p><br/><p><strong>Remarks:</strong></p><p>Use this command to save SPAN Risk Manager calculation results into the file. Results will be saved in the XML file format.</p><br/><h3 id=\"ScriptLanguageforPC-SPANv.4.05andSPANRiskManager-SaveCalcSummaryfileName\"><u>SaveCalcSummary</u>\u00a0<em>fileName</em></h3><br/><p><strong>Description:</strong></p><p>Save PB Calculation Summary file to the file specified in filename in .CSV format</p><br/><p><strong>Parameters:</strong></p><br/><p>\u00d8\u00a0\u00a0\u00a0\u00a0\u00a0<em>fileName</em>\u00a0\u00a0\u00a0\u00a0\u00a0\u00a0\u00a0\u00a0\u00a0\u00a0\u00a0\u00a0fully specified path name of the file (required)</p><br/><p><strong>Remarks:</strong></p><p>Use this command to save SPAN Performance Bond calculation results into the specified file. Results will be saved in the .CSV file format.</p><br/><h3 id=\"ScriptLanguageforPC-SPANv.4.05andSPANRiskManager-Log[processLimit][,priorityLimit]\"><u>Log</u>\u00a0[<em>processLimit</em>][,<em>priorityLimit</em>]\u00a0</h3><br/><p><strong>Description:</strong></p><p>Specifies parameters for logging.</p><br/><p><strong>Parameters:</strong></p><br/><p>\u00d8\u00a0\u00a0\u00a0\u00a0\u00a0<em>processLimit</em>\u00a0\u00a0\u00a0\u00a0\u00a0\u00a0\u00a0\u00a0\u00a0\u00a0\u00a0\u00a0upper limit for process id of the log message source (required)</p><p>\u00d8\u00a0\u00a0\u00a0\u00a0\u00a0<em>priorityLimit</em>\u00a0\u00a0\u00a0\u00a0\u00a0\u00a0\u00a0\u00a0\u00a0\u00a0\u00a0\u00a0lower limit for the log message priority (optional)</p><br/><p><strong>Remarks:</strong></p><p>Use this command to specify logging parameters for SPAN Risk Manager. You can issue this command in any place within your script. Possible values for parameters are:</p><br/><p>For\u00a0<em>processLimit:</em></p><br/><p>PROC_ID_LOAD_RISK\u00a0\u00a0\u00a0\u00a0\u00a0\u00a0\u00a0\u00a0\u00a0\u00a0\u00a0\u00a0\u00a0\u00a0\u00a0\u00a0\u00a0\u00a0\u00a0\u00a0\u00a0\u00a0\u00a0\u00a0\u00a0\u00a0\u00a0\u00a0= 10;</p><p>PROC_ID_LOAD_POS\u00a0\u00a0\u00a0\u00a0\u00a0\u00a0\u00a0\u00a0\u00a0\u00a0\u00a0\u00a0\u00a0\u00a0\u00a0\u00a0\u00a0\u00a0\u00a0\u00a0\u00a0\u00a0\u00a0\u00a0\u00a0\u00a0\u00a0\u00a0\u00a0\u00a0= 20;</p><p>PROC_ID_LOAD_XML\u00a0\u00a0\u00a0\u00a0\u00a0\u00a0\u00a0\u00a0\u00a0\u00a0\u00a0\u00a0\u00a0\u00a0\u00a0\u00a0\u00a0\u00a0\u00a0\u00a0\u00a0\u00a0\u00a0\u00a0\u00a0\u00a0\u00a0\u00a0\u00a0= 30;</p><p>PROC_ID_OMNIBUS\u00a0\u00a0\u00a0\u00a0\u00a0\u00a0\u00a0\u00a0\u00a0\u00a0\u00a0\u00a0\u00a0\u00a0\u00a0\u00a0\u00a0\u00a0\u00a0\u00a0\u00a0\u00a0\u00a0\u00a0\u00a0\u00a0\u00a0\u00a0\u00a0\u00a0\u00a0\u00a0= 40;</p><p>PROC_ID_CALC_START\u00a0\u00a0\u00a0\u00a0\u00a0\u00a0\u00a0\u00a0\u00a0\u00a0\u00a0\u00a0\u00a0\u00a0\u00a0\u00a0\u00a0\u00a0\u00a0\u00a0\u00a0\u00a0\u00a0\u00a0\u00a0\u00a0= 51;</p><p>PROC_ID_CALC_PBOND\u00a0\u00a0\u00a0\u00a0\u00a0\u00a0\u00a0\u00a0\u00a0\u00a0\u00a0\u00a0\u00a0\u00a0\u00a0\u00a0\u00a0\u00a0\u00a0\u00a0\u00a0\u00a0\u00a0\u00a0\u00a0= 60;</p><p>PROC_ID_CALC_SPREAD\u00a0\u00a0\u00a0\u00a0\u00a0\u00a0\u00a0\u00a0\u00a0\u00a0\u00a0\u00a0\u00a0\u00a0\u00a0\u00a0\u00a0\u00a0\u00a0\u00a0\u00a0\u00a0\u00a0= 70;</p><p>PROC_ID_CALC_LIQ_RISK\u00a0\u00a0\u00a0\u00a0\u00a0\u00a0\u00a0\u00a0\u00a0\u00a0\u00a0\u00a0\u00a0\u00a0\u00a0\u00a0\u00a0\u00a0\u00a0\u00a0\u00a0= 80;</p><p>PROC_ID_CALC_DETAIL_START\u00a0\u00a0\u00a0\u00a0\u00a0\u00a0\u00a0\u00a0\u00a0\u00a0= 101;</p><p>PROC_ID_CALC_SPREAD_DETAIL\u00a0\u00a0\u00a0\u00a0\u00a0\u00a0\u00a0\u00a0= 110;</p><p>PROC_ID_CALC_LIQ_RISK_DETAIL\u00a0\u00a0\u00a0\u00a0\u00a0\u00a0= 120;</p><p>PROC_ID_CALC_POS_DETAIL\u00a0\u00a0\u00a0\u00a0\u00a0\u00a0\u00a0\u00a0\u00a0\u00a0\u00a0\u00a0\u00a0\u00a0\u00a0\u00a0= 130;</p><p>PROC_ID_UPPER\u00a0\u00a0\u00a0\u00a0\u00a0\u00a0\u00a0\u00a0\u00a0\u00a0\u00a0\u00a0\u00a0\u00a0\u00a0\u00a0\u00a0\u00a0\u00a0\u00a0\u00a0\u00a0\u00a0\u00a0\u00a0\u00a0\u00a0\u00a0\u00a0\u00a0\u00a0\u00a0\u00a0\u00a0\u00a0\u00a0\u00a0\u00a0\u00a0= -1;</p><br/><p>For\u00a0<em>priorityLimit:</em></p><p>PRIORITY_ID_LOW\u00a0\u00a0\u00a0\u00a0\u00a0\u00a0\u00a0\u00a0\u00a0\u00a0\u00a0\u00a0\u00a0\u00a0\u00a0\u00a0\u00a0\u00a0\u00a0\u00a0\u00a0\u00a0\u00a0\u00a0\u00a0\u00a0\u00a0\u00a0\u00a0\u00a0\u00a0\u00a0\u00a0\u00a0\u00a0= -1;</p><p>PRIORITY_ID_NORMAL\u00a0\u00a0\u00a0\u00a0\u00a0\u00a0\u00a0\u00a0\u00a0\u00a0\u00a0\u00a0\u00a0\u00a0\u00a0\u00a0\u00a0\u00a0\u00a0\u00a0\u00a0\u00a0\u00a0\u00a0\u00a0\u00a0\u00a0= 10;</p><p>PRIORITY_ID_WARNING\u00a0\u00a0\u00a0\u00a0\u00a0\u00a0\u00a0\u00a0\u00a0\u00a0\u00a0\u00a0\u00a0\u00a0\u00a0\u00a0\u00a0\u00a0\u00a0\u00a0\u00a0\u00a0\u00a0\u00a0\u00a0= 20;</p><p>PRIORITY_ID_ERROR\u00a0\u00a0\u00a0\u00a0\u00a0\u00a0\u00a0\u00a0\u00a0\u00a0\u00a0\u00a0\u00a0\u00a0\u00a0\u00a0\u00a0\u00a0\u00a0\u00a0\u00a0\u00a0\u00a0\u00a0\u00a0\u00a0\u00a0\u00a0\u00a0\u00a0\u00a0= 30;</p><p>Default values are 0 and 30 (only errors are logged).</p><h3 id=\"ScriptLanguageforPC-SPANv.4.05andSPANRiskManager-LogSavefileName\"><u>LogSave</u>\u00a0<em>fileName</em></h3><br/><p><strong>Description:</strong></p><p>Saves log into specified file.</p><p><strong>Parameters:</strong></p><p>\u00d8\u00a0\u00a0\u00a0\u00a0\u00a0<em>fileName</em>\u00a0\u00a0\u00a0\u00a0\u00a0\u00a0\u00a0\u00a0\u00a0\u00a0\u00a0\u00a0fully specified path name of the file for log (required)</p><p><strong>Remarks:</strong></p><p>Use this command to save SPAN Risk Manager log. You can issue this command in any place within your script.</p><h3 id=\"ScriptLanguageforPC-SPANv.4.05andSPANRiskManager-SavePortfoliosfileName\"><u>SavePortfolios</u>\u00a0<em>fileName</em></h3><br/><p><strong>Description:</strong></p><p>Saves portfolio into specified file in XML format.</p><p><strong>Parameters:</strong></p><p>\u00d8\u00a0\u00a0\u00a0\u00a0\u00a0<em>fileName</em>\u00a0\u00a0\u00a0\u00a0\u00a0\u00a0\u00a0\u00a0\u00a0\u00a0\u00a0\u00a0fully specified path name of the file for portfolios (required)</p><br/><p><strong>Remarks:</strong></p><p>Use this command to save SPAN portfolios to a file. Results will be saved in the XML format.</p><br/><h3 id=\"ScriptLanguageforPC-SPANv.4.05andSPANRiskManager-SavePositionsfileName\"><u>SavePositions</u>\u00a0<em>fileName</em>\u00a0</h3><br/><p><strong>Description:</strong></p><p>Saves positions into the specified file in XML format.</p><p><strong>Parameters:</strong></p><p>\u00d8\u00a0\u00a0\u00a0\u00a0\u00a0<em>fileName</em>\u00a0\u00a0\u00a0\u00a0\u00a0\u00a0\u00a0\u00a0\u00a0\u00a0\u00a0\u00a0fully specified path name of the file for positions (required)</p><p><strong>Remarks:</strong></p><p>Use this command to save SPAN positions to a file. Results will be saved in the XML format.</p><br/><h3 id=\"ScriptLanguageforPC-SPANv.4.05andSPANRiskManager-LogClear\"><u>LogClear</u></h3><br/><p><strong>Description:</strong></p><p>Clears out the SPAN log.</p><br/><p><strong>Parameters:</strong><br/><br/></p><p><strong>Remarks:</strong></p><p>Use this command to clear out the log.</p><br/><h3 id=\"ScriptLanguageforPC-SPANv.4.05andSPANRiskManager-CopyPointInTimedescription[,busDate[,settleFlag[,finalFlag|,busTime]]]\"><u>CopyPointInTime</u>\u00a0<em>description</em>\u00a0[,<em>busDate</em>\u00a0[,<em>settleFlag</em>\u00a0[,<em>finalFlag</em>\u00a0| ,<em>busTime</em>]]]</h3><br/><p><strong>Description:</strong></p><p>Copy selected Point In Time into the Point In Time specified by the command attributes.</p><br/><p><strong>Parameters:</strong></p><br/><p>\u00d8\u00a0\u00a0\u00a0\u00a0\u00a0<em>description</em>\u00a0\u00a0\u00a0\u00a0\u00a0\u00a0\u00a0point in time description, can be empty string</p><p>\u00d8\u00a0\u00a0\u00a0\u00a0\u00a0<em>busDate</em>\u00a0\u00a0\u00a0\u00a0\u00a0\u00a0\u00a0\u00a0\u00a0\u00a0\u00a0\u00a0business date in YYYYMMDD format (optional)</p><p>\u00d8\u00a0\u00a0\u00a0\u00a0\u00a0<em>settleFlag</em>\u00a0\u00a0\u00a0\u00a0\u00a0\u00a0\u00a0\u00a0\u00a0S(settle) or I(intraday) (optional)</p><p>\u00d8\u00a0\u00a0\u00a0\u00a0\u00a0<em>finalFlag</em>\u00a0\u00a0\u00a0\u00a0\u00a0\u00a0\u00a0\u00a0\u00a0\u00a0E(early) or F(final) (optional)</p><p>\u00d8\u00a0\u00a0\u00a0\u00a0\u00a0<em>busTime</em>\u00a0\u00a0\u00a0\u00a0\u00a0\u00a0\u00a0\u00a0\u00a0\u00a0\u00a0\u00a0business time in HHMM format (optional)</p><br/><p><strong>Remarks:</strong></p><p>Use this command to copy Point In Time. This command creates new Point In Time object exactly matching the selected Point In Time. Attributes of the newly created Point In Time will be changed using parameters specified for the command. If Point In Time with these attributes already exists an error will be generated. Point In Time should be selected prior to using this command. If no Point In Time is selected an error will be generated. This command does not affect selected Point In Time.</p><h3 id=\"ScriptLanguageforPC-SPANv.4.05andSPANRiskManager-ResetPointInTime\"><u>ResetPointInTime</u></h3><br/><p><strong>Description:</strong></p><p>Resets Point In Time selection.</p><br/><p><strong>Parameters:</strong><br/><br/></p><p><strong>Remarks:</strong></p><p>Use this command to reset Point In Time selection. Also resets Exchange Complex, BFCC and Product Family.</p><br/><h3 id=\"ScriptLanguageforPC-SPANv.4.05andSPANRiskManager-SelectPointInTime[busDate[,settleFlag[(,finalFlag|,busTime)[,description]]]]\"><u>SelectPointInTime</u>\u00a0[<em>busDate</em>\u00a0[,<em>settleFlag</em>\u00a0[(,<em>finalFlag</em>\u00a0| ,<em>busTime</em>)[,\u00a0<em>description</em>]]]]</h3><br/><p><strong>Remarks:</strong></p><p>Select Point In Time for use in the following Calc and Update commands.</p><br/><p><strong>Parameters:</strong></p><br/><p>\u00d8\u00a0\u00a0\u00a0\u00a0\u00a0<em>busDate</em>\u00a0\u00a0\u00a0\u00a0\u00a0\u00a0\u00a0\u00a0\u00a0\u00a0\u00a0\u00a0business date in YYYYMMDD format (optional)</p><p>\u00d8\u00a0\u00a0\u00a0\u00a0\u00a0<em>settleFlag</em>\u00a0\u00a0\u00a0\u00a0\u00a0\u00a0\u00a0\u00a0\u00a0S(settle) or I(intraday) (optional)</p><p>\u00d8\u00a0\u00a0\u00a0\u00a0\u00a0<em>finalFlag</em>\u00a0\u00a0\u00a0\u00a0\u00a0\u00a0\u00a0\u00a0\u00a0\u00a0E(early) or F(final) (optional)</p><p>\u00d8\u00a0\u00a0\u00a0\u00a0\u00a0<em>busTime</em>\u00a0\u00a0\u00a0\u00a0\u00a0\u00a0\u00a0\u00a0\u00a0\u00a0\u00a0\u00a0business time in HHMM format (optional)</p><p>\u00d8\u00a0\u00a0\u00a0\u00a0\u00a0<em>description</em>\u00a0\u00a0\u00a0\u00a0\u00a0\u00a0\u00a0point in time description (optional)</p><br/><p><strong>Remarks:</strong></p><p>Use this command to select Point In Time for use in the Calc and Update commands. If no optional parameters are specified first available Point In Time will be selected. It is not necessary to fully specify Point In Time \u2013 in most cases just date is sufficient to identify Point In Time.</p><br/><h3 id=\"ScriptLanguageforPC-SPANv.4.05andSPANRiskManager-Print[DateTime][,SelPIT][,AllPIT][,SelExc][,SelBFCC][,SelPf][,StartPeriod][,EndPeriod]\"><u>Print</u>\u00a0[<em>DateTime</em>] [,<em>SelPIT</em>] [,<em>AllPIT</em>] [,<em>SelExc</em>] [,<em>SelBFCC</em>] [,<em>SelPf</em>] [,<em>StartPeriod</em>] [,<em>EndPeriod</em>]</h3><br/><p><strong>Remarks:</strong></p><p>Print a variable to the screen. Any of the following variables may be printed.</p><br/><p><strong>Parameters:</strong></p><br/><p>\u00d8\u00a0\u00a0\u00a0\u00a0\u00a0<em>DateTime</em>\u00a0\u00a0\u00a0\u00a0\u00a0\u00a0\u00a0\u00a0\u00a0\u00a0\u00a0\u00a0Displays the current date and time.</p><p>\u00d8\u00a0\u00a0\u00a0\u00a0\u00a0<em>SelPIT</em>\u00a0\u00a0\u00a0\u00a0\u00a0\u00a0\u00a0\u00a0\u00a0\u00a0\u00a0\u00a0\u00a0\u00a0\u00a0\u00a0\u00a0Displays the selected point in time.</p><p>\u00d8\u00a0\u00a0\u00a0\u00a0\u00a0<em>AllPIT</em>\u00a0\u00a0\u00a0\u00a0\u00a0\u00a0\u00a0\u00a0\u00a0\u00a0\u00a0\u00a0\u00a0\u00a0\u00a0\u00a0\u00a0Displays all of the loaded points in time.</p><p>\u00d8\u00a0\u00a0\u00a0\u00a0\u00a0<em>SelExc</em>\u00a0\u00a0\u00a0\u00a0\u00a0\u00a0\u00a0\u00a0\u00a0\u00a0\u00a0\u00a0\u00a0\u00a0\u00a0\u00a0<em>(SpanitRM only)</em>\u00a0Displays the currently selected exchange.</p><p>\u00d8\u00a0\u00a0\u00a0\u00a0\u00a0<em>SelBFCC</em>\u00a0\u00a0\u00a0\u00a0\u00a0\u00a0\u00a0\u00a0\u00a0\u00a0\u00a0\u00a0<em>(SpanitRM only)</em>\u00a0Displays the currently selected BFCC.</p><p>\u00d8\u00a0\u00a0\u00a0\u00a0\u00a0<em>SelPf</em>\u00a0\u00a0\u00a0\u00a0\u00a0\u00a0\u00a0\u00a0\u00a0\u00a0\u00a0\u00a0\u00a0\u00a0\u00a0\u00a0\u00a0\u00a0<em>(SpanitRM only)</em>\u00a0Displays the currently selected product family.</p><p>\u00d8\u00a0\u00a0\u00a0\u00a0\u00a0<em>StartPeriod</em>\u00a0\u00a0\u00a0\u00a0\u00a0\u00a0\u00a0\u00a0<em>(SpanitRM only)</em>\u00a0Displays the specified start period.</p><p>\u00d8\u00a0\u00a0\u00a0\u00a0\u00a0<em>EndPeriod</em>\u00a0\u00a0\u00a0\u00a0\u00a0\u00a0\u00a0\u00a0\u00a0\u00a0<em>(SpanitRM only)</em>\u00a0Displays the specified end period.</p><br/><p><strong>Remarks:</strong></p><p>Use this command to display various points of data from within Spanit / SpanitRM to the screen. This command is more for diagnostic purposes only, and will not impact any data or calculations.</p><hr/><h2 id=\"ScriptLanguageforPC-SPANv.4.05andSPANRiskManager-AdditionalcommandsavailableonlyinSPANRiskManager-Clearing:\">Additional commands available only in SPAN Risk Manager-Clearing:</h2></div><h3 id=\"ScriptLanguageforPC-SPANv.4.05andSPANRiskManager-SaveVarSummaryfileName\"><u>SaveVarSummary</u>\u00a0<em>fileName</em></h3><p><strong>Description:</strong></p><p>Save Variation Calculation Summary file to the file specified in filename in .CSV format</p><h3 id=\"ScriptLanguageforPC-SPANv.4.05andSPANRiskManager-SelectExchangeComplexexcAcro\"><u>SelectExchangeComplex</u>\u00a0<em>excAcro</em>\u00a0</h3><p><strong>Description:</strong></p><p>Select Exchange Complex for use in the following Calc and Update commands.</p><p><strong>Parameters:</strong></p><p>\u00d8\u00a0\u00a0\u00a0\u00a0\u00a0<em>excAcro</em>\u00a0\u00a0\u00a0\u00a0\u00a0\u00a0\u00a0\u00a0\u00a0\u00a0\u00a0\u00a0exchange complex acronym (required)</p><p><strong>Remarks:</strong></p><p>Use this command to select Exchange Complex for use in the Calc and Update commands. Point In Time should be already selected prior to using this command. If no Point In Time is selected an error will be generated.</p><h3 id=\"ScriptLanguageforPC-SPANv.4.05andSPANRiskManager-SelectBFCCccCode\"><u>SelectBFCC</u>\u00a0<em>ccCode</em>\u00a0</h3><p><strong>Description:</strong></p><p>Select BFCC for use in the following Calc and Update commands.</p><p><strong>Parameters:</strong></p><p>\u00d8\u00a0\u00a0\u00a0\u00a0\u00a0<em>ccCode\u00a0\u00a0\u00a0\u00a0\u00a0\u00a0\u00a0\u00a0\u00a0\u00a0\u00a0\u00a0</em>\u00a0\u00a0\u00a0\u00a0\u00a0\u00a0\u00a0\u00a0\u00a0\u00a0\u00a0\u00a0combined commodity code (required)</p><p><strong>Remarks:</strong></p><p>Use this command to select BFCC for use in the Calc and Update commands. Exchange Complex should be already selected prior to using this command. If no Exchange Complex is selected an error will be generated.</p><h3 id=\"ScriptLanguageforPC-SPANv.4.05andSPANRiskManager-SelectProductFamilyexchCode,pfCode,pfType\"><u>SelectProductFamily</u>\u00a0<em>exchCode ,pfCode ,pfType</em>\u00a0</h3><p><strong>Description:</strong></p><p>Select Product Family for use in the following Calc and Update commands.</p><p><strong>Parameters:</strong></p><p>\u00d8\u00a0\u00a0\u00a0\u00a0\u00a0<em>exchCode</em>\u00a0\u00a0\u00a0\u00a0\u00a0\u00a0\u00a0\u00a0exchange code (required)</p><p>\u00d8\u00a0\u00a0\u00a0\u00a0\u00a0<em>pfCode\u00a0</em>\u00a0\u00a0\u00a0\u00a0\u00a0\u00a0\u00a0\u00a0\u00a0\u00a0\u00a0\u00a0product family code (required)</p><p>\u00d8\u00a0\u00a0\u00a0\u00a0\u00a0<em>pfType\u00a0</em>\u00a0\u00a0\u00a0\u00a0\u00a0\u00a0\u00a0\u00a0\u00a0\u00a0\u00a0\u00a0product family type (required)</p><p><strong>Remarks:</strong></p><p>Use this command to select Product Family for use in the Calc and Update commands. BFCC should be already selected prior to using this command. If no BFCC is selected an error will be generated.</p><p>Possible values for\u00a0<em>pfType</em>:</p><p>PHY\u00a0\u00a0\u00a0\u00a0\u00a0\u00a0\u00a0\u00a0\u00a0\u00a0\u00a0\u00a0\u00a0\u00a0\u00a0\u00a0- physical</p><p>FUT\u00a0\u00a0\u00a0\u00a0\u00a0\u00a0\u00a0\u00a0\u00a0\u00a0\u00a0\u00a0\u00a0\u00a0\u00a0\u00a0\u00a0- future</p><p>CMB\u00a0\u00a0\u00a0\u00a0\u00a0\u00a0\u00a0\u00a0\u00a0\u00a0\u00a0\u00a0\u00a0\u00a0\u00a0- combination</p><p>EQTY\u00a0\u00a0\u00a0\u00a0\u00a0\u00a0\u00a0\u00a0\u00a0\u00a0\u00a0\u00a0\u00a0\u00a0- equity (stock)</p><p>DEBT\u00a0\u00a0\u00a0\u00a0\u00a0\u00a0\u00a0\u00a0\u00a0\u00a0\u00a0\u00a0\u00a0\u00a0- debt</p><p>EDEBT\u00a0\u00a0\u00a0\u00a0\u00a0\u00a0\u00a0\u00a0\u00a0\u00a0\u00a0\u00a0- debt equivalence</p><p>OOP\u00a0\u00a0\u00a0\u00a0\u00a0\u00a0\u00a0\u00a0\u00a0\u00a0\u00a0\u00a0\u00a0\u00a0\u00a0\u00a0- option on physical</p><p>OOF\u00a0\u00a0\u00a0\u00a0\u00a0\u00a0\u00a0\u00a0\u00a0\u00a0\u00a0\u00a0\u00a0\u00a0\u00a0\u00a0- option on future</p><p>OOC\u00a0\u00a0\u00a0\u00a0\u00a0\u00a0\u00a0\u00a0\u00a0\u00a0\u00a0\u00a0\u00a0\u00a0\u00a0\u00a0- option on combination</p><p>OOS\u00a0\u00a0\u00a0\u00a0\u00a0\u00a0\u00a0\u00a0\u00a0\u00a0\u00a0\u00a0\u00a0\u00a0\u00a0\u00a0- option on stock</p><h3 id=\"ScriptLanguageforPC-SPANv.4.05andSPANRiskManager-SetStartPeriodperiodCode\"><u>SetStartPeriod</u>\u00a0<em>periodCode</em></h3><p><strong>Description:</strong></p><p>Set Starting Period for the period range used in Update commands.</p><p><strong>Parameters:</strong></p><p>\u00d8\u00a0\u00a0\u00a0\u00a0\u00a0<em>periodCode</em>\u00a0\u00a0\u00a0\u00a0\u00a0\u00a0\u00a0\u00a0\u00a0\u00a0\u00a0\u00a0period code in YYYYMM format (required)</p><p><strong>Remarks:</strong></p><p>Use this command to set Starting Period for the period range for use in Update commands. Product Family should be already selected prior to using this command. If no Product Family is selected an error will be generated.</p><h3 id=\"ScriptLanguageforPC-SPANv.4.05andSPANRiskManager-SetEndPeriodperiodCode\"><u>SetEndPeriod</u>\u00a0<em>periodCode</em></h3><p><strong>Description:</strong></p><p>Set Ending Period for the period range used in Update commands.</p><p><strong>Parameters:</strong></p><p>\u00d8\u00a0\u00a0\u00a0\u00a0\u00a0<em>periodCode</em>\u00a0\u00a0\u00a0\u00a0\u00a0\u00a0\u00a0\u00a0\u00a0\u00a0\u00a0\u00a0period code in YYYYMM format (required)</p><p><strong>Remarks:</strong></p><p>Use this command to set Ending Period for the period range for use in Update commands. Product Family should be already selected prior to using this command. If no Product Family is selected an error will be generated.</p><h3 id=\"ScriptLanguageforPC-SPANv.4.05andSPANRiskManager-ReplicateBasePrices[busDate[,settleFlag[(,finalFlag|,busTime)[,description]]]]\"><u>ReplicateBasePrices</u>\u00a0[<em>busDate</em>\u00a0[,<em>settleFlag</em>\u00a0[(,<em>finalFlag</em>\u00a0| ,<em>busTime</em>)[,\u00a0<em>description</em>]]]]</h3><p><strong>Remarks:</strong></p><p>Replicate prices from a corresponding earlier point in time (presuming the earlier point in time is loaded).</p><p><strong>Parameters:</strong></p><p>\u00d8\u00a0\u00a0\u00a0\u00a0\u00a0<em>busDate</em>\u00a0\u00a0\u00a0\u00a0\u00a0\u00a0\u00a0\u00a0\u00a0\u00a0\u00a0\u00a0business date in YYYYMMDD format (optional)</p><p>\u00d8\u00a0\u00a0\u00a0\u00a0\u00a0<em>settleFlag</em>\u00a0\u00a0\u00a0\u00a0\u00a0\u00a0\u00a0\u00a0\u00a0S(settle) or I(intraday) (optional)</p><p>\u00d8\u00a0\u00a0\u00a0\u00a0\u00a0<em>finalFlag</em>\u00a0\u00a0\u00a0\u00a0\u00a0\u00a0\u00a0\u00a0\u00a0\u00a0E(early) or F(final) (optional)</p><p>\u00d8\u00a0\u00a0\u00a0\u00a0\u00a0<em>busTime</em>\u00a0\u00a0\u00a0\u00a0\u00a0\u00a0\u00a0\u00a0\u00a0\u00a0\u00a0\u00a0business time in HHMM format (optional)</p><p>\u00d8\u00a0\u00a0\u00a0\u00a0\u00a0<em>description</em>\u00a0\u00a0\u00a0\u00a0\u00a0\u00a0\u00a0point in time description (optional)</p><p><strong>Remarks:</strong></p><p>Use this command to copy from an earlier point in time into the current point in time, assuming the earlier point in time is already loaded.</p><h3 id=\"ScriptLanguageforPC-SPANv.4.05andSPANRiskManager-ResetExchangeComplex\"><u>ResetExchangeComplex</u>\u00a0</h3><p>\u00a0<strong>Description:</strong></p><p>Resets Exchange Complex selection.</p><p>\u00a0<strong>Parameters:</strong><br/><br/></p><p><strong>Remarks:</strong></p><p>Use this command to reset Exchange Complex selection. Also resets BFCC and Product Family.</p><h3 id=\"ScriptLanguageforPC-SPANv.4.05andSPANRiskManager-ResetBFCC\"><u>ResetBFCC</u></h3><p><strong>Description:</strong></p><p>Resets BFCC selection.</p><p><strong>Parameters:</strong><br/><br/></p><p><strong>Remarks:</strong></p><p>Use this command to reset BFCC selection. Also resets Product Family.</p><h3 id=\"ScriptLanguageforPC-SPANv.4.05andSPANRiskManager-ResetMarketPrices\"><u>ResetMarketPrices</u></h3><p><strong>Description:</strong></p><p>Resets market prices.</p><p><strong>Parameters:</strong><br/><br/></p><p><strong>Remarks:</strong></p><p>Use this command to reset market prices.</p><h3 id=\"ScriptLanguageforPC-SPANv.4.05andSPANRiskManager-ResetProductFamily\"><u>ResetProductFamily</u></h3><p><strong>Description:</strong></p><p>Resets Product Family selection.</p><p><strong>Parameters:</strong><br/><br/></p><p><strong>Remarks:</strong></p><p>Use this command to reset Product Family selection.</p><h3 id=\"ScriptLanguageforPC-SPANv.4.05andSPANRiskManager-ResetPeriods\"><u>ResetPeriods</u></h3><p><strong>Description:</strong></p><p>Resets Period Range selection.</p><p><strong>Parameters:</strong><br/><br/></p><p><strong>Remarks:</strong></p><p>Use this command to reset Period Range selection.</p><h3 id=\"ScriptLanguageforPC-SPANv.4.05andSPANRiskManager-ResetPrices[productType]\"><u>ResetPrices</u>\u00a0[<em>productType</em>]\u00a0</h3><p><strong>Description:</strong></p><p>Place prices for option instruments in the SPAN file in an undefined state.</p><p><strong>Parameters:</strong></p><p>\u00d8\u00a0\u00a0\u00a0\u00a0\u00a0<em>productType\u00a0\u00a0\u00a0\u00a0\u00a0\u00a0\u00a0\u00a0\u00a0\u00a0\u00a0\u00a0</em>\u00a0\u00a0\u00a0\u00a0\u00a0\u00a0\u00a0\u00a0\u00a0\u00a0\u00a0\u00a0product type code (optional)</p><p><strong>Remarks:</strong></p><p>Use this command to place prices for option instruments in the SPAN file in an undefined state.</p><p>Possible values for\u00a0<em>productType</em>:</p><p>-1 = Futures Only</p><p>-2 = Options Only</p><p>0 = All Products (default)</p><p>1 = PHY</p><p>2 = DEBT</p><p>3 = STOCK</p><p>11 = FUT</p><p>13 = FWDC</p><p>14 = FWD</p><p>15 = IRS</p><p>16 = EDEBT</p><p>17 = CDS</p><p>21 = OOP</p><p>22 = OOF</p><p>23 = OOS</p><p>24 = OOPC</p><p>25 = OOPD</p><p>31 = CMB</p><p>41 = OOC</p><h3 id=\"ScriptLanguageforPC-SPANv.4.05andSPANRiskManager-CalcImpliedVolatility\"><u>CalcImpliedVolatility</u></h3><p><strong>Description:</strong></p><p>Calculates Implied Volatilities for selected object.</p><p><strong>Parameters:</strong><br/><br/></p><p><strong>Remarks:</strong></p><p>Use this command to Calculate Implied Volatilities. It works on the lowest level object already selected (product family, bfcc, exchange complex, point in time). If point in time is not selected it will work on all loaded points in time.</p><h3 id=\"ScriptLanguageforPC-SPANv.4.05andSPANRiskManager-CalcCallPutAverage\"><u>CalcCallPutAverage</u></h3><p><strong>Description:</strong></p><p>Does Call/Put Averaging for selected object.</p><p><strong>Parameters:</strong><br/><br/></p><p><strong>Remarks:</strong></p><p>Use this command to do Call/Put Averaging. It works on the lowest level object already selected (product family, bfcc, exchange complex, point in time). If point in time is not selected it will work on all loaded points in time.</p><h3 id=\"ScriptLanguageforPC-SPANv.4.05andSPANRiskManager-CalcSeriesVolatilityuseZero,minExpTime,maxIn,maxOut,minAccept\"><u>CalcSeriesVolatility</u><em>\u00a0useZero,\u00a0</em>\u00a0<em>minExpTime, maxIn, maxOut,\u00a0</em>\u00a0<em>minAccept</em></h3><p><strong>Description:</strong></p><p>Calculates Series Level Volatilities for selected object.</p><p><strong>Parameters:</strong></p><p>\u00d8\u00a0\u00a0<em>useZero\u00a0\u00a0\u00a0</em>\u00a0\u00a0\u00a0\u00a0\u00a0\u00a0\u00a0 true means do not filter out zero implied volatilities during calculations (optional)</p><p>\u00d8\u00a0\u00a0<em>minExpTime\u00a0\u00a0\u00a0</em>\u00a0minimum time to expiration in years (optional)</p><p>\u00d8\u00a0\u00a0<em>maxIn\u00a0\u00a0\u00a0</em>\u00a0\u00a0\u00a0\u00a0\u00a0\u00a0\u00a0\u00a0\u00a0\u00a0 number of closest in the money options which volatilities will be used in calculations (optional)</p><p>\u00d8\u00a0\u00a0<em>maxOut</em>\u00a0\u00a0\u00a0\u00a0\u00a0\u00a0\u00a0\u00a0\u00a0\u00a0 number of closest out of the money options which volatilities will be used in calculations (optional)</p><p>\u00d8\u00a0<em>minAccept\u00a0\u00a0\u00a0</em>\u00a0\u00a0\u00a0 minimum sufficient number of around the money volatilities (optional)</p><p><strong>Remarks:</strong></p><p>Use this command to Calculate Series Level Volatilities. It works on the lowest level object already selected (product family, bfcc, exchange complex, point in time). If point in time is not selected it will work on all loaded points in time.</p><p>Possible values for\u00a0<em>useZero</em>:</p><p>0\u00a0\u00a0\u00a0\u00a0\u00a0\u00a0\u00a0\u00a0\u00a0\u00a0\u00a0\u00a0\u00a0\u00a0\u00a0\u00a0- FALSE</p><p>1\u00a0\u00a0\u00a0\u00a0\u00a0\u00a0\u00a0\u00a0\u00a0\u00a0\u00a0\u00a0\u00a0\u00a0\u00a0\u00a0- TRUE, default</p><p>Possible values for\u00a0<em>minExpTime</em>:</p><p>any positive number</p><p>0.0273973 (10 business days) - default</p><p>Possible values for\u00a0<em>maxIn</em>:</p><p>any positive integer</p><p>1\u00a0- default</p><p>Possible values for\u00a0<em>maxOut</em>:</p><p>any positive integer</p><p>3\u00a0- default</p><p>Possible values for\u00a0<em>minAccept</em>:</p><p>any positive integer</p><p>5\u00a0- default</p><h3 id=\"ScriptLanguageforPC-SPANv.4.05andSPANRiskManager-CalcPricemeth,resetAll\"><u>CalcPrice</u>\u00a0<em>meth, resetAll</em></h3><p><strong>Description:</strong></p><p>Calculates Theoretical Prices for selected object.</p><p><strong>Parameters:</strong></p><p>\u00d8\u00a0\u00a0\u00a0\u00a0\u00a0<em>meth</em>\u00a0\u00a0\u00a0\u00a0\u00a0\u00a0\u00a0\u00a0\u00a0\u00a0\u00a0\u00a0calculation method code (optional)</p><p>\u00d8\u00a0\u00a0\u00a0\u00a0\u00a0<em>resetAll</em>\u00a0\u00a0\u00a0\u00a0\u00a0\u00a0\u00a0reset prices flag (optional)</p><p><strong>Remarks:</strong></p><p>Use this command to Calculate Theoretical Prices. It works on the lowest level object already selected (product family, bfcc, exchange complex, point in time). If point in time is not selected it will work on all loaded points in time.</p><p>Possible values for\u00a0<em>meth</em>:</p><p>1\u00a0\u00a0\u00a0\u00a0\u00a0\u00a0\u00a0\u00a0\u00a0\u00a0\u00a0\u00a0\u00a0\u00a0\u00a0\u00a0- use option/series level volatility, default</p><p>2\u00a0\u00a0\u00a0\u00a0\u00a0\u00a0\u00a0\u00a0\u00a0\u00a0\u00a0\u00a0\u00a0\u00a0\u00a0\u00a0- use option level volatility only</p><p>3\u00a0\u00a0\u00a0\u00a0\u00a0\u00a0\u00a0\u00a0\u00a0\u00a0\u00a0\u00a0\u00a0\u00a0\u00a0\u00a0- use series level volatility only</p><p>Possible values for\u00a0<em>resetAll</em>:</p><p>0\u00a0\u00a0\u00a0\u00a0\u00a0\u00a0\u00a0\u00a0\u00a0\u00a0\u00a0\u00a0\u00a0\u00a0\u00a0\u00a0- FALSE, reset prices only for contracts with undefined price</p><p>1\u00a0\u00a0\u00a0\u00a0\u00a0\u00a0\u00a0\u00a0\u00a0\u00a0\u00a0\u00a0\u00a0\u00a0\u00a0\u00a0- TRUE, reset prices for all contracts, default</p><h3 id=\"ScriptLanguageforPC-SPANv.4.05andSPANRiskManager-CalcRiskArraymeth,limitAtOptValue\"><u>CalcRiskArray</u>\u00a0<em>meth, limitAtOptValue</em></h3><p><strong>Description:</strong></p><p>Calculates Risk Arrays for selected object.</p><p><strong>Parameters:</strong></p><p>\u00d8\u00a0\u00a0\u00a0\u00a0\u00a0<em>meth</em>\u00a0\u00a0\u00a0\u00a0\u00a0\u00a0\u00a0\u00a0\u00a0\u00a0\u00a0\u00a0\u00a0\u00a0\u00a0\u00a0\u00a0\u00a0\u00a0\u00a0\u00a0\u00a0\u00a0\u00a0\u00a0calculation method code (optional)</p><p>\u00d8\u00a0\u00a0\u00a0\u00a0\u00a0<em>limitAtOptValue</em>\u00a0\u00a0\u00a0\u00a0\u00a0\u00a0\u00a0limit risk array values\u00a0flag (optional)</p><p><strong>Remarks:</strong></p><p>Use this command to Calculate Risk Arrays. It works on the lowest level object already selected (product family, bfcc, exchange complex, point in time). If point in time is not selected it will work on all loaded points in time.</p><p>Possible values for\u00a0<em>meth</em>:</p><p>1\u00a0\u00a0\u00a0\u00a0\u00a0\u00a0\u00a0\u00a0\u00a0\u00a0\u00a0\u00a0\u00a0\u00a0\u00a0\u00a0- use option/series level volatility, default</p><p>2\u00a0\u00a0\u00a0\u00a0\u00a0\u00a0\u00a0\u00a0\u00a0\u00a0\u00a0\u00a0\u00a0\u00a0\u00a0\u00a0- use option level volatility only</p><p>3\u00a0\u00a0\u00a0\u00a0\u00a0\u00a0\u00a0\u00a0\u00a0\u00a0\u00a0\u00a0\u00a0\u00a0\u00a0\u00a0- use series level volatility only</p><p>Possible values for\u00a0<em>limitAtOptValue</em>:</p><p>0\u00a0\u00a0\u00a0\u00a0\u00a0\u00a0\u00a0\u00a0\u00a0\u00a0\u00a0\u00a0\u00a0\u00a0\u00a0\u00a0- FALSE, do not limit risk array values, default</p><p>1\u00a0\u00a0\u00a0\u00a0\u00a0\u00a0\u00a0\u00a0\u00a0\u00a0\u00a0\u00a0\u00a0\u00a0\u00a0\u00a0- TRUE, limit risk array values at option value</p><h3 id=\"ScriptLanguageforPC-SPANv.4.05andSPANRiskManager-CalcValues\"><u>CalcValues</u></h3><p><strong>Description:</strong></p><p>Calculates a portfolios value.</p><p><strong>Parameters:</strong><br/><br/></p><p><strong>Remarks:</strong></p><p>Calculates a portfolio's value based upon current prices<br/><br/></p><h3 id=\"ScriptLanguageforPC-SPANv.4.05andSPANRiskManager-DoMarketObservation\"><u>DoMarketObservation</u></h3><p><strong>Description:</strong></p><p>Performs a market observation.</p><p><strong>Parameters</strong><br/><br/></p><p><strong>Remarks:</strong></p><p>Use this command to do a market observation.</p><h3 id=\"ScriptLanguageforPC-SPANv.4.05andSPANRiskManager-UpdatePricevalue[,method]\"><u>UpdatePrice</u>\u00a0<em>value\u00a0</em>[<em>,method</em>]\u00a0</h3><p><strong>Description:</strong></p><p>Updates Prices for selected object.</p><p><strong>Parameters:</strong></p><p>\u00d8\u00a0\u00a0\u00a0\u00a0\u00a0<em>value\u00a0\u00a0\u00a0</em>\u00a0\u00a0\u00a0\u00a0\u00a0\u00a0\u00a0\u00a0\u00a0\u00a0\u00a0\u00a0update value (required)</p><p>\u00d8\u00a0\u00a0\u00a0\u00a0\u00a0<em>method\u00a0\u00a0\u00a0\u00a0\u00a0\u00a0\u00a0\u00a0\u00a0\u00a0\u00a0\u00a0\u00a0</em>update method (optional)</p><p><strong>Remarks:</strong></p><p>Use this command to Update Prices. It works on the lowest level object already selected (product family, bfcc, exchange complex, point in time). If point in time is not selected it will work on all loaded points in time. It will update prices using\u00a0<em>value</em>\u00a0and one of the following methods:</p><p>Possible values for\u00a0<em>method</em>:</p><p>SET\u00a0\u00a0\u00a0\u00a0\u00a0\u00a0\u00a0\u00a0\u00a0\u00a0\u00a0\u00a0\u00a0\u00a0\u00a0\u00a0\u00a0- set price to\u00a0<em>value</em></p><p>CHG\u00a0\u00a0\u00a0\u00a0\u00a0\u00a0\u00a0\u00a0\u00a0\u00a0\u00a0\u00a0\u00a0\u00a0\u00a0\u00a0- change price by\u00a0<em>value</em></p><p>PCNT\u00a0\u00a0\u00a0\u00a0\u00a0\u00a0\u00a0\u00a0\u00a0\u00a0\u00a0\u00a0\u00a0\u00a0- change price by\u00a0<em>value</em>\u00a0%</p><p>SET is the default method</p><h3 id=\"ScriptLanguageforPC-SPANv.4.05andSPANRiskManager-UpdateVolatilityvalue[,method]\"><u>UpdateVolatility</u>\u00a0<em>value\u00a0</em>[<em>,method</em>]\u00a0</h3><p><strong>Description:</strong></p><p>Updates Volatilities for selected object.</p><p><strong>Parameters:</strong></p><p>\u00d8\u00a0\u00a0\u00a0\u00a0\u00a0<em>value\u00a0\u00a0\u00a0</em>\u00a0\u00a0\u00a0\u00a0\u00a0\u00a0\u00a0\u00a0\u00a0\u00a0\u00a0\u00a0update value (required)</p><p>\u00d8\u00a0\u00a0\u00a0\u00a0\u00a0<em>method\u00a0\u00a0\u00a0\u00a0\u00a0\u00a0\u00a0\u00a0\u00a0\u00a0\u00a0\u00a0\u00a0</em>update method (optional)</p><p><strong>Remarks:</strong></p><p>Use this command to Update Volatilities. It works on the lowest level object already selected (product family, bfcc, exchange complex, point in time). If point in time is not selected it will work on all loaded points in time. It will update volatilities using\u00a0<em>value</em>\u00a0and one of the following methods:</p><p>Possible values for\u00a0<em>method</em>:</p><p>SET\u00a0\u00a0\u00a0\u00a0\u00a0\u00a0\u00a0\u00a0\u00a0\u00a0\u00a0\u00a0\u00a0\u00a0\u00a0\u00a0\u00a0- set volatility to\u00a0<em>value</em></p><p>CHG\u00a0\u00a0\u00a0\u00a0\u00a0\u00a0\u00a0\u00a0\u00a0\u00a0\u00a0\u00a0\u00a0\u00a0\u00a0\u00a0- change volatility by\u00a0<em>value</em></p><p>PCNT\u00a0\u00a0\u00a0\u00a0\u00a0\u00a0\u00a0\u00a0\u00a0\u00a0\u00a0\u00a0\u00a0\u00a0- change volatility by\u00a0<em>value</em>\u00a0%</p><p>SET is the default method</p><h3 id=\"ScriptLanguageforPC-SPANv.4.05andSPANRiskManager-UpdatePriceScanvalue[,method]\"><u>UpdatePriceScan</u>\u00a0<em>value\u00a0</em>[<em>,method</em>]\u00a0</h3><p><strong>Description:</strong></p><p>Updates Price Scans for selected object.</p><p><strong>Parameters:</strong></p><p>\u00d8\u00a0\u00a0\u00a0\u00a0\u00a0<em>value\u00a0\u00a0\u00a0</em>\u00a0\u00a0\u00a0\u00a0\u00a0\u00a0\u00a0\u00a0\u00a0\u00a0\u00a0\u00a0update value (required)</p><p>\u00d8\u00a0\u00a0\u00a0\u00a0\u00a0<em>method\u00a0\u00a0\u00a0\u00a0</em>\u00a0\u00a0\u00a0\u00a0\u00a0\u00a0\u00a0\u00a0update method (optional)</p><p><strong>Remarks:</strong></p><p>Use this command to Update Price Scans. It works on the lowest level object already selected (product family, bfcc, exchange complex, point in time). If point in time is not selected it will work on all loaded points in time. It will update price scans using\u00a0<em>value</em>\u00a0and one of the following methods:</p><p>Possible values for\u00a0<em>method</em>:</p><p>SET\u00a0\u00a0\u00a0\u00a0\u00a0\u00a0\u00a0\u00a0\u00a0\u00a0\u00a0\u00a0\u00a0\u00a0\u00a0\u00a0\u00a0- set price scan to\u00a0<em>value</em></p><p>CHG\u00a0\u00a0\u00a0\u00a0\u00a0\u00a0\u00a0\u00a0\u00a0\u00a0\u00a0\u00a0\u00a0\u00a0\u00a0\u00a0- change price scan by\u00a0<em>value</em></p><p>PCNT\u00a0\u00a0\u00a0\u00a0\u00a0\u00a0\u00a0\u00a0\u00a0\u00a0\u00a0\u00a0\u00a0\u00a0- change price scan by\u00a0<em>value</em>\u00a0%</p><p>SET is the default method</p><h3 id=\"ScriptLanguageforPC-SPANv.4.05andSPANRiskManager-UpdateVolScanvalue[,method]\"><u>UpdateVolScan</u>\u00a0<em>value\u00a0</em>[<em>,method</em>]\u00a0</h3><p><strong>Description:</strong></p><p>Updates Volatility Scans for selected object.</p><p><strong>Parameters:</strong></p><p>\u00d8\u00a0\u00a0\u00a0\u00a0\u00a0<em>value\u00a0\u00a0\u00a0</em>\u00a0\u00a0\u00a0\u00a0\u00a0\u00a0\u00a0\u00a0\u00a0\u00a0\u00a0\u00a0update value (required)</p><p>\u00d8\u00a0\u00a0\u00a0\u00a0\u00a0<em>method\u00a0\u00a0\u00a0\u00a0\u00a0\u00a0\u00a0\u00a0\u00a0\u00a0\u00a0\u00a0\u00a0</em>update method (optional)</p><p><strong>Remarks:</strong></p><p>Use this command to Update Volatility Scans. It works on the lowest level object already selected (product family, bfcc, exchange complex, point in time). If point in time is not selected it will work on all loaded points in time. It will update volatility scans using\u00a0<em>value</em>\u00a0and one of the following methods:</p><p>Possible values for\u00a0<em>method</em>:</p><p>SET\u00a0\u00a0\u00a0\u00a0\u00a0\u00a0\u00a0\u00a0\u00a0\u00a0\u00a0\u00a0\u00a0\u00a0\u00a0\u00a0\u00a0- set volatility scan to\u00a0<em>value</em></p><p>CHG\u00a0\u00a0\u00a0\u00a0\u00a0\u00a0\u00a0\u00a0\u00a0\u00a0\u00a0\u00a0\u00a0\u00a0\u00a0\u00a0- change volatility scan by\u00a0<em>value</em></p><p>PCNT\u00a0\u00a0\u00a0\u00a0\u00a0\u00a0\u00a0\u00a0\u00a0\u00a0\u00a0\u00a0\u00a0\u00a0- change volatility scan by\u00a0<em>value</em>\u00a0%</p><p>SET is the default method</p><h3 id=\"ScriptLanguageforPC-SPANv.4.05andSPANRiskManager-UpdateRiskFreeRatevalue[,method]\"><u>UpdateRiskFreeRate</u>\u00a0<em>value\u00a0</em>[<em>,method</em>]\u00a0</h3><p><strong>Description:</strong></p><p>Updates Risk-Free Rates for selected object.</p><p><strong>Parameters:</strong></p><p>\u00d8\u00a0\u00a0\u00a0\u00a0\u00a0<em>value\u00a0\u00a0\u00a0</em>\u00a0\u00a0\u00a0\u00a0\u00a0\u00a0\u00a0\u00a0\u00a0\u00a0\u00a0\u00a0update value (required)</p><p>\u00d8\u00a0\u00a0\u00a0\u00a0\u00a0<em>method\u00a0\u00a0\u00a0\u00a0</em>\u00a0\u00a0\u00a0\u00a0\u00a0\u00a0\u00a0\u00a0update method (optional)</p><p><strong>Remarks:</strong></p><p>Use this command to Update Risk-Free Rates. It works on the lowest level object already selected (product family, bfcc, exchange complex, point in time). If point in time is not selected it will work on all loaded points in time. It will update risk-free rates using\u00a0<em>value</em>\u00a0and one of the following methods:</p><p>Possible values for\u00a0<em>method</em>:</p><p>SET\u00a0\u00a0\u00a0\u00a0\u00a0\u00a0\u00a0\u00a0\u00a0\u00a0\u00a0\u00a0\u00a0\u00a0\u00a0\u00a0\u00a0- set risk-free rate to\u00a0<em>value</em></p><p>CHG\u00a0\u00a0\u00a0\u00a0\u00a0\u00a0\u00a0\u00a0\u00a0\u00a0\u00a0\u00a0\u00a0\u00a0\u00a0\u00a0- change risk-free rate by\u00a0<em>value</em></p><p>PCNT\u00a0\u00a0\u00a0\u00a0\u00a0\u00a0\u00a0\u00a0\u00a0\u00a0\u00a0\u00a0\u00a0\u00a0- change risk-free rate by\u00a0<em>value</em>\u00a0%</p><p>SET is the default method</p><h3 id=\"ScriptLanguageforPC-SPANv.4.05andSPANRiskManager-UpdateDividendYieldvalue[,method]\"><u>UpdateDividendYield</u>\u00a0<em>value\u00a0</em>[<em>,method</em>]\u00a0</h3><p><strong>Description:</strong></p><p>Updates Dividend Yields for selected object.</p><p><strong>Parameters:</strong></p><p>\u00d8\u00a0\u00a0\u00a0\u00a0\u00a0<em>value\u00a0\u00a0\u00a0</em>\u00a0\u00a0\u00a0\u00a0\u00a0\u00a0\u00a0\u00a0\u00a0\u00a0\u00a0\u00a0update value (required)</p><p>\u00d8\u00a0\u00a0\u00a0\u00a0\u00a0<em>method\u00a0\u00a0\u00a0\u00a0\u00a0\u00a0\u00a0\u00a0\u00a0\u00a0\u00a0\u00a0</em>update method (optional)</p><p><strong>Remarks:</strong></p><p>Use this command to Update Dividend Yields. It works on the lowest level object already selected (product family, bfcc, exchange complex, point in time). If point in time is not selected it will work on all loaded points in time. It will update dividend yields using\u00a0<em>value</em>\u00a0and one of the following methods:</p><p>Possible values for\u00a0<em>method</em>:</p><p>SET\u00a0\u00a0\u00a0\u00a0\u00a0\u00a0\u00a0\u00a0\u00a0\u00a0\u00a0\u00a0\u00a0\u00a0\u00a0\u00a0\u00a0- set dividend yield to\u00a0<em>value</em></p><p>CHG\u00a0\u00a0\u00a0\u00a0\u00a0\u00a0\u00a0\u00a0\u00a0\u00a0\u00a0\u00a0\u00a0\u00a0\u00a0\u00a0- change dividend yield by\u00a0<em>value</em></p><p>PCNT\u00a0\u00a0\u00a0\u00a0\u00a0\u00a0\u00a0\u00a0\u00a0\u00a0\u00a0\u00a0\u00a0\u00a0- change dividend yield by\u00a0<em>value</em>\u00a0%</p><p>SET is the default method</p><h3 id=\"ScriptLanguageforPC-SPANv.4.05andSPANRiskManager-UpdateTimeToExpirationvalue[,method]\"><u>UpdateTimeToExpiration</u>\u00a0<em>value\u00a0</em>[<em>,method</em>]\u00a0</h3><p><strong>Description:</strong></p><p>Updates Times To Expiration for selected object.</p><p><strong>Parameters:</strong></p><p>\u00d8\u00a0\u00a0\u00a0\u00a0\u00a0<em>value\u00a0\u00a0\u00a0</em>\u00a0\u00a0\u00a0\u00a0\u00a0\u00a0\u00a0\u00a0\u00a0\u00a0\u00a0\u00a0update value (required)</p><p>\u00d8\u00a0\u00a0\u00a0\u00a0\u00a0<em>method\u00a0\u00a0\u00a0\u00a0\u00a0\u00a0\u00a0\u00a0\u00a0\u00a0\u00a0\u00a0</em>update method (optional)</p><p><strong>Remarks:</strong></p><p>Use this command to Update Times To Expiration. It works on the lowest level object already selected (product family, bfcc, exchange complex, point in time). If point in time is not selected it will work on all loaded points in time. It will update times to expiration using\u00a0<em>value</em>\u00a0and one of the following methods:</p><p>Possible values for\u00a0<em>method</em>:</p><p>SET\u00a0\u00a0\u00a0\u00a0\u00a0\u00a0\u00a0\u00a0\u00a0\u00a0\u00a0\u00a0\u00a0\u00a0\u00a0\u00a0\u00a0- set time to expiration to\u00a0<em>value</em></p><p>CHG\u00a0\u00a0\u00a0\u00a0\u00a0\u00a0\u00a0\u00a0\u00a0\u00a0\u00a0\u00a0\u00a0\u00a0\u00a0\u00a0- change time to expiration by\u00a0<em>value</em></p><p>PCNT\u00a0\u00a0\u00a0\u00a0\u00a0\u00a0\u00a0\u00a0\u00a0\u00a0\u00a0\u00a0\u00a0\u00a0- change time to expiration by\u00a0<em>value</em>\u00a0%</p><p>SET is the default method<br/><br/></p><h3 id=\"ScriptLanguageforPC-SPANv.4.05andSPANRiskManager-ApplyWhatIffileName[,DO_CALC]\"><u>ApplyWhatIf</u>\u00a0<em>fileName</em>\u00a0[,DO_CALC]</h3><p><strong>Description:</strong></p><p>Applies what-if scenario stored in the XML file\u00a0<em>fileName</em>\u00a0to the selected Point In Time. Requires Point In Time to be selected.</p><p><strong>Parameters:</strong></p><p>\u00d8\u00a0\u00a0\u00a0\u00a0\u00a0<em>fileName</em>\u00a0\u00a0\u00a0\u00a0\u00a0\u00a0\u00a0\u00a0\u00a0\u00a0\u00a0\u00a0fully specified path name of the what-if scenario XML file (required)</p><p><strong>Remarks:</strong></p><p>Use this command to apply what-if\u00a0 scenario stored in the XML file\u00a0<em>fileName</em>\u00a0to the selected Point In Time. Thtypical sequence of actions before using this command would include creation of a copy of a particular Point In Time. What-if scenario is applied to this copy:</p><blockquote><p>SelectPointInTime</p><p>CopyPointInTime</p><p>SelectPointInTime</p><p>ApplyWhatIf</p></blockquote><p>If DO_CALC flag is specified following actions are performed on the selected PointInTime after applying what-if scenario:</p><blockquote><p>CalcPrice</p><p>CalcRiskArray</p><p>Calc</p></blockquote><h3 id=\"ScriptLanguageforPC-SPANv.4.05andSPANRiskManager-ApplyVolatilitySkew[SkewMethod]\"><u>ApplyVolatilitySkew</u>\u00a0[<em>SkewMethod</em>]</h3><p><strong>Description:</strong></p><p>Skew volatility curve following a particular skew method.</p><p><strong>Parameters:</strong></p><p>\u00d8\u00a0\u00a0\u00a0\u00a0\u00a0<em>SkewMethod\u00a0\u00a0\u00a0\u00a0\u00a0\u00a0\u00a0\u00a0\u00a0\u00a0\u00a0\u00a0\u00a0</em>skew method (optional)</p><p><strong>Remarks:</strong></p><p>Use this command to skew the volatility curve.</p><p>Possible values for\u00a0<em>SkewMethod</em>:</p><p>0\u00a0\u00a0\u00a0\u00a0\u00a0\u00a0\u00a0\u00a0\u00a0\u00a0\u00a0\u00a0\u00a0\u00a0- shifts the curve horizontally only</p><p>1\u00a0\u00a0\u00a0\u00a0\u00a0\u00a0\u00a0\u00a0\u00a0\u00a0\u00a0\u00a0\u00a0\u00a0- shifts the curve horizontally, vertical shift by Call/Put</p><p>2\u00a0\u00a0\u00a0\u00a0\u00a0\u00a0\u00a0\u00a0\u00a0\u00a0\u00a0\u00a0\u00a0\u00a0- shifts the curve horizontally, vertical shift by closest at the money or the average of Call/Put</p><p>0 is the default method</p><hr/><h3 id=\"ScriptLanguageforPC-SPANv.4.05andSPANRiskManager-AdditionalcommandsavailableinPC-SPAN+PCCreditandPC-SPANRMClearing+PCCredit\">Additional commands available in PC-SPAN + PC Credit and PC-SPAN RM Clearing + PC Credit</h3><h3 id=\"ScriptLanguageforPC-SPANv.4.05andSPANRiskManager-SaveCDSPositionsfileName\"><u>SaveCDSPositions</u>\u00a0<em>fileName</em></h3><p><strong>Description:</strong></p><p>Saves CDS (Credit Default Swap) positions into the specified file in XML format.</p><p><strong>Parameters:</strong></p><p>\u00d8\u00a0\u00a0\u00a0\u00a0\u00a0<em>fileName</em>\u00a0\u00a0\u00a0\u00a0\u00a0\u00a0\u00a0\u00a0\u00a0\u00a0\u00a0\u00a0fully specified path name of the file for CDS positions (required)</p><p><strong>Remarks:</strong></p><p>Use this command to save SPAN CDS positions to a file. Results will be saved in the XML format.</p>"
        }
    },
    "status": "current",
    "title": "Script Language for PC-SPAN v.4.05 and SPAN Risk Manager",
    "id": "457083279",
    "_links": {
        "editui": "/pages/resumedraft.action?draftId=457083279",
        "webui": "/spaces/pubsub/pages/457083279/Script+Language+for+PC-SPAN+v.4.05+and+SPAN+Risk+Manager",
        "edituiv2": "/spaces/pubsub/pages/edit-v2/457083279",
        "tinyui": "/x/j4k_Gw",
        "base": "https://cmegroupclientsite.atlassian.net/wiki"
    }
}