{
    "parentId": "457083480",
    "ownerId": "60653f79352e1e0069fb728f",
    "createdAt": "2024-12-21T16:43:34.994Z",
    "authorId": "60653f79352e1e0069fb728f",
    "parentType": "page",
    "position": 474965064,
    "version": {
        "number": 1,
        "message": "",
        "minorEdit": false,
        "authorId": "60653f79352e1e0069fb728f",
        "createdAt": "2024-12-21T16:43:36.279Z"
    },
    "body": {
        "export_view": {
            "representation": "export_view",
            "value": "<div class=\"table-wrap\"><table class=\"confluenceTable\"><tbody><tr><th class=\"confluenceTh\">Length</th><th class=\"confluenceTh\">From</th><th class=\"confluenceTh\">To</th><th class=\"confluenceTh\">Datatype</th><th class=\"confluenceTh\">Format</th><th class=\"confluenceTh\">Description and Comments</th></tr><tr><td class=\"confluenceTd\">1</td><td class=\"confluenceTd\">1</td><td class=\"confluenceTd\">1</td><td class=\"confluenceTd\">AN</td><td class=\"confluenceTd\">X</td><td class=\"confluenceTd\">Record ID - &quot;6&quot;</td></tr><tr><td class=\"confluenceTd\">3</td><td class=\"confluenceTd\">2</td><td class=\"confluenceTd\">4</td><td class=\"confluenceTd\">AN</td><td class=\"confluenceTd\">X(3)</td><td class=\"confluenceTd\">Commodity Group Code</td></tr><tr><td class=\"confluenceTd\">2</td><td class=\"confluenceTd\">5</td><td class=\"confluenceTd\">6</td><td class=\"confluenceTd\">N</td><td class=\"confluenceTd\">9(2)</td><td class=\"confluenceTd\">Spread Priority\u00a0<sup><a href=\"http://www.cme-ch.com/span/spanl306.htm#note1\" class=\"external-link\" rel=\"nofollow\">2</a></sup></td></tr><tr><td class=\"confluenceTd\">5</td><td class=\"confluenceTd\">7</td><td class=\"confluenceTd\">11</td><td class=\"confluenceTd\">N</td><td class=\"confluenceTd\">9(5)</td><td class=\"confluenceTd\">Spread Credit Rate, in percent\u00a0<sup><a href=\"http://www.cme-ch.com/span/spanl306.htm#note2\" class=\"external-link\" rel=\"nofollow\">8</a></sup></td></tr><tr><td class=\"confluenceTd\">3</td><td class=\"confluenceTd\">12</td><td class=\"confluenceTd\">14</td><td class=\"confluenceTd\">AN</td><td class=\"confluenceTd\">X(3)</td><td class=\"confluenceTd\">Combined Commodity Code Leg 1</td></tr><tr><td class=\"confluenceTd\">2</td><td class=\"confluenceTd\">15</td><td class=\"confluenceTd\">16</td><td class=\"confluenceTd\">N</td><td class=\"confluenceTd\">9(2)</td><td class=\"confluenceTd\">Delta/Spread Ratio Leg 1</td></tr><tr><td class=\"confluenceTd\">1</td><td class=\"confluenceTd\">17</td><td class=\"confluenceTd\">17</td><td class=\"confluenceTd\">AN</td><td class=\"confluenceTd\">X</td><td class=\"confluenceTd\">Spread Side Leg 1 (&quot;A&quot;,&quot;B&quot;)\u00a0<sup><a href=\"http://www.cme-ch.com/span/spanl306.htm#note3\" class=\"external-link\" rel=\"nofollow\">7</a></sup></td></tr><tr><td class=\"confluenceTd\">2</td><td class=\"confluenceTd\">18</td><td class=\"confluenceTd\">19</td><td class=\"confluenceTd\">AN</td><td class=\"confluenceTd\">X(2)</td><td class=\"confluenceTd\">Exchange Code Leg 1</td></tr><tr><td class=\"confluenceTd\">3</td><td class=\"confluenceTd\">20</td><td class=\"confluenceTd\">22</td><td class=\"confluenceTd\">AN</td><td class=\"confluenceTd\">X(3)</td><td class=\"confluenceTd\">Combined Commodity Code Leg 2</td></tr><tr><td class=\"confluenceTd\">2</td><td class=\"confluenceTd\">23</td><td class=\"confluenceTd\">24</td><td class=\"confluenceTd\">N</td><td class=\"confluenceTd\">9(2)</td><td class=\"confluenceTd\">Delta/Spread Ratio Leg 2</td></tr><tr><td class=\"confluenceTd\">1</td><td class=\"confluenceTd\">25</td><td class=\"confluenceTd\">25</td><td class=\"confluenceTd\">AN</td><td class=\"confluenceTd\">X</td><td class=\"confluenceTd\">Spread Side Leg 2 (&quot;A&quot;,&quot;B&quot;)</td></tr><tr><td class=\"confluenceTd\">2</td><td class=\"confluenceTd\">26</td><td class=\"confluenceTd\">27</td><td class=\"confluenceTd\">AN</td><td class=\"confluenceTd\">X(2)</td><td class=\"confluenceTd\">Exchange Code Leg 2</td></tr><tr><td class=\"confluenceTd\">3</td><td class=\"confluenceTd\">28</td><td class=\"confluenceTd\">30</td><td class=\"confluenceTd\">AN</td><td class=\"confluenceTd\">X(3)</td><td class=\"confluenceTd\">Combined Commodity Code Leg 3</td></tr><tr><td class=\"confluenceTd\">2</td><td class=\"confluenceTd\">31</td><td class=\"confluenceTd\">32</td><td class=\"confluenceTd\">N</td><td class=\"confluenceTd\">9(2)</td><td class=\"confluenceTd\">Delta/Spread Ratio Leg 3</td></tr><tr><td class=\"confluenceTd\">1</td><td class=\"confluenceTd\">33</td><td class=\"confluenceTd\">33</td><td class=\"confluenceTd\">AN</td><td class=\"confluenceTd\">X</td><td class=\"confluenceTd\">Spread Side Leg 3 (&quot;A&quot;,&quot;B&quot;)</td></tr><tr><td class=\"confluenceTd\">2</td><td class=\"confluenceTd\">34</td><td class=\"confluenceTd\">35</td><td class=\"confluenceTd\">AN</td><td class=\"confluenceTd\">X(2)</td><td class=\"confluenceTd\">Exchange Code Leg 3</td></tr><tr><td class=\"confluenceTd\">3</td><td class=\"confluenceTd\">36</td><td class=\"confluenceTd\">38</td><td class=\"confluenceTd\">AN</td><td class=\"confluenceTd\">X(3)</td><td class=\"confluenceTd\">Combined Commodity Code Leg 4</td></tr><tr><td class=\"confluenceTd\">2</td><td class=\"confluenceTd\">39</td><td class=\"confluenceTd\">40</td><td class=\"confluenceTd\">N</td><td class=\"confluenceTd\">9(2)</td><td class=\"confluenceTd\">Delta/Spread Ratio Leg 4</td></tr><tr><td class=\"confluenceTd\">1</td><td class=\"confluenceTd\">41</td><td class=\"confluenceTd\">41</td><td class=\"confluenceTd\">AN</td><td class=\"confluenceTd\">X</td><td class=\"confluenceTd\">Spread Side Leg 4 (&quot;A&quot;,&quot;B&quot;)</td></tr><tr><td class=\"confluenceTd\">2</td><td class=\"confluenceTd\">42</td><td class=\"confluenceTd\">43</td><td class=\"confluenceTd\">AN</td><td class=\"confluenceTd\">X(2)</td><td class=\"confluenceTd\">Exchange Code Leg 4</td></tr></tbody></table></div><p><strong>Layout for bytes 44-74 for method 4 (scanning-based) spreads:</strong></p><div class=\"table-wrap\"><table class=\"confluenceTable\"><tbody><tr><th class=\"confluenceTh\">Length</th><th class=\"confluenceTh\">From</th><th class=\"confluenceTh\">To</th><th class=\"confluenceTh\">Datatype</th><th class=\"confluenceTh\">Format</th><th class=\"confluenceTh\">Description and Comments</th></tr><tr><td class=\"confluenceTd\">2</td><td class=\"confluenceTd\">44</td><td class=\"confluenceTd\">45</td><td class=\"confluenceTd\">AN</td><td class=\"confluenceTd\">X(2)</td><td class=\"confluenceTd\">Method 4: Target Exchange Code</td></tr><tr><td class=\"confluenceTd\">3</td><td class=\"confluenceTd\">46</td><td class=\"confluenceTd\">48</td><td class=\"confluenceTd\">AN</td><td class=\"confluenceTd\">X(3)</td><td class=\"confluenceTd\">Method 4: Target Combined Commodity Code</td></tr><tr><td class=\"confluenceTd\">6</td><td class=\"confluenceTd\">49</td><td class=\"confluenceTd\">54</td><td class=\"confluenceTd\">N</td><td class=\"confluenceTd\">9(3)V9(3)</td><td class=\"confluenceTd\">Method 4: Gain Allowance Percentage</td></tr><tr><td class=\"confluenceTd\">1</td><td class=\"confluenceTd\">55</td><td class=\"confluenceTd\">55</td><td class=\"confluenceTd\">AN</td><td class=\"confluenceTd\">X(1)</td><td class=\"confluenceTd\">Method 4: Leg 1 Required Flag (&quot;N&quot; means not required, any other value means required)\u00a0<sup><a href=\"http://www.cme-ch.com/span/spanl306.htm#note4\" class=\"external-link\" rel=\"nofollow\">9</a></sup></td></tr><tr><td class=\"confluenceTd\">1</td><td class=\"confluenceTd\">56</td><td class=\"confluenceTd\">56</td><td class=\"confluenceTd\">AN</td><td class=\"confluenceTd\">X(1)</td><td class=\"confluenceTd\">Method 4: Leg 2 Required Flag</td></tr><tr><td class=\"confluenceTd\">1</td><td class=\"confluenceTd\">57</td><td class=\"confluenceTd\">57</td><td class=\"confluenceTd\">AN</td><td class=\"confluenceTd\">X(1)</td><td class=\"confluenceTd\">Method 4: Leg 3 Required Flag</td></tr><tr><td class=\"confluenceTd\">1</td><td class=\"confluenceTd\">58</td><td class=\"confluenceTd\">58</td><td class=\"confluenceTd\">AN</td><td class=\"confluenceTd\">X(1)</td><td class=\"confluenceTd\">Method 4: Leg 4 Required Flag</td></tr><tr><td class=\"confluenceTd\">1</td><td class=\"confluenceTd\">59</td><td class=\"confluenceTd\">59</td><td class=\"confluenceTd\">AN</td><td class=\"confluenceTd\">X(1)</td><td class=\"confluenceTd\">Method 4:\u00a0 Target Leg Required Flag</td></tr><tr><td class=\"confluenceTd\">2</td><td class=\"confluenceTd\">60</td><td class=\"confluenceTd\">61</td><td class=\"confluenceTd\">N</td><td class=\"confluenceTd\">9(2)</td><td class=\"confluenceTd\">Method 4:\u00a0 Target Leg Delta Per Spread Ratio</td></tr><tr><td class=\"confluenceTd\">13</td><td class=\"confluenceTd\">62</td><td class=\"confluenceTd\">74</td><td class=\"confluenceTd\">-</td><td class=\"confluenceTd\">-</td><td class=\"confluenceTd\">Filler</td></tr></tbody></table></div><p><strong>Layout for bytes 44-74 for method 20 (tiered delta-based) spreads:</strong></p><div class=\"table-wrap\"><table class=\"confluenceTable\"><tbody><tr><th class=\"confluenceTh\">Length</th><th class=\"confluenceTh\">From</th><th class=\"confluenceTh\">To</th><th class=\"confluenceTh\">Datatype</th><th class=\"confluenceTh\">Format</th><th class=\"confluenceTh\">Description and Comments</th></tr><tr><td class=\"confluenceTd\">2</td><td class=\"confluenceTd\">44</td><td class=\"confluenceTd\">45</td><td class=\"confluenceTd\">N</td><td class=\"confluenceTd\">9(2)</td><td class=\"confluenceTd\">Tier Number Leg 1</td></tr><tr><td class=\"confluenceTd\">2</td><td class=\"confluenceTd\">46</td><td class=\"confluenceTd\">47</td><td class=\"confluenceTd\">N</td><td class=\"confluenceTd\">9(2)</td><td class=\"confluenceTd\">Tier Number Leg 2</td></tr><tr><td class=\"confluenceTd\">2</td><td class=\"confluenceTd\">48</td><td class=\"confluenceTd\">49</td><td class=\"confluenceTd\">N</td><td class=\"confluenceTd\">9(2)</td><td class=\"confluenceTd\">Tier Number Leg 3</td></tr><tr><td class=\"confluenceTd\">2</td><td class=\"confluenceTd\">50</td><td class=\"confluenceTd\">51</td><td class=\"confluenceTd\">N</td><td class=\"confluenceTd\">9(2)</td><td class=\"confluenceTd\">Tier Number Leg 4</td></tr><tr><td class=\"confluenceTd\">23</td><td class=\"confluenceTd\">52</td><td class=\"confluenceTd\">74</td><td class=\"confluenceTd\">-</td><td class=\"confluenceTd\">-</td><td class=\"confluenceTd\">Filler</td></tr></tbody></table></div><p><strong>Layout for bytes 75-80:</strong></p><div class=\"table-wrap\"><table class=\"confluenceTable\"><tbody><tr><th class=\"confluenceTh\">Length</th><th class=\"confluenceTh\">From</th><th class=\"confluenceTh\">To</th><th class=\"confluenceTh\">Datatype</th><th class=\"confluenceTh\">Format</th><th class=\"confluenceTh\">Description and Comments</th></tr><tr><td class=\"confluenceTd\">3</td><td class=\"confluenceTd\">75</td><td class=\"confluenceTd\">77</td><td class=\"confluenceTd\">-</td><td class=\"confluenceTd\">-</td><td class=\"confluenceTd\">Filler</td></tr><tr><td class=\"confluenceTd\">1</td><td class=\"confluenceTd\">1</td><td class=\"confluenceTd\">78</td><td class=\"confluenceTd\">AN</td><td class=\"confluenceTd\">X(1)</td><td class=\"confluenceTd\">Spread Group Flag:\u00a0 blank or\u00a0<strong>N</strong>\u00a0means normal intercommodity or interexchange spread.\u00a0\u00a0<strong>S</strong>\u00a0means super-intercommodity or super-interexchange spread --\u00a0<em>ie</em>, a spread evaluated before rather than after normal intracommodity spreading.</td></tr><tr><td class=\"confluenceTd\">2</td><td class=\"confluenceTd\">79</td><td class=\"confluenceTd\">80</td><td class=\"confluenceTd\">N</td><td class=\"confluenceTd\">9(2)</td><td class=\"confluenceTd\">Intercommodity Spread Method Code\u00a0<sup><a href=\"http://www.cme-ch.com/span/spanl306.htm#note5\" class=\"external-link\" rel=\"nofollow\">5</a></sup></td></tr></tbody></table></div><p><strong>Notes:</strong></p><ol><li>This record is used to list the allowable intercommodity spreads for each record type, and to provide parameters for each such spread.<br/><br/></li><li>For a given commodity spread group, the &quot;6&quot; records are sorted in order by spread priority.<br/><br/></li><li>Each &quot;6&quot; record can contain data for up to four legs of a spread. There is no upper bound on the number of legs for a spread. There can be as many &quot;6&quot; records as needed for a particular spread. If a particular spread has more than four legs, the additional &quot;6&quot; record(s) for that spread follow the first one immediately.<br/><br/></li><li>The spread priority field is 2 bytes wide. If there are more than 99 spreads for a commodity group, the 100'th spread will have a priority of &quot;00&quot;, the 101st will have &quot;01&quot;, etc. Thus, the exact spread priority value can be calculated as:<br/><br/>Spread priority value in file + (100 * # of &quot;00&quot; records encountered)<br/><br/></li><li>Currently supported values for intercommodity spread method code are\u00a0<strong>&quot;01&quot;, &quot;02&quot;, &quot;03&quot;, &quot;04&quot;, or &quot;20&quot;</strong>. If this field is blank, not present, or contains any value other than these four, &quot;01&quot; is assumed.<br/><br/><ul><li><strong>Method &quot;01&quot;</strong>\u00a0is the original method in which spreads are formed on a\u00a0<strong>delta-basis\u00a0</strong>using delta from\u00a0<strong>all months for the combined commodity for each leg</strong>.<br/><br/></li><li><strong>Method &quot;02&quot;</strong>\u00a0is the\u00a0<strong>Chicago Board of Trade catastrophic insurance intercommodity spreading</strong>. This is a form of\u00a0<strong>tiered delta-based intercommodity spreading</strong>\u00a0in which intercommodity spreading is always between corresponding contract months.<br/><br/></li><li><strong>Method &quot;03&quot;</strong>\u00a0is the\u00a0<strong>Chicago Board of Trade / Mid-America Commodity Exchange &quot;crush&quot; intercommodity spread</strong>. This is a form of\u00a0<strong>tiered delta intercommodity spreading</strong>\u00a0in which soybeans spread against soy meal and soy oil for corresponding contract months.<br/><br/></li><li><strong>Method &quot;04&quot;</strong>\u00a0is the\u00a0<strong>scanning-based spreading</strong>\u00a0method in which the legs of the spread are scanned together with gains limited by the &quot;gain allowance factor&quot;, and which is inherently non-tiered.<br/><br/></li><li><strong>Method &quot;20&quot;</strong>\u00a0is generic\u00a0<strong>delta-based tiered intercommodity spreading</strong>.<br/><br/></li></ul></li><li>For any method other than 4, each intercommodity spread must have at least two legs. For method 4, since the target combined commodity functions as a leg, there need only be one spread leg.<br/><br/></li><li>For each leg the Spread Side indicates the relative side of the market for that leg. Possible values are &quot;A&quot; or &quot;B&quot;. In order to form spreads, all &quot;A&quot; legs must be on one side of the market, and all &quot;B&quot; legs on the other side. For example, if an &quot;A&quot; leg has positive remaining delta, then all &quot;A&quot; legs must have positive remaining delta and all &quot;B&quot; legs must have negative remaining delta. If an &quot;A&quot; leg has negative remaining delta, then all &quot;A&quot; legs must have negative remaining delta and all &quot;B&quot; legs must have positive remaining delta. Spreads need not have at least one leg on each side of the market -- same-sided spreads are possible.<br/><br/></li><li>If the value in the spread credit rate field expressed as an integer is larger than 100, then the field format is redefined as 9(3)V9(2). This allows the specification of non-integer percentage spread credit rates. For example, a value of &quot;00023&quot; means 23%. A value of &quot;02345&quot; means 23.45%.<br/><br/></li><li>For method &quot;04&quot;, scanning-based, spreads, there is a set of fields which specify for each leg whether that particular leg must be present in the portfolio in order for the spread to be formed.\u00a0 A value of &quot;N&quot; means that leg need not be present, and any other value means that leg must be present.\u00a0 This behavior of scanning-based spreads is different from that of delta-based spreads, where all legs must be present in order for the spread to be formed.<br/><br/>For the target leg, it must be present for the spread to be formed if\u00a0<strong>either</strong>\u00a0(a) the target-leg-required flag is set to 'Y', or (b) the target leg is specified as one of the ordinary legs.<br/><br/>Note that a new delta per spread ratio field for the target leg has been added to the layout.\u00a0 If the target leg is specified as an ordinary leg, then the delta per spread ratio for it may be read either from the regular delta per spread ratio field for that leg, or from the special delta per spread ratio field for the target leg.<br/>\u00a0</li><li>If any of the legs of a spread are for an exchange which is not part of the exchange complex (clearing organization or cross-margin agreement) for this SPAN file, then this spread is an\u00a0<strong>interexchange</strong>\u00a0spread. Interexchange spreading is a new feature of SPAN first supported in PC-SPAN version 3.12. Only method &quot;1&quot; spreads are supported for interexchange spreads. Spread credit rates for interexchange spreads pertain only to the spread legs which are part of the exchange complex providing the SPAN file.</li></ol>"
        }
    },
    "status": "current",
    "title": "Type 6 Record  - Standard",
    "spaceId": "457312811",
    "lastOwnerId": null,
    "id": "457083904",
    "_links": {
        "editui": "/pages/resumedraft.action?draftId=457083904",
        "webui": "/spaces/pubsub/pages/457083904/Type+6+Record+-+Standard",
        "edituiv2": "/spaces/pubsub/pages/edit-v2/457083904",
        "tinyui": "/x/AIw_Gw",
        "base": "https://cmegroupclientsite.atlassian.net/wiki"
    }
}