{
    "parentId": "457083133",
    "ownerId": "60653f79352e1e0069fb728f",
    "lastOwnerId": null,
    "createdAt": "2024-12-21T16:43:09.717Z",
    "authorId": "60653f79352e1e0069fb728f",
    "parentType": "page",
    "version": {
        "number": 1,
        "message": "",
        "minorEdit": false,
        "authorId": "60653f79352e1e0069fb728f",
        "createdAt": "2024-12-21T16:43:10.893Z"
    },
    "position": 403445673,
    "body": {
        "export_view": {
            "representation": "export_view",
            "value": "<p>This Report is simply an abbreviated version of the full PB Requirements Report.\u00a0 The upper portion of the Report is identical to the full PB Requirements Report.\u00a0\u00a0 The lower portion of the Report shows Overall Values and does not break them down per Exchange Complex and Combined commodity.\u00a0 It eliminates some of the finer details and gives a clean view, concentrating mainly on the Long, Short and Net Option Values and the Span Requirement.</p><p><strong>Overall for Portfolio:\u00a0 </strong>The portfolio's total equity broken down by ledger balance, open trade equity and securities on deposit</p><p><strong>Core Maintenance Requirement/Total Requirement:\u00a0\u00a0\u00a0 </strong>Equal to the Span Maintenance Requirement less the Available Net Option Value</p><p><strong>Excess Over (Deficit Under):\u00a0 </strong>(Net Liquidating Value + Securities) - (Maintenance Span Requirement)\u00a0</p><p><strong>Core Initial Requirement/Total Requirement:\u00a0\u00a0\u00a0 </strong>Equal to the Span Initial Requirement less the Available Net Option Value</p><p><strong>Excess Over (Deficit Under):\u00a0 </strong>(Net Liquidating Value + Securities) - (Initial Span Requirement)\u00a0</p><p><strong>Net Liquidating Value + Securities:</strong>\u00a0 Total Equity plus Available Net Option Value</p><p><strong>Level:</strong>\u00a0 The value perspectives shown as Overall Values, Overall Requirements, Requirements per Exchange Complex and Requirements per Combined Commodity.</p><p><strong>Curr:\u00a0 </strong>The currency used for each product and for the overall portfolio. Span gives the option of using different currencies for overall portfolio requirements and for each product's performance bond requirements.</p><p><strong>LOV:\u00a0\u00a0\u00a0 </strong>Long Option Value</p><p>The total value of all the long options in the portfolio</p><p><strong>SOV:\u00a0 </strong>\u00a0 Short Option Value</p><p>The total value of all the short options in the portfolio</p><p>\u00a0</p><p><strong>Class:\u00a0\u00a0\u00a0 </strong>Specifies the different levels of performance bond requirements.\u00a0 This allows an exchange or clearing organization to divide it's performance bond requirement into different, acceptable forms of collateral.</p><p>\u00a0</p><p><strong>Maint/Init:\u00a0\u00a0 </strong>Identifies whether a performance bond requirement is a Maintenance Requirement or an Initial Requirement.</p><p><strong>SpanReq:</strong>\u00a0\u00a0\u00a0 The requirement derived by Span which reflects the actual single-day exposure.\u00a0 It is calculated by taking the Scan Risk and adding to it any intracommodity, spot or Short Option Minimum charges, and deducting any intercommodity or interexchange credits.</p><p><strong>Av NOV :\u00a0\u00a0\u00a0 Available Net Option Value</strong></p><p>The Long Option value less the Short Option Value</p><p>\u00a0</p>"
        }
    },
    "status": "current",
    "title": "PB Requirements Summary",
    "spaceId": "457312811",
    "id": "457083618",
    "_links": {
        "editui": "/pages/resumedraft.action?draftId=457083618",
        "webui": "/spaces/pubsub/pages/457083618/PB+Requirements+Summary",
        "edituiv2": "/spaces/pubsub/pages/edit-v2/457083618",
        "tinyui": "/x/4oo_Gw",
        "base": "https://cmegroupclientsite.atlassian.net/wiki"
    }
}