{
    "data": [
        {
            "type": "link",
            "text": "Intercommodity Spreading Tier Requirements Report",
            "url": "https://cmegroupclientsite.atlassian.net/wiki/spaces/pubsub/pages/457214571/Intercommodity+Spreading+Tier+Requirements+Report",
            "data-linked-resource-id": "457214571",
            "data-linked-resource-type": "page"
        },
        {
            "type": "link",
            "text": "Intracommodity Spreading Tier Requirements Report",
            "url": "https://cmegroupclientsite.atlassian.net/wiki/spaces/pubsub/pages/457411133/Intracommodity+Spreading+Tier+Requirements+Report",
            "data-linked-resource-id": "457411133",
            "data-linked-resource-type": "page"
        },
        {
            "type": "link",
            "text": "Spreads Detail Report",
            "url": "https://cmegroupclientsite.atlassian.net/wiki/spaces/pubsub/pages/457313633/Spreads+Detail+Report",
            "data-linked-resource-id": "457313633",
            "data-linked-resource-type": "page"
        },
        {
            "type": "link",
            "text": "Short Option Minimum Tier Requirements Report",
            "url": "https://cmegroupclientsite.atlassian.net/wiki/spaces/pubsub/pages/457083343/Short+Option+Minimum+Tier+Requirements+Report",
            "data-linked-resource-id": "457083343",
            "data-linked-resource-type": "page"
        },
        {
            "type": "link",
            "text": "PB Requirements Report",
            "url": "https://cmegroupclientsite.atlassian.net/wiki/spaces/pubsub/pages/457313739/PB+Requirements+Report",
            "data-linked-resource-id": "457313739",
            "data-linked-resource-type": "page"
        },
        {
            "type": "link",
            "text": "Period Deltas Report",
            "url": "https://cmegroupclientsite.atlassian.net/wiki/spaces/pubsub/pages/457411265/Period+Deltas+Report",
            "data-linked-resource-id": "457411265",
            "data-linked-resource-type": "page"
        },
        {
            "type": "link",
            "text": "Scanning Tier Requirements Report",
            "url": "https://cmegroupclientsite.atlassian.net/wiki/spaces/pubsub/pages/457313891/Scanning+Tier+Requirements+Report",
            "data-linked-resource-id": "457313891",
            "data-linked-resource-type": "page"
        },
        {
            "type": "link",
            "text": "Positions Report",
            "url": "https://cmegroupclientsite.atlassian.net/wiki/spaces/pubsub/pages/457313943/Positions+Report",
            "data-linked-resource-id": "457313943",
            "data-linked-resource-type": "page"
        },
        {
            "type": "link",
            "text": "PB Requirements Summary",
            "url": "https://cmegroupclientsite.atlassian.net/wiki/spaces/pubsub/pages/457083618/PB+Requirements+Summary",
            "data-linked-resource-id": "457083618",
            "data-linked-resource-type": "page"
        },
        {
            "type": "link",
            "text": "PB Requirement Listing",
            "url": "https://cmegroupclientsite.atlassian.net/wiki/spaces/pubsub/pages/457214888/PB+Requirement+Listing",
            "data-linked-resource-id": "457214888",
            "data-linked-resource-type": "page"
        },
        {
            "type": "link",
            "text": "Scan Risk Contributions Report",
            "url": "https://cmegroupclientsite.atlassian.net/wiki/spaces/pubsub/pages/457314069/Scan+Risk+Contributions+Report",
            "data-linked-resource-id": "457314069",
            "data-linked-resource-type": "page"
        },
        {
            "type": "confluence_tables",
            "text": []
        }
    ],
    "page_id": "457083133",
    "child_page_ids": [
        "457214571",
        "457411265",
        "457313891",
        "457313739",
        "457083618",
        "457214888",
        "457314069",
        "457411133",
        "457313633",
        "457083343",
        "457313943"
    ]
}