{
    "parentId": "457083480",
    "spaceId": "457312811",
    "ownerId": "60653f79352e1e0069fb728f",
    "lastOwnerId": null,
    "createdAt": "2024-12-21T16:43:52.207Z",
    "authorId": "60653f79352e1e0069fb728f",
    "parentType": "page",
    "version": {
        "number": 1,
        "message": "",
        "minorEdit": false,
        "authorId": "60653f79352e1e0069fb728f",
        "createdAt": "2024-12-21T16:43:53.444Z"
    },
    "position": 474968924,
    "body": {
        "export_view": {
            "representation": "export_view",
            "value": "<div class=\"table-wrap\"><table class=\"confluenceTable\"><tbody><tr><th class=\"confluenceTh\">Length</th><th class=\"confluenceTh\">From</th><th class=\"confluenceTh\">To</th><th class=\"confluenceTh\">Datatype</th><th class=\"confluenceTh\">Format</th><th class=\"confluenceTh\">Description and Comments</th></tr><tr><td class=\"confluenceTd\">2</td><td class=\"confluenceTd\">1</td><td class=\"confluenceTd\">2</td><td class=\"confluenceTd\">AN</td><td class=\"confluenceTd\">X(2)</td><td class=\"confluenceTd\">Record ID - &quot;X &quot;</td></tr><tr><td class=\"confluenceTd\">1</td><td class=\"confluenceTd\">3</td><td class=\"confluenceTd\">3</td><td class=\"confluenceTd\">AN</td><td class=\"confluenceTd\">X</td><td class=\"confluenceTd\">Combination Margining Method Code -\u00a0<strong>S</strong>\u00a0for\u00a0<strong>Split Allocation</strong>,\u00a0<strong>D</strong>\u00a0for\u00a0<strong>Delta-Split Allocation</strong>,\u00a0<strong>M</strong>\u00a0for\u00a0<strong>Modified Split Allocation</strong>, or blank</td></tr><tr><td class=\"confluenceTd\">10</td><td class=\"confluenceTd\">4</td><td class=\"confluenceTd\">13</td><td class=\"confluenceTd\">AN</td><td class=\"confluenceTd\">X(10)</td><td class=\"confluenceTd\">Product (Commodity) Code</td></tr><tr><td class=\"confluenceTd\">7</td><td class=\"confluenceTd\">14</td><td class=\"confluenceTd\">20</td><td class=\"confluenceTd\">N</td><td class=\"confluenceTd\">9(7)</td><td class=\"confluenceTd\">Price Offset</td></tr></tbody></table></div><p><strong>Notes:</strong></p><ol><li>&quot;X&quot; records specify combination product families. Typically, these also have options listed on them, which are specified on the type &quot;Y&quot; records.</li><li>The &quot;X&quot; record may also specify -- via the\u00a0<strong>combination margining method</strong>\u00a0field -- that either of three special features of SPAN --\u00a0<strong>split allocation</strong>,\u00a0<strong>delta-split allocation</strong>, or\u00a0<strong>modified split allocation</strong>\u00a0-- should be used for margining positions in these combinations and any options on these combinations. If neither of these two methods is specified, then no special features are used for margining these combinations or options on them.</li><li>For spread combinations for which the settlement price (and hence the strike price for options thereon) can assume a negative value, the\u00a0<strong>price offset</strong>\u00a0gives the value added to these settlement prices and strike prices to obtain values guaranteed to be positive for inclusion in the SPAN file. The decimal locator for settlement prices also applies to the price offset, in order to convert it to an actual price format. To obtain the true settlement price for the combination, subtract the price offset from the settlement price as specified in the SPAN file. Similarly, to obtain the true strike price for an option on the combination, subtract the price offset from the strike price as specified in the SPAN file.</li></ol>"
        }
    },
    "status": "current",
    "title": "Type X Record - Standard and Expanded",
    "id": "457084084",
    "_links": {
        "editui": "/pages/resumedraft.action?draftId=457084084",
        "webui": "/spaces/pubsub/pages/457084084/Type+X+Record+-+Standard+and+Expanded",
        "edituiv2": "/spaces/pubsub/pages/edit-v2/457084084",
        "tinyui": "/x/tIw_Gw",
        "base": "https://cmegroupclientsite.atlassian.net/wiki"
    }
}