{
    "parentId": "457083445",
    "spaceId": "457312811",
    "ownerId": "60653f79352e1e0069fb728f",
    "lastOwnerId": null,
    "createdAt": "2024-12-21T16:43:08.822Z",
    "authorId": "60653f79352e1e0069fb728f",
    "parentType": "page",
    "version": {
        "number": 1,
        "message": "",
        "minorEdit": false,
        "authorId": "60653f79352e1e0069fb728f",
        "createdAt": "2024-12-21T16:43:10.145Z"
    },
    "position": 220516016,
    "id": "457083594",
    "status": "current",
    "body": {
        "export_view": {
            "representation": "export_view",
            "value": "<h1 id=\"CurrencyCodesRecognized-CurrencyCodesRecognized\">Currency Codes Recognized</h1><p>The SPAN risk parameter file allows the specification of the\u00a0<strong>performance bond currency</strong>\u00a0for each combined commodity and the\u00a0<strong>settlement currency</strong>\u00a0for each product contained in each combined commodity.\u00a0The performance bond currency is the currency in which the SPAN performance bond requirement for a combined commodity will be denominated. The settlement currency is the currency in which prices are quoted for a particular product, which will typically be the currency in which futures-style settlement variation (mark-to-market) or premium-style option premium amounts are paid or collected.\u00a0When SPAN was first introduced in 1988, usage of 3-byte ISO (International Standards Organization) codes for specifying currencies was not widespread. The standard SPAN file layout therefore used a one-byte code for identifying currencies. In the new, expanded SPAN file layout, the three-byte ISO codes are used.\u00a0The following table gives currencies with both their one-byte and three-byte ISO codes.</p><p>\u00a0</p><div class=\"table-wrap\"><table class=\"confluenceTable\"><tbody><tr><th class=\"confluenceTh\">3-byte ISO code</th><th class=\"confluenceTh\">1-byte code</th><th class=\"confluenceTh\">Currency</th></tr><tr><td class=\"confluenceTd\">AUD</td><td class=\"confluenceTd\">A</td><td class=\"confluenceTd\">Australian Dollar</td></tr><tr><td class=\"confluenceTd\">GBP</td><td class=\"confluenceTd\">L</td><td class=\"confluenceTd\">British Pound</td></tr><tr><td class=\"confluenceTd\">CAD</td><td class=\"confluenceTd\">C</td><td class=\"confluenceTd\">Canadian Dollar</td></tr><tr><td class=\"confluenceTd\">EUR</td><td class=\"confluenceTd\">E</td><td class=\"confluenceTd\">Euro</td></tr><tr><td class=\"confluenceTd\">FRF</td><td class=\"confluenceTd\">F</td><td class=\"confluenceTd\">French Franc</td></tr><tr><td class=\"confluenceTd\">DEM</td><td class=\"confluenceTd\">D</td><td class=\"confluenceTd\">German Deutschemark</td></tr><tr><td class=\"confluenceTd\">HKD</td><td class=\"confluenceTd\">H</td><td class=\"confluenceTd\">Hong Kong Dollar</td></tr><tr><td class=\"confluenceTd\">HUF</td><td class=\"confluenceTd\">U</td><td class=\"confluenceTd\">Hungarian Forint</td></tr><tr><td class=\"confluenceTd\">ITL</td><td class=\"confluenceTd\">I</td><td class=\"confluenceTd\">Italian Lira</td></tr><tr><td class=\"confluenceTd\">JPY</td><td class=\"confluenceTd\">Y</td><td class=\"confluenceTd\">Japanese Yen</td></tr><tr><td class=\"confluenceTd\">MXN</td><td class=\"confluenceTd\">P</td><td class=\"confluenceTd\">Mexican Peso</td></tr><tr><td class=\"confluenceTd\">NZD</td><td class=\"confluenceTd\">Z</td><td class=\"confluenceTd\">New Zealand Dollar</td></tr><tr><td class=\"confluenceTd\">NOK</td><td class=\"confluenceTd\">N</td><td class=\"confluenceTd\">Norwegian Kroner</td></tr><tr><td class=\"confluenceTd\">SGD</td><td class=\"confluenceTd\">G</td><td class=\"confluenceTd\">Singaporean Dollar</td></tr><tr><td class=\"confluenceTd\">ESP</td><td class=\"confluenceTd\">T</td><td class=\"confluenceTd\">Spanish Peseta</td></tr><tr><td class=\"confluenceTd\">ZAR</td><td class=\"confluenceTd\">R</td><td class=\"confluenceTd\">South African Rand</td></tr><tr><td class=\"confluenceTd\">SEK</td><td class=\"confluenceTd\">K</td><td class=\"confluenceTd\">Swedish Kroner</td></tr><tr><td class=\"confluenceTd\">CHF</td><td class=\"confluenceTd\">S</td><td class=\"confluenceTd\">Swiss Franc</td></tr><tr><td class=\"confluenceTd\">USD</td><td class=\"confluenceTd\">$</td><td class=\"confluenceTd\">US Dollar</td></tr></tbody></table></div>"
        }
    },
    "title": "Currency Codes Recognized",
    "_links": {
        "editui": "/pages/resumedraft.action?draftId=457083594",
        "webui": "/spaces/pubsub/pages/457083594/Currency+Codes+Recognized",
        "edituiv2": "/spaces/pubsub/pages/edit-v2/457083594",
        "tinyui": "/x/yoo_Gw",
        "base": "https://cmegroupclientsite.atlassian.net/wiki"
    }
}