{
    "data": [
        {
            "type": "heading",
            "text": "Settlement Price Decimal Locator.If negative, put \"-\" in the first byte.\u00a0 For example, \"-02\" means negative two."
        },
        {
            "type": "heading",
            "text": "Strike Price Decimal Locator (for options only).If negative, put \"-\" in the first byte.\u00a0 For example, \"-02\" means negative two."
        },
        {
            "type": "heading",
            "text": "Price Quotation Method -STDfor standard physical commodities,IDXfor standard indices, such as equity indices,INTfor interest-rate indices such as Eurodollars"
        },
        {
            "type": "heading",
            "text": "Exercise Style -AMERfor american style options,EUROfor european style options (AMERis default)"
        },
        {
            "type": "heading",
            "text": "Positionable Product Indicator --Nmeans non-positionable, in other words contracts in this product family cannot directly hold positions, typically because they are the underlying of an option on a combination, and positions in the combination are immediately broken out into their legs.Yor blank means positionable."
        },
        {
            "type": "heading",
            "text": "Money Calculation Method --Nmeans \"nominal\", ie, position quantities are quoted in nominal amounts and variation or premium calculations for this product must use OTC-style rounding,Imeans interest rate swap method for calculating mark-to-market amounts, andFor blank means \"futures-style\", where position quantities are in \"contract\" terms and variation and premium calculations use normal futures-style rounding."
        },
        {
            "type": "heading",
            "text": "Valuation Method --FUTfor futures-style (daily banking of mark-to-market amounts),FUTDAfor futures-style with a cash adjustment,FWDfor forward (collateralization of mark-to-market amounts), orEQTY(equity-style,iedaily payment or collection of price obligation amounts, for example option premium)"
        },
        {
            "type": "heading",
            "text": "Settlement Method --CASHfor cash-settled, orDELIVfor physically delivered.\u00a0 For futures or forwards, this indicates whether it is cash-settled or physically delivered.\u00a0 All options on futures are physically delivered because they exercise into an underlying future."
        },
        {
            "type": "heading",
            "text": "This and the following three fields are for Physically Delivered FX forward products only (and will be populated for these only):FX Spot Date Collateralization Gain Credit Rate (as a decimal fraction) -- percentage credit to be provided for gains, beginning on spot date and continuing through value date"
        },
        {
            "type": "heading",
            "text": "Notes:"
        },
        {
            "type": "confluence_tables",
            "text": [
                {
                    "headers": [
                        "Length",
                        "From",
                        "To",
                        "Datatype",
                        "Format",
                        "Description and Comments"
                    ],
                    "rows": [
                        {
                            "cells": [
                                "2",
                                "1",
                                "2",
                                "AN",
                                "X(2)",
                                "Record ID - \"P \""
                            ],
                            "links": []
                        },
                        {
                            "cells": [
                                "3",
                                "3",
                                "5",
                                "AN",
                                "X(3)",
                                "Exchange Acronym"
                            ],
                            "links": []
                        },
                        {
                            "cells": [
                                "10",
                                "6",
                                "15",
                                "AN",
                                "X(10)",
                                "Product (Commodity) Code"
                            ],
                            "links": []
                        },
                        {
                            "cells": [
                                "3",
                                "16",
                                "18",
                                "AN",
                                "X(3)",
                                "Product Type Code"
                            ],
                            "links": []
                        },
                        {
                            "cells": [
                                "15",
                                "19",
                                "33",
                                "AN",
                                "X(15)",
                                "Product Name (short name)"
                            ],
                            "links": []
                        },
                        {
                            "cells": [
                                "3",
                                "34",
                                "36",
                                "N",
                                "9(3)",
                                "Settlement Price Decimal Locator.If negative, put \"-\" in the first byte.\u00a0 For example, \"-02\" means negative two."
                            ],
                            "links": []
                        },
                        {
                            "cells": [
                                "3",
                                "37",
                                "39",
                                "N",
                                "9(3)",
                                "Strike Price Decimal Locator (for options only).If negative, put \"-\" in the first byte.\u00a0 For example, \"-02\" means negative two."
                            ],
                            "links": []
                        },
                        {
                            "cells": [
                                "1",
                                "40",
                                "40",
                                "AN",
                                "X",
                                "Settlement Price Alignment Code"
                            ],
                            "links": []
                        },
                        {
                            "cells": [
                                "1",
                                "41",
                                "41",
                                "AN",
                                "X",
                                "Strike Price Alignment Code (for options only)"
                            ],
                            "links": []
                        },
                        {
                            "cells": [
                                "14",
                                "42",
                                "55",
                                "N",
                                "9(7)V9(7)",
                                "Contract Value Factor (Multiplier)"
                            ],
                            "links": []
                        },
                        {
                            "cells": [
                                "8",
                                "56",
                                "63",
                                "N",
                                "9(6)V9(2)",
                                "Standard Cabinet Option Value"
                            ],
                            "links": []
                        },
                        {
                            "cells": [
                                "2",
                                "64",
                                "65",
                                "N",
                                "9(2)",
                                "Quoted Position Quantity per Contract (CBOT \"Futures Per Contract\")"
                            ],
                            "links": []
                        },
                        {
                            "cells": [
                                "3",
                                "66",
                                "68",
                                "AN",
                                "X(3)",
                                "Settlement Currency ISO Code"
                            ],
                            "links": []
                        },
                        {
                            "cells": [
                                "1",
                                "69",
                                "69",
                                "AN",
                                "X",
                                "Settlement Currency One-Byte Code"
                            ],
                            "links": []
                        },
                        {
                            "cells": [
                                "3",
                                "70",
                                "72",
                                "AN",
                                "X(3)",
                                "Price Quotation Method -STDfor standard physical commodities,IDXfor standard indices, such as equity indices,INTfor interest-rate indices such as Eurodollars"
                            ],
                            "links": []
                        },
                        {
                            "cells": [
                                "1",
                                "73",
                                "73",
                                "AN",
                                "X",
                                "Sign for the Contract Value Factor (Multiplier) exponent (\"-\" is negative, any other value is positive)"
                            ],
                            "links": []
                        },
                        {
                            "cells": [
                                "2",
                                "74",
                                "75",
                                "N",
                                "9(2)",
                                "Contract Value Factor (Multiplier) exponent"
                            ],
                            "links": []
                        },
                        {
                            "cells": [
                                "4",
                                "76",
                                "79",
                                "AN",
                                "X(4)",
                                "Exercise Style -AMERfor american style options,EUROfor european style options (AMERis default)"
                            ],
                            "links": []
                        },
                        {
                            "cells": [
                                "35",
                                "80",
                                "114",
                                "AN",
                                "X(35)",
                                "Product Long Name (optional field)"
                            ],
                            "links": []
                        },
                        {
                            "cells": [
                                "1",
                                "115",
                                "115",
                                "AN",
                                "X(1)",
                                "Positionable Product Indicator --Nmeans non-positionable, in other words contracts in this product family cannot directly hold positions, typically because they are the underlying of an option on a combination, and positions in the combination are immediately broken out into their legs.Yor blank means positionable."
                            ],
                            "links": []
                        },
                        {
                            "cells": [
                                "1",
                                "116",
                                "116",
                                "AN",
                                "X(1)",
                                "Money Calculation Method --Nmeans \"nominal\", ie, position quantities are quoted in nominal amounts and variation or premium calculations for this product must use OTC-style rounding,Imeans interest rate swap method for calculating mark-to-market amounts, andFor blank means \"futures-style\", where position quantities are in \"contract\" terms and variation and premium calculations use normal futures-style rounding."
                            ],
                            "links": []
                        },
                        {
                            "cells": [
                                "5",
                                "117",
                                "121",
                                "AN",
                                "X(5)",
                                "Valuation Method --FUTfor futures-style (daily banking of mark-to-market amounts),FUTDAfor futures-style with a cash adjustment,FWDfor forward (collateralization of mark-to-market amounts), orEQTY(equity-style,iedaily payment or collection of price obligation amounts, for example option premium)"
                            ],
                            "links": []
                        },
                        {
                            "cells": [
                                "5",
                                "122",
                                "126",
                                "AN",
                                "X(5)",
                                "Settlement Method --CASHfor cash-settled, orDELIVfor physically delivered.\u00a0 For futures or forwards, this indicates whether it is cash-settled or physically delivered.\u00a0 All options on futures are physically delivered because they exercise into an underlying future."
                            ],
                            "links": []
                        },
                        {
                            "cells": [
                                "5",
                                "127",
                                "131",
                                "N",
                                "9V9(4)",
                                "This and the following three fields are for Physically Delivered FX forward products only (and will be populated for these only):FX Spot Date Collateralization Gain Credit Rate (as a decimal fraction) -- percentage credit to be provided for gains, beginning on spot date and continuing through value date"
                            ],
                            "links": []
                        },
                        {
                            "cells": [
                                "5",
                                "132",
                                "136",
                                "N",
                                "9V9(4)",
                                "FX Pre-Spot Date Collateralization Gain Credit Rate (as a decimal fraction) -- percentage credit to be provided for gains, beginning on the specified number of weekdays prior to spot date, and continuing through the weekday prior to spot date"
                            ],
                            "links": []
                        },
                        {
                            "cells": [
                                "2",
                                "137",
                                "138",
                                "N",
                                "99",
                                "FX Pre-Spot Date Number of Days -- provides that specified number of weekdays.\u00a0 For example, a value of\u00a0 4 means that the pre-spot date collateralization gain credit rate applies beginning on the fourth weekday prior to spot date"
                            ],
                            "links": []
                        },
                        {
                            "cells": [
                                "5",
                                "139",
                                "143",
                                "N",
                                "9V9(4)",
                                "FX Forward Collateralization Gain Credit Rate -- percentage credit to be provided for gains, for contracts which are further forward than the pre-spot number of weekdays."
                            ],
                            "links": []
                        },
                        {
                            "cells": [
                                "14",
                                "144",
                                "157",
                                "N",
                                "9(7)V9(7)",
                                "Equivalent Position Factor"
                            ],
                            "links": []
                        },
                        {
                            "cells": [
                                "2",
                                "158",
                                "159",
                                "N",
                                "9(2)",
                                "Equivalent Position Factor Exponent"
                            ],
                            "links": []
                        },
                        {
                            "cells": [
                                "1",
                                "160",
                                "160",
                                "AN",
                                "X",
                                "Sign for Equivalent Position Factor Exponent (blank, \"+\" or \"-\")"
                            ],
                            "links": []
                        },
                        {
                            "cells": [
                                "1",
                                "161",
                                "161",
                                "AN",
                                "X",
                                "Variable Tick Option flag -- \"1\" means this product is a variable tick option, blank or any other value means this is a standard (not a variable) tick option.\u00a0 Standard options have a contract value factor and strike value factor that are the same for all options in a series, and are defined for the series.\u00a0 A variable tick option may have a contract value factor and/or strike value factor defined for each individual contract (on the type \"8\" record), and if defined, the value provided overrides any value defined for the option series."
                            ],
                            "links": []
                        },
                        {
                            "cells": [
                                "3",
                                "162",
                                "164",
                                "AN",
                                "X(3)",
                                "Price Quotation Currency - normally, the currency in which the price is quoted is the same as the Settlement Currency (the currency in which the variation or premium are denominated), but for some products these are different. If this field is blank, the Price Quotation Currency is assumed to be the same as the Settlement Currency."
                            ],
                            "links": []
                        },
                        {
                            "cells": [
                                "1",
                                "165",
                                "165",
                                "AN",
                                "X",
                                "In-The-Money Condition.\u00a0 For option products, specifies how strikes the expire exactly at-the-money are handled.\u00a0 0=ATM is OTM for both calls and puts; 1=ATM is ITM for both calls and puts; 2=ATM is ITM for calls but OTM for puts; and 3=ATM is OTM for calls and ITM for puts."
                            ],
                            "links": []
                        },
                        {
                            "cells": [
                                "1",
                                "166",
                                "166",
                                "AN",
                                "X",
                                "Contrary Instruction Eligible Indicator.\u00a0 For option products, indicates whether contrary instructions are allowed at expiration.\u00a0 Y=contraries are allowed; N=contraries are not allowed."
                            ],
                            "links": []
                        },
                        {
                            "cells": [
                                "6",
                                "167",
                                "172",
                                "AN",
                                "X",
                                "Option on Physical Delta Aggregation Method (oopDeltaMeth):\u00a0 Controls how delta from options on physicals is aggregated.\u00a0 Values are ZERO (put to special period zero), PERIOD (put to period of the option), or UND (put to period of the underlying).\u00a0 Default value is PERIOD."
                            ],
                            "links": []
                        }
                    ]
                }
            ]
        }
    ],
    "page_id": "457083966",
    "child_page_ids": []
}