{
    "data": [
        {
            "type": "heading",
            "text": "First, if you have a Portfolio dialog box open, clickOKto close it."
        },
        {
            "type": "heading",
            "text": "If you use either of the first two methods, if you haven't first selected a specific portfolio, theSelect Portfolios to Calculatedialog box displays.\u00a0 You can then specify whether you want to calculate requirements for:"
        },
        {
            "type": "confluence_tables",
            "text": []
        }
    ],
    "page_id": "457083100",
    "child_page_ids": []
}