{
    "parentId": "457214773",
    "spaceId": "457312811",
    "ownerId": "60653f79352e1e0069fb728f",
    "lastOwnerId": null,
    "createdAt": "2024-12-21T16:44:18.261Z",
    "authorId": "60653f79352e1e0069fb728f",
    "parentType": "page",
    "position": 452769521,
    "version": {
        "number": 1,
        "message": "",
        "minorEdit": false,
        "authorId": "60653f79352e1e0069fb728f",
        "createdAt": "2024-12-21T16:44:19.519Z"
    },
    "body": {
        "export_view": {
            "representation": "export_view",
            "value": "<div class=\"table-wrap\"><table class=\"wrapped confluenceTable\"><colgroup><col/><col/><col/><col/><col/><col/></colgroup><tbody><tr><th class=\"confluenceTh\">Length</th><th class=\"confluenceTh\">From</th><th class=\"confluenceTh\">To</th><th class=\"confluenceTh\">Datatype</th><th class=\"confluenceTh\">Format</th><th class=\"confluenceTh\">Description and Comments</th></tr><tr><td class=\"confluenceTd\">2</td><td class=\"confluenceTd\">1</td><td class=\"confluenceTd\">2</td><td class=\"confluenceTd\">AN</td><td class=\"confluenceTd\">X</td><td class=\"confluenceTd\">Record ID - &quot;3 &quot;</td></tr><tr><td class=\"confluenceTd\">6</td><td class=\"confluenceTd\">3</td><td class=\"confluenceTd\">8</td><td class=\"confluenceTd\">AN</td><td class=\"confluenceTd\">X(6)</td><td class=\"confluenceTd\">Combined Commodity Code</td></tr><tr><td class=\"confluenceTd\">2</td><td class=\"confluenceTd\">9</td><td class=\"confluenceTd\">10</td><td class=\"confluenceTd\">AN</td><td class=\"confluenceTd\">X(2)</td><td class=\"confluenceTd\">Intracommodity (Intermonth) Spread Charge Method Code</td></tr><tr><td class=\"confluenceTd\">2</td><td class=\"confluenceTd\">11</td><td class=\"confluenceTd\">12</td><td class=\"confluenceTd\">N</td><td class=\"confluenceTd\">9(2)</td><td class=\"confluenceTd\">Tier 1 Tier Number</td></tr><tr><td class=\"confluenceTd\">6</td><td class=\"confluenceTd\">13</td><td class=\"confluenceTd\">18</td><td class=\"confluenceTd\">N</td><td class=\"confluenceTd\">9(6)</td><td class=\"confluenceTd\">Tier 1 Starting Contract Month as\u00a0<strong>CCYYMM</strong></td></tr><tr><td class=\"confluenceTd\">6</td><td class=\"confluenceTd\">19</td><td class=\"confluenceTd\">24</td><td class=\"confluenceTd\">N</td><td class=\"confluenceTd\">9(6)</td><td class=\"confluenceTd\">Tier 1 Ending Contract Month as\u00a0<strong>CCYYMM</strong></td></tr><tr><td class=\"confluenceTd\">2</td><td class=\"confluenceTd\">25</td><td class=\"confluenceTd\">26</td><td class=\"confluenceTd\">N</td><td class=\"confluenceTd\">9(2)</td><td class=\"confluenceTd\">Tier 2 Tier Number</td></tr><tr><td class=\"confluenceTd\">6</td><td class=\"confluenceTd\">27</td><td class=\"confluenceTd\">32</td><td class=\"confluenceTd\">N</td><td class=\"confluenceTd\">9(6)</td><td class=\"confluenceTd\">Tier 2 Starting Contract Month as\u00a0<strong>CCYYMM</strong></td></tr><tr><td class=\"confluenceTd\">6</td><td class=\"confluenceTd\">33</td><td class=\"confluenceTd\">38</td><td class=\"confluenceTd\">N</td><td class=\"confluenceTd\">9(6)</td><td class=\"confluenceTd\">Tier 2 Ending Contract Month as\u00a0<strong>CCYYMM</strong></td></tr><tr><td class=\"confluenceTd\">2</td><td class=\"confluenceTd\">39</td><td class=\"confluenceTd\">40</td><td class=\"confluenceTd\">N</td><td class=\"confluenceTd\">9(2)</td><td class=\"confluenceTd\">Tier 3 Tier Number</td></tr><tr><td class=\"confluenceTd\">6</td><td class=\"confluenceTd\">41</td><td class=\"confluenceTd\">46</td><td class=\"confluenceTd\">N</td><td class=\"confluenceTd\">9(6)</td><td class=\"confluenceTd\">Tier 3 Starting Contract Month as\u00a0<strong>CCYYMM</strong></td></tr><tr><td class=\"confluenceTd\">6</td><td class=\"confluenceTd\">47</td><td class=\"confluenceTd\">52</td><td class=\"confluenceTd\">N</td><td class=\"confluenceTd\">9(6)</td><td class=\"confluenceTd\">Tier 3 Ending Contract Month as\u00a0<strong>CCYYMM</strong></td></tr><tr><td class=\"confluenceTd\">2</td><td class=\"confluenceTd\">53</td><td class=\"confluenceTd\">54</td><td class=\"confluenceTd\">N</td><td class=\"confluenceTd\">9(2)</td><td class=\"confluenceTd\">Tier 4 Tier Number</td></tr><tr><td class=\"confluenceTd\">6</td><td class=\"confluenceTd\">55</td><td class=\"confluenceTd\">60</td><td class=\"confluenceTd\">N</td><td class=\"confluenceTd\">9(6)</td><td class=\"confluenceTd\">Tier 4 Starting Contract Month as\u00a0<strong>CCYYMM</strong></td></tr><tr><td class=\"confluenceTd\">6</td><td class=\"confluenceTd\">61</td><td class=\"confluenceTd\">66</td><td class=\"confluenceTd\">N</td><td class=\"confluenceTd\">9(6)</td><td class=\"confluenceTd\">Tier 4 Ending Contract Month as\u00a0<strong>CCYYMM</strong></td></tr><tr><td class=\"confluenceTd\">2</td><td class=\"confluenceTd\">67</td><td class=\"confluenceTd\">68</td><td class=\"confluenceTd\">-</td><td class=\"confluenceTd\">-</td><td class=\"confluenceTd\">Filler</td></tr><tr><td class=\"confluenceTd\">4</td><td class=\"confluenceTd\">69</td><td class=\"confluenceTd\">72</td><td class=\"confluenceTd\">N</td><td class=\"confluenceTd\">9V9(3)</td><td class=\"confluenceTd\">Initial to Maintenance Ratio -- Member Accounts</td></tr><tr><td class=\"confluenceTd\">4</td><td class=\"confluenceTd\">73</td><td class=\"confluenceTd\">76</td><td class=\"confluenceTd\">N</td><td class=\"confluenceTd\">9V9(3)</td><td class=\"confluenceTd\">Initial to Maintenance Ratio -- Hedger Accounts or Accounts with a Non-Heightened Risk Profile (NHRP)</td></tr><tr><td class=\"confluenceTd\">4</td><td class=\"confluenceTd\">77</td><td class=\"confluenceTd\">80</td><td class=\"confluenceTd\">N</td><td class=\"confluenceTd\">9V9(3)</td><td class=\"confluenceTd\">Initial to Maintenance Ratio -- Speculator Accounts or Accounts with a Heightened Risk Profile (HRP)</td></tr><tr><td class=\"confluenceTd\">2</td><td class=\"confluenceTd\">81</td><td class=\"confluenceTd\">82</td><td class=\"confluenceTd\">AN</td><td class=\"confluenceTd\">X(2)</td><td class=\"confluenceTd\">Tier 1 Starting Contract Day or Week Code</td></tr><tr><td class=\"confluenceTd\">2</td><td class=\"confluenceTd\">83</td><td class=\"confluenceTd\">84</td><td class=\"confluenceTd\">AN</td><td class=\"confluenceTd\">X(2)</td><td class=\"confluenceTd\">Tier 1 Ending Contract Day or Week Code</td></tr><tr><td class=\"confluenceTd\">2</td><td class=\"confluenceTd\">85</td><td class=\"confluenceTd\">86</td><td class=\"confluenceTd\">AN</td><td class=\"confluenceTd\">X(2)</td><td class=\"confluenceTd\">Tier 2 Starting Contract Day or Week Code</td></tr><tr><td class=\"confluenceTd\">2</td><td class=\"confluenceTd\">87</td><td class=\"confluenceTd\">88</td><td class=\"confluenceTd\">AN</td><td class=\"confluenceTd\">X(2)</td><td class=\"confluenceTd\">Tier 2 Ending Contract Day or Week Code</td></tr><tr><td class=\"confluenceTd\">2</td><td class=\"confluenceTd\">89</td><td class=\"confluenceTd\">90</td><td class=\"confluenceTd\">AN</td><td class=\"confluenceTd\">X(2)</td><td class=\"confluenceTd\">Tier 3 Starting Contract Day or Week Code</td></tr><tr><td class=\"confluenceTd\">2</td><td class=\"confluenceTd\">91</td><td class=\"confluenceTd\">92</td><td class=\"confluenceTd\">AN</td><td class=\"confluenceTd\">X(2)</td><td class=\"confluenceTd\">Tier 3 Ending Contract Day or Week Code</td></tr><tr><td class=\"confluenceTd\">2</td><td class=\"confluenceTd\">93</td><td class=\"confluenceTd\">94</td><td class=\"confluenceTd\">AN</td><td class=\"confluenceTd\">X(2)</td><td class=\"confluenceTd\">Tier 4 Starting Contract Day or Week Code</td></tr><tr><td class=\"confluenceTd\">2</td><td class=\"confluenceTd\">95</td><td class=\"confluenceTd\">96</td><td class=\"confluenceTd\">AN</td><td class=\"confluenceTd\">X(2)</td><td class=\"confluenceTd\">Tier 4 Ending Contract Day or Week Code</td></tr><tr><td class=\"confluenceTd\">36</td><td class=\"confluenceTd\">97</td><td class=\"confluenceTd\">132</td><td class=\"confluenceTd\">-</td><td class=\"confluenceTd\">-</td><td class=\"confluenceTd\">Filler</td></tr></tbody></table></div><p><strong>Notes:</strong></p><ol><li>The expanded unpacked format supports only intracommodity spread charge methods\u00a0<strong>01</strong>\u00a0(no charge) and\u00a0<strong>10</strong>\u00a0(the table-driven method.) Older methods, in which the spreading logic was hard-coded, are not supported and are intended to be phased out.<br/><br/></li><li>If the intracommodity spread charge method code is\u00a0<strong>&quot;01&quot;</strong>, then there is no intracommodity spread charge for this combined commodity.<br/><br/></li><li>If the intracommodity spread charge method code is\u00a0<strong>&quot;10&quot;</strong>\u00a0-- the\u00a0<strong>table-driven</strong>\u00a0method -- then each type &quot;3&quot; record specifies up to four\u00a0<strong>intracommodity spread tiers</strong>. Each such tier is defined as a group of consecutive futures months; the tiers defined for a combined commodity do not overlap. There will be at least one tier for each such combined commodity. If more than four tiers are specified for a combined commodity, they will be on additional type &quot;3&quot; records which immediately follow the first.<br/>\u00a0</li><li>If values are provided which are non-null, non-blank or non-zero in the &quot;Starting Contract Day or Week Code&quot; or &quot;Ending Contract Day or Week Code&quot; fields, then these should be appended to the starting contract month or ending contract month fields, respectively, in order to determine the true starting or ending contract period code for the tier.<br/><br/>For example, suppose the Tier 1 Starting Contract Month field contains\u00a0<strong>200406</strong>, the Tier 1 Ending Contract Month field contains\u00a0<strong>200412</strong>, the Tier 1 Starting Contract Day or Week Code contains\u00a0<strong>12</strong>, and the Tier 1 Ending Contract Day or Week Code contains\u00a0<strong>23</strong>.\u00a0 This means that the starting period code for the tier is\u00a0<strong>20041212</strong>\u00a0(the 12th of December, 2004), and the ending period code for the tier is\u00a0<strong>20041223</strong>.<br/><br/>Normally in SPAN delta periods are defined only to the month level, and in this case the starting and ending periods for a tier are specific to the month.\u00a0 However, it is possible, for futures or forwards with period codes specific to the day, to have delta periods to the day.\u00a0 In this case, it may similarly be desired to make the starting or ending periods of a tier be specific to the day.</li></ol>"
        }
    },
    "status": "current",
    "title": "Type 3 - Expanded",
    "id": "457084156",
    "_links": {
        "editui": "/pages/resumedraft.action?draftId=457084156",
        "webui": "/spaces/pubsub/pages/457084156/Type+3+-+Expanded",
        "edituiv2": "/spaces/pubsub/pages/edit-v2/457084156",
        "tinyui": "/x/-Iw_Gw",
        "base": "https://cmegroupclientsite.atlassian.net/wiki"
    }
}