{
    "parentId": "457083480",
    "spaceId": "457312811",
    "ownerId": "60653f79352e1e0069fb728f",
    "lastOwnerId": null,
    "createdAt": "2024-12-21T16:43:40.870Z",
    "authorId": "60653f79352e1e0069fb728f",
    "parentType": "page",
    "version": {
        "number": 1,
        "message": "",
        "minorEdit": false,
        "authorId": "60653f79352e1e0069fb728f",
        "createdAt": "2024-12-21T16:43:42.074Z"
    },
    "position": 474966221,
    "body": {
        "export_view": {
            "representation": "export_view",
            "value": "<div class=\"table-wrap\"><table class=\"confluenceTable\"><tbody><tr><th class=\"confluenceTh\">Length</th><th class=\"confluenceTh\">From</th><th class=\"confluenceTh\">To</th><th class=\"confluenceTh\">Datatype</th><th class=\"confluenceTh\">Format</th><th class=\"confluenceTh\">Description and Comments</th></tr><tr><td class=\"confluenceTd\">1</td><td class=\"confluenceTd\">1</td><td class=\"confluenceTd\">1</td><td class=\"confluenceTd\">AN</td><td class=\"confluenceTd\">X</td><td class=\"confluenceTd\">Record ID - &quot;R&quot;</td></tr><tr><td class=\"confluenceTd\">2</td><td class=\"confluenceTd\">2</td><td class=\"confluenceTd\">3</td><td class=\"confluenceTd\">AN</td><td class=\"confluenceTd\">X(2)</td><td class=\"confluenceTd\">Exchange Code</td></tr><tr><td class=\"confluenceTd\">2</td><td class=\"confluenceTd\">4</td><td class=\"confluenceTd\">5</td><td class=\"confluenceTd\">AN</td><td class=\"confluenceTd\">X(2)</td><td class=\"confluenceTd\">Product (Commodity) Code</td></tr><tr><td class=\"confluenceTd\">3</td><td class=\"confluenceTd\">6</td><td class=\"confluenceTd\">8</td><td class=\"confluenceTd\">AN</td><td class=\"confluenceTd\">X(3)</td><td class=\"confluenceTd\">Combined Commodity Code</td></tr><tr><td class=\"confluenceTd\">2</td><td class=\"confluenceTd\">9</td><td class=\"confluenceTd\">10</td><td class=\"confluenceTd\">AN</td><td class=\"confluenceTd\">X(2)</td><td class=\"confluenceTd\">Alternate Exchange Code</td></tr><tr><td class=\"confluenceTd\">2</td><td class=\"confluenceTd\">11</td><td class=\"confluenceTd\">12</td><td class=\"confluenceTd\">AN</td><td class=\"confluenceTd\">X(2)</td><td class=\"confluenceTd\">Alternate Product (Commodity) Code</td></tr><tr><td class=\"confluenceTd\">3</td><td class=\"confluenceTd\">13</td><td class=\"confluenceTd\">15</td><td class=\"confluenceTd\">AN</td><td class=\"confluenceTd\">X(3)</td><td class=\"confluenceTd\">Alternate Combined Commodity Code</td></tr><tr><td class=\"confluenceTd\">65</td><td class=\"confluenceTd\">16</td><td class=\"confluenceTd\">80</td><td class=\"confluenceTd\">-</td><td class=\"confluenceTd\">-</td><td class=\"confluenceTd\">Filler</td></tr></tbody></table></div><p><strong>Notes:</strong></p><ol><li>Commodity redefinition records may be used where products on two different exchanges in the same SPAN file need to be assigned to the same combined commodity code. In the SPAN file, the combined commodity code pertains to the exchange -- not to the group of exchanges which are cleared by a single clearing organization or which otherwise comprise an &quot;exchange complex.&quot; Therefore, to put products on two different exchanges into the same combined commodity, it is necessary to redefine one of them as if it were on the other exchange.<br/><br/></li><li>For example, in the Chicago Board of Trade / Mid-America Commodity Exchange SPAN file, CBOT commodity 17 (Treasury Bonds) is redefined as Mid-Am commodity US, in the Mid-Am combined commodity &quot;17 &quot;. Thus, Mid-Am combined commodity &quot;17 &quot; contains both CBOT treasury bonds and Mid-Am treasury bonds. Delta-scaling factors on the type &quot;B&quot; records are used to take relative contract size differences into account when doing delta calculations with these two different contracts.<br/><br/></li><li>If present in the file, commodity redefinition records must be located\u00a0<strong>immediately after the first exchange header (type &quot;1&quot;) record in the file, regardless of which exchange they are for.</strong></li></ol>"
        }
    },
    "status": "current",
    "title": "Type R Record - Standard",
    "id": "457083949",
    "_links": {
        "editui": "/pages/resumedraft.action?draftId=457083949",
        "webui": "/spaces/pubsub/pages/457083949/Type+R+Record+-+Standard",
        "edituiv2": "/spaces/pubsub/pages/edit-v2/457083949",
        "tinyui": "/x/LYw_Gw",
        "base": "https://cmegroupclientsite.atlassian.net/wiki"
    }
}