{
    "parentId": "457411114",
    "ownerId": "60653f79352e1e0069fb728f",
    "lastOwnerId": null,
    "createdAt": "2024-12-21T16:43:46.797Z",
    "authorId": "60653f79352e1e0069fb728f",
    "parentType": "page",
    "position": 91141615,
    "version": {
        "number": 1,
        "message": "",
        "minorEdit": false,
        "authorId": "60653f79352e1e0069fb728f",
        "createdAt": "2024-12-21T16:43:48.222Z"
    },
    "status": "current",
    "body": {
        "export_view": {
            "representation": "export_view",
            "value": "<p><span class=\"confluence-embedded-file-wrapper\"><img class=\"confluence-embedded-image\" src=\"https://cmegroupclientsite.atlassian.net/wiki/download/attachments/457084023/products.jpg?api=v2\"></span></p><p><u><strong>Products</strong></u></p><p><strong>Comb Comm:</strong>\u00a0 Combined Commodity</p><p>The set of all eligible products used to generate a total requirement for each Exchange Complex within a portfolio.\u00a0 A Combined Commodity generally consists of all products of the same underlying physical. For example, at the CME, the Eurodollar combined commodity encompasses Mid-Curve options, Eurodollars and Eurodollar options.\u00a0</p><p><strong>Exch:\u00a0 Exchange</strong></p><p>An individual Exchange.\u00a0 Each Exchange Complex may have more than one Exchanges product groupings under its umbrella.\u00a0 Each individual Exchange will have its own product grouping.</p><p><strong>Type:\u00a0 </strong></p><p>Identifies the product.\u00a0 Futures are Fut, options on futures are FutOpt, etc.</p><p><strong>ID:</strong>\u00a0\u00a0</p><p>Span assigns an internal product ID number to each product within a family\u00a0</p><p><strong>Code:\u00a0 </strong></p><p>The code for each Combined Commodity.\u00a0 For example, SP is the code for the family of products with the underlying physical S&amp;P 500 index.</p><p><strong>Name:</strong></p><p>The name of the product</p><p><strong>Curr:</strong></p><p>The margin currency of the product</p><p><strong>Cntr Val Factor:</strong></p><p>The multiple needed to multiply the contract price by to obtain the value of a contract.</p><p><strong>Price Dec Loc:</strong></p><p>This number determines where the decimal should be located in each incoming product price</p><p><strong>Price Format Code:</strong></p><p>This code is uses for products that trade in fractions, and defines the fraction for the particular product, like the 30 Year Treasury Bonds which trade in factions of 1/32</p><p><strong>Val Meth:</strong></p><p>Displays the valuation style of a product (FUT or EQTY).\u00a0 For equity style products a premium is paid at the initiation of the contract.\u00a0 Futures style products are marked to the market.</p><p><strong>Price Meth:</strong></p><p>The Price Method shows how a contract price is quoted.</p><ul><li>IDX - price is an index price with no underlying</li><li>STD\u00a0 - standard is quoted as the price of the underlying product (for example pork belly futures - PB - are quoted cents per pound)</li><li>INT - price as a discount from 100 (for an interest rate index like the Eurodollar)</li><li>PCT - price as a percentage of nominal value ( for bonds with a discount under or premium over parity)</li><li>YLD - price as a yield (debt securities and bonds)</li></ul><p><strong>Setl Meth:</strong></p><p>Displays the settlement method by Cash or Delivery</p><p><strong>Strike Curr:</strong></p><p>The currency in which the strike is denominated</p><p><strong>Strike Dec Loc:</strong></p><p>This number determines where the decimal should be located in each product's strike price</p><p><strong>Strike Format Code:</strong></p><p>This code displays how strikes should be formatted for those products that trade in fractions</p><p><strong>Cab:</strong></p><p>The cabinet value of an option.\u00a0\u00a0 Cabinet trades allow for the liquidation of deep out-of-the-money options by trading the option at a price less than the minimum tick value.</p>"
        }
    },
    "title": "Products",
    "spaceId": "457312811",
    "id": "457084023",
    "_links": {
        "editui": "/pages/resumedraft.action?draftId=457084023",
        "webui": "/spaces/pubsub/pages/457084023/Products",
        "edituiv2": "/spaces/pubsub/pages/edit-v2/457084023",
        "tinyui": "/x/d4w_Gw",
        "base": "https://cmegroupclientsite.atlassian.net/wiki"
    }
}