{
    "parentId": "457083480",
    "spaceId": "457312811",
    "ownerId": "60653f79352e1e0069fb728f",
    "lastOwnerId": null,
    "createdAt": "2024-12-21T16:43:46.618Z",
    "authorId": "60653f79352e1e0069fb728f",
    "parentType": "page",
    "position": 474967381,
    "version": {
        "number": 1,
        "message": "",
        "minorEdit": false,
        "authorId": "60653f79352e1e0069fb728f",
        "createdAt": "2024-12-21T16:43:47.807Z"
    },
    "body": {
        "export_view": {
            "representation": "export_view",
            "value": "<div class=\"table-wrap\"><table class=\"confluenceTable\"><tbody><tr><th class=\"confluenceTh\">Length</th><th class=\"confluenceTh\">From</th><th class=\"confluenceTh\">To</th><th class=\"confluenceTh\">Datatype</th><th class=\"confluenceTh\">Format</th><th class=\"confluenceTh\">Description and Comments</th></tr><tr><td class=\"confluenceTd\">2</td><td class=\"confluenceTd\">1</td><td class=\"confluenceTd\">2</td><td class=\"confluenceTd\">AN</td><td class=\"confluenceTd\">X(2)</td><td class=\"confluenceTd\">Record ID - &quot;E &quot;</td></tr><tr><td class=\"confluenceTd\">6</td><td class=\"confluenceTd\">3</td><td class=\"confluenceTd\">8</td><td class=\"confluenceTd\">AN</td><td class=\"confluenceTd\">X(3)</td><td class=\"confluenceTd\">Combined Commodity Code</td></tr><tr><td class=\"confluenceTd\">5</td><td class=\"confluenceTd\">9</td><td class=\"confluenceTd\">13</td><td class=\"confluenceTd\">N</td><td class=\"confluenceTd\">9(5)</td><td class=\"confluenceTd\">Spread Priority</td></tr><tr><td class=\"confluenceTd\">7</td><td class=\"confluenceTd\">14</td><td class=\"confluenceTd\">20</td><td class=\"confluenceTd\">N</td><td class=\"confluenceTd\">9(7)</td><td class=\"confluenceTd\">Charge Rate</td></tr><tr><td class=\"confluenceTd\">4</td><td class=\"confluenceTd\">21</td><td class=\"confluenceTd\">24</td><td class=\"confluenceTd\">N</td><td class=\"confluenceTd\">9(4)</td><td class=\"confluenceTd\">Leg 1 Contract Month as\u00a0<strong>YYMM</strong></td></tr><tr><td class=\"confluenceTd\">3</td><td class=\"confluenceTd\">25</td><td class=\"confluenceTd\">27</td><td class=\"confluenceTd\">AN</td><td class=\"confluenceTd\">X(3)</td><td class=\"confluenceTd\">Leg 1 Remaining Part of Contract Period</td></tr><tr><td class=\"confluenceTd\">6</td><td class=\"confluenceTd\">28</td><td class=\"confluenceTd\">33</td><td class=\"confluenceTd\">N</td><td class=\"confluenceTd\">9(2)V9(4)</td><td class=\"confluenceTd\">Leg 1 Delta Per Spread Ratio</td></tr><tr><td class=\"confluenceTd\">1</td><td class=\"confluenceTd\">34</td><td class=\"confluenceTd\">34</td><td class=\"confluenceTd\">A</td><td class=\"confluenceTd\">A</td><td class=\"confluenceTd\">Leg 1 Market Side (<strong>A</strong>\u00a0or\u00a0<strong>B</strong>)</td></tr><tr><td class=\"confluenceTd\">4</td><td class=\"confluenceTd\">35</td><td class=\"confluenceTd\">38</td><td class=\"confluenceTd\">N</td><td class=\"confluenceTd\">9(4)</td><td class=\"confluenceTd\">Leg 2 Contract Month as\u00a0<strong>YYMM</strong></td></tr><tr><td class=\"confluenceTd\">3</td><td class=\"confluenceTd\">39</td><td class=\"confluenceTd\">41</td><td class=\"confluenceTd\">AN</td><td class=\"confluenceTd\">X(3)</td><td class=\"confluenceTd\">Leg 2 Remaining Part of Contract Period</td></tr><tr><td class=\"confluenceTd\">6</td><td class=\"confluenceTd\">42</td><td class=\"confluenceTd\">47</td><td class=\"confluenceTd\">N</td><td class=\"confluenceTd\">9(2)V9(4)</td><td class=\"confluenceTd\">Leg 2 Delta Per Spread Ratio</td></tr><tr><td class=\"confluenceTd\">1</td><td class=\"confluenceTd\">48</td><td class=\"confluenceTd\">48</td><td class=\"confluenceTd\">A</td><td class=\"confluenceTd\">A</td><td class=\"confluenceTd\">Leg 2 Market Side (<strong>A</strong>\u00a0or\u00a0<strong>B</strong>)</td></tr><tr><td class=\"confluenceTd\">4</td><td class=\"confluenceTd\">49</td><td class=\"confluenceTd\">52</td><td class=\"confluenceTd\">N</td><td class=\"confluenceTd\">9(4)</td><td class=\"confluenceTd\">Leg 3 Contract Month as\u00a0<strong>YYMM</strong></td></tr><tr><td class=\"confluenceTd\">3</td><td class=\"confluenceTd\">53</td><td class=\"confluenceTd\">55</td><td class=\"confluenceTd\">AN</td><td class=\"confluenceTd\">X(3)</td><td class=\"confluenceTd\">Leg 3 Remaining Part of Contract Period</td></tr><tr><td class=\"confluenceTd\">6</td><td class=\"confluenceTd\">56</td><td class=\"confluenceTd\">61</td><td class=\"confluenceTd\">N</td><td class=\"confluenceTd\">9(2)V9(4)</td><td class=\"confluenceTd\">Leg 3 Delta Per Spread Ratio</td></tr><tr><td class=\"confluenceTd\">1</td><td class=\"confluenceTd\">62</td><td class=\"confluenceTd\">62</td><td class=\"confluenceTd\">A</td><td class=\"confluenceTd\">A</td><td class=\"confluenceTd\">Leg 3 Market Side (<strong>A</strong>\u00a0or\u00a0<strong>B</strong>)</td></tr><tr><td class=\"confluenceTd\">4</td><td class=\"confluenceTd\">63</td><td class=\"confluenceTd\">66</td><td class=\"confluenceTd\">N</td><td class=\"confluenceTd\">9(4)</td><td class=\"confluenceTd\">Leg 4 Contract Month as\u00a0<strong>YYMM</strong></td></tr><tr><td class=\"confluenceTd\">3</td><td class=\"confluenceTd\">67</td><td class=\"confluenceTd\">69</td><td class=\"confluenceTd\">AN</td><td class=\"confluenceTd\">X(3)</td><td class=\"confluenceTd\">Leg 4 Remaining Part of Contract Period</td></tr><tr><td class=\"confluenceTd\">6</td><td class=\"confluenceTd\">70</td><td class=\"confluenceTd\">75</td><td class=\"confluenceTd\">N</td><td class=\"confluenceTd\">9(2)V9(4)</td><td class=\"confluenceTd\">Leg 4 Delta Per Spread Ratio</td></tr><tr><td class=\"confluenceTd\">1</td><td class=\"confluenceTd\">76</td><td class=\"confluenceTd\">76</td><td class=\"confluenceTd\">A</td><td class=\"confluenceTd\">A</td><td class=\"confluenceTd\">Leg 4 Market Side (<strong>A</strong>\u00a0or\u00a0<strong>B</strong>)</td></tr><tr><td class=\"confluenceTd\">4</td><td class=\"confluenceTd\">77</td><td class=\"confluenceTd\">80</td><td class=\"confluenceTd\">-</td><td class=\"confluenceTd\">-</td><td class=\"confluenceTd\">Filler</td></tr></tbody></table></div><p><strong>Notes:</strong></p><ol><li>The record format is the same in both the standard format and the expanded format. In the standard format, however, the combined commodity code will not be larger than 3 bytes.<br/><br/></li><li>Up to four legs are supported on one &quot;E&quot; record. If there are more than four legs for a particular spread, additional &quot;E&quot; records for the same spread priority number follow the first one immediately.<br/><br/></li><li>The &quot;Remaining Part of Contract Period Code&quot; fields are provided for future expansion in case series to series spread legs are ever specified to the day or week. For the time being, these fields will be blank:\u00a0<strong>Series to series intracommodity spreads will only be specified to the month level.</strong><br/><br/></li><li>The Delta Per Spread Ratio fields support the specification of fractional values. Initially, however, the CME will provide these as whole numbers.</li></ol>"
        }
    },
    "status": "current",
    "title": "Type E Record - Standard",
    "id": "457215179",
    "_links": {
        "editui": "/pages/resumedraft.action?draftId=457215179",
        "webui": "/spaces/pubsub/pages/457215179/Type+E+Record+-+Standard",
        "edituiv2": "/spaces/pubsub/pages/edit-v2/457215179",
        "tinyui": "/x/y4xAGw",
        "base": "https://cmegroupclientsite.atlassian.net/wiki"
    }
}