{
    "data": [
        {
            "type": "heading",
            "text": "Notes:"
        },
        {
            "type": "confluence_tables",
            "text": [
                {
                    "headers": [
                        "Length",
                        "From",
                        "To",
                        "Datatype",
                        "Format",
                        "Description and Comments"
                    ],
                    "rows": [
                        {
                            "cells": [
                                "1",
                                "1",
                                "1",
                                "AN",
                                "X",
                                "Record ID - \"1\""
                            ],
                            "links": []
                        },
                        {
                            "cells": [
                                "2",
                                "2",
                                "3",
                                "AN",
                                "X(2)",
                                "Exchange Code"
                            ],
                            "links": []
                        },
                        {
                            "cells": [
                                "6",
                                "4",
                                "9",
                                "N",
                                "9(6)",
                                "Business Date asYYMMDD"
                            ],
                            "links": []
                        },
                        {
                            "cells": [
                                "2",
                                "10",
                                "11",
                                "AN",
                                "X(2)",
                                "File Identifier"
                            ],
                            "links": []
                        },
                        {
                            "cells": [
                                "6",
                                "12",
                                "17",
                                "N",
                                "9(6)",
                                "File Creation Date asYYMMDD"
                            ],
                            "links": []
                        },
                        {
                            "cells": [
                                "4",
                                "18",
                                "21",
                                "N",
                                "9(4)",
                                "File Creation Time asHHMM"
                            ],
                            "links": []
                        },
                        {
                            "cells": [
                                "1",
                                "22",
                                "22",
                                "AN",
                                "X",
                                "File Format -Ufor Unpacked orPfor Packed"
                            ],
                            "links": []
                        },
                        {
                            "cells": [
                                "1",
                                "23",
                                "23",
                                "-",
                                "-",
                                "Filler"
                            ],
                            "links": []
                        },
                        {
                            "cells": [
                                "1",
                                "24",
                                "24",
                                "AN",
                                "X",
                                "Clearing or Customer Code -Afor Clearing, orblankorCfor Customer"
                            ],
                            "links": []
                        },
                        {
                            "cells": [
                                "1",
                                "25",
                                "25",
                                "-",
                                "-",
                                "Filler"
                            ],
                            "links": []
                        },
                        {
                            "cells": [
                                "5",
                                "26",
                                "30",
                                "AN",
                                "X(5)",
                                "Clearing or Customer Acronym -blankorCUSTfor Customer, orCLRfor Clearing"
                            ],
                            "links": []
                        },
                        {
                            "cells": [
                                "1",
                                "31",
                                "31",
                                "-",
                                "-",
                                "Filler"
                            ],
                            "links": []
                        },
                        {
                            "cells": [
                                "1",
                                "32",
                                "32",
                                "AN",
                                "X",
                                "Account Type Code. For Clearing accounts,blankorNfor Normal, orMfor Member. For Customer accounts,blankorHfor Hedger,Mfor Member,Sfor Speculator."
                            ],
                            "links": []
                        },
                        {
                            "cells": [
                                "1",
                                "33",
                                "33",
                                "-",
                                "-",
                                "Filler"
                            ],
                            "links": []
                        },
                        {
                            "cells": [
                                "5",
                                "34",
                                "38",
                                "AN",
                                "X(5)",
                                "Account Type Acronym. For Clearing accounts,blankorNRMLfor Normal, orMBRfor Member. For Customer accounts,blankorHEDGEfor Hedger,MBRfor Member,SPECfor Speculator."
                            ],
                            "links": []
                        },
                        {
                            "cells": [
                                "1",
                                "39",
                                "39",
                                "-",
                                "-",
                                "Filler"
                            ],
                            "links": []
                        },
                        {
                            "cells": [
                                "1",
                                "40",
                                "40",
                                "AN",
                                "X",
                                "Performance Bond Class Code -blankor1for Core, or2for Reserve"
                            ],
                            "links": []
                        },
                        {
                            "cells": [
                                "1",
                                "41",
                                "41",
                                "-",
                                "-",
                                "Filler"
                            ],
                            "links": []
                        },
                        {
                            "cells": [
                                "5",
                                "42",
                                "46",
                                "AN",
                                "X(5)",
                                "Performance Bond Class Acronym -blankorCOREfor Core, orRESRVfor Reserve"
                            ],
                            "links": []
                        },
                        {
                            "cells": [
                                "1",
                                "47",
                                "47",
                                "-",
                                "-",
                                "Filler"
                            ],
                            "links": []
                        },
                        {
                            "cells": [
                                "1",
                                "48",
                                "48",
                                "AN",
                                "X",
                                "Maintenance or Initial Code -blankorMfor Maintenance, orIfor Initial"
                            ],
                            "links": []
                        },
                        {
                            "cells": [
                                "1",
                                "49",
                                "49",
                                "-",
                                "-",
                                "Filler"
                            ],
                            "links": []
                        },
                        {
                            "cells": [
                                "5",
                                "50",
                                "54",
                                "AN",
                                "X(5)",
                                "Maintenance or Initial Acronym -blankorMAINTfor Maintenance, orINITfor Initial"
                            ],
                            "links": []
                        },
                        {
                            "cells": [
                                "26",
                                "55",
                                "80",
                                "-",
                                "-",
                                "Filler"
                            ],
                            "links": []
                        }
                    ]
                }
            ]
        }
    ],
    "page_id": "457214858",
    "child_page_ids": []
}