{
    "parentId": "457214773",
    "spaceId": "457312811",
    "ownerId": "60653f79352e1e0069fb728f",
    "lastOwnerId": null,
    "createdAt": "2024-12-21T16:43:44.879Z",
    "authorId": "60653f79352e1e0069fb728f",
    "parentType": "page",
    "version": {
        "number": 1,
        "message": "",
        "minorEdit": false,
        "authorId": "60653f79352e1e0069fb728f",
        "createdAt": "2024-12-21T16:43:46.114Z"
    },
    "position": 452763501,
    "body": {
        "export_view": {
            "representation": "export_view",
            "value": "<div class=\"table-wrap\"><table class=\"wrapped confluenceTable\"><colgroup><col/><col/><col/><col/><col/><col/></colgroup><tbody><tr><th scope=\"col\" class=\"confluenceTh\"><p align=\"center\">Length</p></th><th scope=\"col\" class=\"confluenceTh\"><p align=\"center\">From</p></th><th scope=\"col\" class=\"confluenceTh\"><p align=\"center\">To</p></th><th scope=\"col\" class=\"confluenceTh\"><p align=\"center\">Datatype</p></th><th scope=\"col\" class=\"confluenceTh\"><p align=\"center\">Format</p></th><th scope=\"col\" class=\"confluenceTh\">Description and Comments</th></tr><tr><td class=\"confluenceTd\"><p align=\"right\">2</p></td><td class=\"confluenceTd\"><p align=\"right\">1</p></td><td class=\"confluenceTd\"><p align=\"right\">2</p></td><td class=\"confluenceTd\"><p>AN</p></td><td class=\"confluenceTd\"><p>X(2)</p></td><td class=\"confluenceTd\"><p>Record ID - &quot;B &quot;</p></td></tr><tr><td class=\"confluenceTd\"><p align=\"right\">3</p></td><td class=\"confluenceTd\"><p align=\"right\">3</p></td><td class=\"confluenceTd\"><p align=\"right\">5</p></td><td class=\"confluenceTd\"><p>AN</p></td><td class=\"confluenceTd\"><p>X(3)</p></td><td class=\"confluenceTd\"><p>Exchange Acronym</p></td></tr><tr><td class=\"confluenceTd\"><p align=\"right\">10</p></td><td class=\"confluenceTd\"><p align=\"right\">6</p></td><td class=\"confluenceTd\"><p align=\"right\">15</p></td><td class=\"confluenceTd\"><p>AN</p></td><td class=\"confluenceTd\"><p>X(10)</p></td><td class=\"confluenceTd\"><p>Commodity Code</p></td></tr><tr><td class=\"confluenceTd\"><p align=\"right\">3</p></td><td class=\"confluenceTd\"><p align=\"right\">16</p></td><td class=\"confluenceTd\"><p align=\"right\">18</p></td><td class=\"confluenceTd\"><p>AN</p></td><td class=\"confluenceTd\"><p>X(3)</p></td><td class=\"confluenceTd\"><p>Product Type Code</p></td></tr><tr><td class=\"confluenceTd\"><p align=\"right\">6</p></td><td class=\"confluenceTd\"><p align=\"right\">19</p></td><td class=\"confluenceTd\"><p align=\"right\">24</p></td><td class=\"confluenceTd\"><p>N</p></td><td class=\"confluenceTd\"><p>9(6)</p></td><td class=\"confluenceTd\"><p>Futures Contract Month as CCYYMM</p></td></tr><tr><td class=\"confluenceTd\"><p align=\"right\">2</p></td><td class=\"confluenceTd\"><p align=\"right\">25</p></td><td class=\"confluenceTd\"><p align=\"right\">26</p></td><td class=\"confluenceTd\"><p>AN</p></td><td class=\"confluenceTd\"><p>X(2)</p></td><td class=\"confluenceTd\"><p>Futures Contract Day or Week Code</p></td></tr><tr><td class=\"confluenceTd\"><p align=\"right\">1</p></td><td class=\"confluenceTd\"><p align=\"right\">27</p></td><td class=\"confluenceTd\"><p align=\"right\">27</p></td><td class=\"confluenceTd\"><p>-</p></td><td class=\"confluenceTd\"><p>-</p></td><td class=\"confluenceTd\"><p>Filler</p></td></tr><tr><td class=\"confluenceTd\"><p align=\"right\">6</p></td><td class=\"confluenceTd\"><p align=\"right\">28</p></td><td class=\"confluenceTd\"><p align=\"right\">33</p></td><td class=\"confluenceTd\"><p>N</p></td><td class=\"confluenceTd\"><p>9(6)</p></td><td class=\"confluenceTd\"><p>Option Contract Month as CCYYMM</p></td></tr><tr><td class=\"confluenceTd\"><p align=\"right\">2</p></td><td class=\"confluenceTd\"><p align=\"right\">34</p></td><td class=\"confluenceTd\"><p align=\"right\">35</p></td><td class=\"confluenceTd\"><p>AN</p></td><td class=\"confluenceTd\"><p>X(2)</p></td><td class=\"confluenceTd\"><p>Option Contract Day or Week Code</p></td></tr><tr><td class=\"confluenceTd\"><p align=\"right\">1</p></td><td class=\"confluenceTd\"><p align=\"right\">36</p></td><td class=\"confluenceTd\"><p align=\"right\">36</p></td><td class=\"confluenceTd\"><p>-</p></td><td class=\"confluenceTd\"><p>-</p></td><td class=\"confluenceTd\"><p>Filler</p></td></tr><tr><td class=\"confluenceTd\"><p align=\"right\">8</p></td><td class=\"confluenceTd\"><p align=\"right\">37</p></td><td class=\"confluenceTd\"><p align=\"right\">44</p></td><td class=\"confluenceTd\"><p>N</p></td><td class=\"confluenceTd\"><p>9(2)V9(6)</p></td><td class=\"confluenceTd\"><p>Base Volatility (as a decimal fraction)</p></td></tr><tr><td class=\"confluenceTd\"><p align=\"right\">8</p></td><td class=\"confluenceTd\"><p align=\"right\">45</p></td><td class=\"confluenceTd\"><p align=\"right\">52</p></td><td class=\"confluenceTd\"><p>N</p></td><td class=\"confluenceTd\"><p>9(2)V9(6)</p></td><td class=\"confluenceTd\"><p>Volatility\u00a0Scan\u00a0Range\u00a0(as a decimal fraction)</p></td></tr><tr><td class=\"confluenceTd\"><p align=\"right\">5</p></td><td class=\"confluenceTd\"><p align=\"right\">53</p></td><td class=\"confluenceTd\"><p align=\"right\">57</p></td><td class=\"confluenceTd\"><p>N</p></td><td class=\"confluenceTd\"><p>9(5)</p></td><td class=\"confluenceTd\"><p>Futures\u00a0Price\u00a0Scan\u00a0Range</p></td></tr><tr><td class=\"confluenceTd\"><p align=\"right\">5</p></td><td class=\"confluenceTd\"><p align=\"right\">58</p></td><td class=\"confluenceTd\"><p align=\"right\">62</p></td><td class=\"confluenceTd\"><p>N</p></td><td class=\"confluenceTd\"><p>9(2)V9(3)</p></td><td class=\"confluenceTd\"><p>Extreme Move Multiplier</p></td></tr><tr><td class=\"confluenceTd\"><p align=\"right\">5</p></td><td class=\"confluenceTd\"><p align=\"right\">63</p></td><td class=\"confluenceTd\"><p align=\"right\">67</p></td><td class=\"confluenceTd\"><p>N</p></td><td class=\"confluenceTd\"><p>9V9(4)</p></td><td class=\"confluenceTd\"><p>Extreme Move Covered Fraction</p></td></tr><tr><td class=\"confluenceTd\"><p align=\"right\">5</p></td><td class=\"confluenceTd\"><p align=\"right\">68</p></td><td class=\"confluenceTd\"><p align=\"right\">72</p></td><td class=\"confluenceTd\"><p>N</p></td><td class=\"confluenceTd\"><p>9V9(4)</p></td><td class=\"confluenceTd\"><p>Interest Rate (as a decimal fraction)</p></td></tr><tr><td class=\"confluenceTd\"><p align=\"right\">7</p></td><td class=\"confluenceTd\"><p align=\"right\">73</p></td><td class=\"confluenceTd\"><p align=\"right\">79</p></td><td class=\"confluenceTd\"><p>N</p></td><td class=\"confluenceTd\"><p>9V9(6)</p></td><td class=\"confluenceTd\"><p>Time to Expiration (in years)</p></td></tr><tr><td class=\"confluenceTd\"><p align=\"right\">6</p></td><td class=\"confluenceTd\"><p align=\"right\">80</p></td><td class=\"confluenceTd\"><p align=\"right\">85</p></td><td class=\"confluenceTd\"><p>N</p></td><td class=\"confluenceTd\"><p>V9(6)</p></td><td class=\"confluenceTd\"><p>Lookahead Time (in years)</p></td></tr><tr><td class=\"confluenceTd\"><p align=\"right\">6</p></td><td class=\"confluenceTd\"><p align=\"right\">86</p></td><td class=\"confluenceTd\"><p align=\"right\">91</p></td><td class=\"confluenceTd\"><p>N</p></td><td class=\"confluenceTd\"><p>9(2)V9(4)</p></td><td class=\"confluenceTd\"><p>Delta Scaling Factor</p></td></tr><tr><td class=\"confluenceTd\"><p align=\"right\">8</p></td><td class=\"confluenceTd\"><p align=\"right\">92</p></td><td class=\"confluenceTd\"><p align=\"right\">99</p></td><td class=\"confluenceTd\"><p>N</p></td><td class=\"confluenceTd\"><p>9(8)</p></td><td class=\"confluenceTd\"><p>Expiration (Settlement) Date as CCYYMMDD</p></td></tr><tr><td class=\"confluenceTd\"><p align=\"right\">10</p></td><td class=\"confluenceTd\"><p align=\"right\">100</p></td><td class=\"confluenceTd\"><p align=\"right\">109</p></td><td class=\"confluenceTd\"><p>AN</p></td><td class=\"confluenceTd\"><p>X(10)</p></td><td class=\"confluenceTd\"><p>Underlying Commodity Code</p></td></tr><tr><td class=\"confluenceTd\"><p align=\"right\">2</p></td><td class=\"confluenceTd\"><p align=\"right\">110</p></td><td class=\"confluenceTd\"><p align=\"right\">111</p></td><td class=\"confluenceTd\"><p>AN</p></td><td class=\"confluenceTd\"><p>X(2)</p></td><td class=\"confluenceTd\"><p>Pricing Model</p></td></tr><tr><td class=\"confluenceTd\"><p align=\"right\">8</p></td><td class=\"confluenceTd\"><p align=\"right\">112</p></td><td class=\"confluenceTd\"><p align=\"right\">119</p></td><td class=\"confluenceTd\"><p>N</p></td><td class=\"confluenceTd\"><p>9(2)V9(6)</p></td><td class=\"confluenceTd\"><p>Coupon or Dividend Yield, as a decimal fraction</p></td></tr><tr><td class=\"confluenceTd\"><p align=\"right\">1</p></td><td class=\"confluenceTd\"><p align=\"right\">120</p></td><td class=\"confluenceTd\"><p align=\"right\">120</p></td><td class=\"confluenceTd\"><p>AN</p></td><td class=\"confluenceTd\"><p>X(1)</p></td><td class=\"confluenceTd\"><p>Option Expiration Reference Price Flag -- see note below</p></td></tr><tr><td class=\"confluenceTd\"><p align=\"right\">7</p></td><td class=\"confluenceTd\"><p align=\"right\">121</p></td><td class=\"confluenceTd\"><p align=\"right\">127</p></td><td class=\"confluenceTd\"><p>N</p></td><td class=\"confluenceTd\"><p>9(7)</p></td><td class=\"confluenceTd\"><p>Option Expiration Reference Price</p></td></tr><tr><td class=\"confluenceTd\"><p align=\"right\">1</p></td><td class=\"confluenceTd\"><p align=\"right\">128</p></td><td class=\"confluenceTd\"><p align=\"right\">128</p></td><td class=\"confluenceTd\"><p>AN</p></td><td class=\"confluenceTd\"><p>X(1)</p></td><td class=\"confluenceTd\"><p>Option Expiration Reference Price Sign (+ or -)</p></td></tr><tr><td class=\"confluenceTd\"><p align=\"right\">14</p></td><td class=\"confluenceTd\"><p align=\"right\">129</p></td><td class=\"confluenceTd\"><p align=\"right\">142</p></td><td class=\"confluenceTd\"><p>N</p></td><td class=\"confluenceTd\"><p>9(7)V9(7)</p></td><td class=\"confluenceTd\"><p>Swap Value Factor (for interest-rate swaps) or</p><p><strong>Contract-Specific Contract Value Factor</strong>\u00a0(for normal futures and options)</p></td></tr><tr><td class=\"confluenceTd\"><p align=\"right\">2</p></td><td class=\"confluenceTd\"><p align=\"right\">143</p></td><td class=\"confluenceTd\"><p align=\"right\">144</p></td><td class=\"confluenceTd\"><p>N</p></td><td class=\"confluenceTd\"><p>9(2)</p></td><td class=\"confluenceTd\"><p>Swap Value Factor Exponent</p></td></tr><tr><td class=\"confluenceTd\"><p align=\"right\">1</p></td><td class=\"confluenceTd\"><p align=\"right\">145</p></td><td class=\"confluenceTd\"><p align=\"right\">145</p></td><td class=\"confluenceTd\"><p>AN</p></td><td class=\"confluenceTd\"><p>X</p></td><td class=\"confluenceTd\"><p>Sign for Swap Value Factor Exponent (blank, &quot;+&quot; or &quot;-&quot;)</p></td></tr><tr><td class=\"confluenceTd\"><p align=\"right\">2</p></td><td class=\"confluenceTd\"><p align=\"right\">146</p></td><td class=\"confluenceTd\"><p align=\"right\">147</p></td><td class=\"confluenceTd\"><p>N</p></td><td class=\"confluenceTd\"><p>9(2)</p></td><td class=\"confluenceTd\"><p>Base Volatility Exponent</p></td></tr><tr><td class=\"confluenceTd\"><p align=\"right\">1</p></td><td class=\"confluenceTd\"><p align=\"right\">148</p></td><td class=\"confluenceTd\"><p align=\"right\">148</p></td><td class=\"confluenceTd\"><p>AN</p></td><td class=\"confluenceTd\"><p>X</p></td><td class=\"confluenceTd\"><p>Sign for Base Volatility Exponent (blank, &quot;+&quot; or &quot;-&quot;)</p></td></tr><tr><td class=\"confluenceTd\"><p align=\"right\">2</p></td><td class=\"confluenceTd\"><p align=\"right\">149</p></td><td class=\"confluenceTd\"><p align=\"right\">150</p></td><td class=\"confluenceTd\"><p>N</p></td><td class=\"confluenceTd\"><p>9(2)</p></td><td class=\"confluenceTd\"><p>Volatility\u00a0Scan\u00a0Range\u00a0Exponent</p></td></tr><tr><td class=\"confluenceTd\"><p align=\"right\">1</p></td><td class=\"confluenceTd\"><p align=\"right\">151</p></td><td class=\"confluenceTd\"><p align=\"right\">151</p></td><td class=\"confluenceTd\"><p>AN</p></td><td class=\"confluenceTd\"><p>X</p></td><td class=\"confluenceTd\"><p>Sign for Volatility Scan Range Exponent (blank, &quot;+&quot; or &quot;-&quot;)</p></td></tr><tr><td class=\"confluenceTd\"><p align=\"right\">12</p></td><td class=\"confluenceTd\"><p align=\"right\">152</p></td><td class=\"confluenceTd\"><p align=\"right\">163</p></td><td class=\"confluenceTd\"><p align=\"left\">N</p></td><td class=\"confluenceTd\"><p align=\"left\">9(2)V9(10)</p></td><td class=\"confluenceTd\"><p align=\"left\">Discount Factor (for discounting back to present value)</p></td></tr><tr><td class=\"confluenceTd\">1</td><td class=\"confluenceTd\">164</td><td class=\"confluenceTd\">164</td><td class=\"confluenceTd\">AN</td><td class=\"confluenceTd\">X</td><td class=\"confluenceTd\">Volatility Scan Range Quotation Method -- blank or\u00a0<strong>A</strong>\u00a0means that the volatility scan range is provided as an absolute value, and\u00a0<strong>P</strong>\u00a0means that it is provided as percentage of the implied volatility.</td></tr><tr><td class=\"confluenceTd\">1</td><td class=\"confluenceTd\">165</td><td class=\"confluenceTd\">165</td><td class=\"confluenceTd\">AN</td><td class=\"confluenceTd\">X</td><td class=\"confluenceTd\">Price Scan Range Quotation Method -- blank or\u00a0<strong>A</strong>\u00a0means that the price scan range is provided as an absolute value, and\u00a0<strong>P</strong>\u00a0means that is provided as a percentage of the contract value</td></tr><tr><td class=\"confluenceTd\">2</td><td class=\"confluenceTd\">166</td><td class=\"confluenceTd\">167</td><td class=\"confluenceTd\">N</td><td class=\"confluenceTd\">9(2)</td><td class=\"confluenceTd\">Futures Price Scan Range Exponent</td></tr><tr><td class=\"confluenceTd\">1</td><td class=\"confluenceTd\">168</td><td class=\"confluenceTd\">168</td><td class=\"confluenceTd\">AN</td><td class=\"confluenceTd\">X</td><td class=\"confluenceTd\">Sign for Futures Price Scan Range Exponent (blank, &quot;+&quot; or &quot;-&quot;)</td></tr><tr><td class=\"confluenceTd\">5</td><td class=\"confluenceTd\">169</td><td class=\"confluenceTd\">173</td><td class=\"confluenceTd\">AN</td><td class=\"confluenceTd\">X</td><td class=\"confluenceTd\">Delivery Margin Method</td></tr><tr><td class=\"confluenceTd\">8</td><td class=\"confluenceTd\">174</td><td class=\"confluenceTd\">181</td><td class=\"confluenceTd\">N</td><td class=\"confluenceTd\">9(8)</td><td class=\"confluenceTd\">Margin Removal Date (as CCYYMMDD) \u2013 if present, positions in this contract no longer contribute to the margin requirement, beginning at the specified cycle on this date, and subsequently</td></tr><tr><td class=\"confluenceTd\">1</td><td class=\"confluenceTd\">182</td><td class=\"confluenceTd\">182</td><td class=\"confluenceTd\">AN</td><td class=\"confluenceTd\">X</td><td class=\"confluenceTd\">Margin Removal Cycle \u2013 either <strong>S</strong> for end of day, or <strong>I </strong>for intraday.\u00a0 If the margin removal date is provided but the cycle value is not, a value of <strong>S</strong> for end of day cycle is defaulted.</td></tr><tr><td class=\"confluenceTd\">1\u00a0</td><td class=\"confluenceTd\">\u00a0183</td><td class=\"confluenceTd\">183\u00a0</td><td class=\"confluenceTd\">AN\u00a0</td><td class=\"confluenceTd\">X\u00a0</td><td class=\"confluenceTd\">Interest Rate Sign.\u00a0 A\u00a0minus sign\u00a0means the interest rate is negative, and blank, null, + or any other value means it is positive.\u00a0</td></tr><tr><td class=\"confluenceTd\">1\u00a0</td><td class=\"confluenceTd\">\u00a0184</td><td class=\"confluenceTd\">184\u00a0</td><td class=\"confluenceTd\">AN</td><td class=\"confluenceTd\">X</td><td class=\"confluenceTd\">Coupon or Dividend Yield Sign.\u00a0 A minus sign means the coupon or dividend yield is negative, and blank, null, + or any other value means it is positive.</td></tr><tr><td class=\"confluenceTd\">\u00a014</td><td class=\"confluenceTd\">\u00a0185</td><td class=\"confluenceTd\">\u00a0198</td><td class=\"confluenceTd\">\u00a0N</td><td class=\"confluenceTd\">\u00a09(14)</td><td class=\"confluenceTd\">High Precision Option Expiration Reference Price</td></tr><tr><td class=\"confluenceTd\">\u00a01</td><td class=\"confluenceTd\">\u00a0199</td><td class=\"confluenceTd\">\u00a0199</td><td class=\"confluenceTd\">\u00a0AN</td><td class=\"confluenceTd\">\u00a0X</td><td class=\"confluenceTd\">High Precision Option Expiration Reference Price Sign \u2013 blank, + or -.\u00a0 Any value other than a minus sign indicates that the value is positive.</td></tr><tr><td class=\"confluenceTd\">\u00a01</td><td class=\"confluenceTd\">\u00a0200</td><td class=\"confluenceTd\">\u00a0200</td><td class=\"confluenceTd\">\u00a0AN</td><td class=\"confluenceTd\">\u00a0X</td><td class=\"confluenceTd\">High Precision Option Expiration Reference Price Flag.\u00a0 N means that the high-precision option expiration reference price field is populated, but that the price can be read from either the regular precision field or the high-precision field.\u00a0 Y means that the value can only be read from the high-precision field.</td></tr></tbody></table></div><p><strong>Notes:</strong></p><ol><li>&quot;B&quot; records provide delta-scaling factors as well as risk array calculation parameters for either a particular futures contract, or for a particular option series -\u00a0<em>ie</em>, for all options which are identical except for their put/call code and their strike.</li><li><strong>Except for the delta-scaling factors, parameters contained on &quot;B&quot; records are not needed for the SPAN performance bond calculation itself.</strong>\u00a0\u00a0If &quot;B&quot; records are not provided for a particular future or option series, the delta-scaling factor for that future or that series should be defaulted to 1.00.</li><li>If &quot;B&quot; records are provided, then the &quot;B&quot; records for all products in a combined commodity are typically located in the SPAN file after the &quot;4&quot; record for that combined commodity.</li><li>&quot;B&quot; records for a futures contract will contain either zeros or spaces in the Option Contract Month and Option Contract Day fields.</li><li>The Option Contract Day or Week Code field is used to distinguish option series which expire at different times than the standard monthly options. \u00a0For standard monthly options, this field will contain zeros or blanks. \u00a0For other options, this field will typically contain &quot;W1&quot;, &quot;W2&quot;, etc. - for weekly options expiring in week 1 of the month, week 2 of the month, etc. - or a two-digit day of the month, for flex options or other options for which the exact expiration day is specified.\u00a0\u00a0The Futures Contract Day or Week Code is intended to be used analogously to distinguish futures which expire at different times than standard monthly futures.</li><li>The\u00a0Price\u00a0Scan\u00a0Range\u00a0parameter on the &quot;B&quot; record is in the performance bond currency for the combined commodity and must be multiplied by ten raised to the Risk Exponent power for that combined commodity. \u00a0The Risk Exponent is taken from the &quot;2&quot; record.</li><li>The Expiration (Settlement) Date for a future is the date on which its final marking price is determined. \u00a0The Expiration (Settlement) Date for an option series is the last date on which holders of options in that series can elect to exercise those options.\u00a0\u00a0Time to Expiration is determined by taking the number of calendar days between the Expiration Date and the business date of this SPAN file, and dividing by 365, with zero as a minimum value.</li><li>Currently supported values for the Pricing Model code are:\u00a0<strong>B</strong>\u00a0for Black (European futures options),\u00a0<strong>BS</strong>\u00a0for Black-Scholes (European physical options with no dividends),\u00a0<strong>M</strong>\u00a0for the generic Merton European option model,\u00a0<strong>WB</strong>\u00a0for &quot;Whaley Black&quot; (the Adesi-Whaley model for American futures options),\u00a0<strong>WS</strong>\u00a0for &quot;Whaley Scholes&quot; (the Adesi-Whaley model for American physical options with no dividends,\u00a0<strong>WI</strong>\u00a0for &quot;Whaley for Indices&quot; (the generic Adesi-Whaley model), and\u00a0<strong>I</strong>\u00a0for Intrinsic.</li><li>Product type codes are\u00a0<strong>PHY</strong>\u00a0for\u00a0<strong>Physical</strong>,\u00a0<strong>FUT</strong>\u00a0for\u00a0<strong>Future</strong>,\u00a0<strong>CMB</strong>\u00a0for\u00a0<strong>Combination</strong>,\u00a0<strong>OOP</strong>\u00a0for\u00a0<strong>Option on Physical</strong>,\u00a0<strong>OOF</strong>\u00a0for\u00a0<strong>Option on Future</strong>,\u00a0<strong>OOC</strong>\u00a0for\u00a0<strong>Option on Combination</strong>.<br/>\u00a0</li><li>The\u00a0<strong>Option Expiration Reference Price</strong>\u00a0and\u00a0<strong>Price Flag</strong>\u00a0are optional fields which may be provided for &quot;B&quot; records for option series.\u00a0 These fields provide a means of identifying whether the final price of the underlying for determining automatic exercise of in-the-money options is available, and if so, what that price is.\u00a0 A value\u00a0<strong>N</strong>\u00a0for this flag means either that the expiration day for this option series has not yet arrived, or it has arrived but that the reference price is not yet available.\u00a0 A value of\u00a0<strong>Y</strong>\u00a0for the flag means that the expiration day has arrived, that the price is available, and that the price is actually the settlement price for the underlying on that day.\u00a0 A value of\u00a0<strong>S</strong>\u00a0means that the expiration day has arrived and that the reference price is available, but that this is a special reference price, different from the settlement price of the underlying on that day.\u00a0 Note that this price will be formatted according to the decimal locator and alignment code for the underlying, not for the option series.</li><li>The\u00a0<strong>Discount Factor</strong>\u00a0field in bytes 152-163 provides the value used for discounting mark-to-market values back to present value, for example for forwards.\u00a0 The numeric format of 9(2)V9(10) is for discount factors as a decimal value.\u00a0 For example, a discount factor of 98.1234 percent, or 0.981234 as a decimal value, will appear in the field as\u00a0<strong>009812340000</strong>.\u00a0 Hence the field supports discount factors out to eight decimal places of a percent.</li><li>The <strong>Delivery Margin Method </strong>provides data to drive the margin calculation for positions in physically-deliverable futures or forwards that have gone into the delivery process.\u00a0 Allowable values are <strong>PID</strong>, meaning that all positions in this contract are in delivery today, and hence naked delivery margins are assessed for all; <strong>PIDP</strong>, meaning that some positions in this contract may be in the delivery process today, and for these only, naked margins are assessed; <strong>LFV</strong>, meaning that naked margins are assessed for short positions and full contract value margins for long positions; and <strong>FV</strong>, meaning that full value margins are assessed for both long and short positions.\u00a0 A blank or null value means that delivery margins are not applicable to this contract at this time.</li></ol>"
        }
    },
    "status": "current",
    "title": "Type B - Expanded",
    "id": "457215159",
    "_links": {
        "editui": "/pages/resumedraft.action?draftId=457215159",
        "webui": "/spaces/pubsub/pages/457215159/Type+B+-+Expanded",
        "edituiv2": "/spaces/pubsub/pages/edit-v2/457215159",
        "tinyui": "/x/t4xAGw",
        "base": "https://cmegroupclientsite.atlassian.net/wiki"
    }
}