{
    "data": [
        {
            "type": "link",
            "text": "CME Core",
            "url": "https://cmecore.cmegroup.com/core/",
            "data-linked-resource-id": null,
            "data-linked-resource-type": null
        },
        {
            "type": "link",
            "text": "cme.core@cmegroup.com",
            "url": "mailto:cme.core@cmegroup.com",
            "data-linked-resource-id": null,
            "data-linked-resource-type": null
        },
        {
            "type": "link",
            "text": "SpanLicensing@cmegroup.com",
            "url": "mailto:SpanLicensing@cmegroup.com",
            "data-linked-resource-id": null,
            "data-linked-resource-type": null
        },
        {
            "type": "confluence_tables",
            "text": []
        }
    ],
    "page_id": "457214350",
    "child_page_ids": []
}