{
    "parentId": "457214773",
    "spaceId": "457312811",
    "ownerId": "60653f79352e1e0069fb728f",
    "createdAt": "2024-12-21T16:44:10.259Z",
    "authorId": "60653f79352e1e0069fb728f",
    "parentType": "page",
    "version": {
        "number": 1,
        "message": "",
        "minorEdit": false,
        "authorId": "60653f79352e1e0069fb728f",
        "createdAt": "2024-12-21T16:44:11.480Z"
    },
    "position": 452768338,
    "status": "current",
    "body": {
        "export_view": {
            "representation": "export_view",
            "value": "<div class=\"table-wrap\"><table class=\"confluenceTable\"><tbody><tr><td class=\"confluenceTd\"><p align=\"center\"><strong>Length</strong></p></td><td class=\"confluenceTd\"><p align=\"center\"><strong>From</strong></p></td><td class=\"confluenceTd\"><p align=\"center\"><strong>To</strong></p></td><td class=\"confluenceTd\"><p align=\"center\"><strong>Datatype</strong></p></td><td class=\"confluenceTd\"><p align=\"center\"><strong>Format</strong></p></td><td class=\"confluenceTd\"><p align=\"center\"><strong>Description and Comments</strong></p></td></tr><tr><td class=\"confluenceTd\"><p align=\"right\">2</p></td><td class=\"confluenceTd\"><p align=\"right\">1</p></td><td class=\"confluenceTd\"><p align=\"right\">2</p></td><td class=\"confluenceTd\"><p>AN</p></td><td class=\"confluenceTd\"><p>X(2)</p></td><td class=\"confluenceTd\"><p>Record ID - &quot;4 &quot;</p></td></tr><tr><td class=\"confluenceTd\"><p align=\"right\">6</p></td><td class=\"confluenceTd\"><p align=\"right\">3</p></td><td class=\"confluenceTd\"><p align=\"right\">8</p></td><td class=\"confluenceTd\"><p>AN</p></td><td class=\"confluenceTd\"><p>X(6)</p></td><td class=\"confluenceTd\"><p>Combined Commodity Code</p></td></tr><tr><td class=\"confluenceTd\"><p align=\"right\">2</p></td><td class=\"confluenceTd\"><p align=\"right\">9</p></td><td class=\"confluenceTd\"><p align=\"right\">10</p></td><td class=\"confluenceTd\"><p>AN</p></td><td class=\"confluenceTd\"><p>X(2)</p></td><td class=\"confluenceTd\"><p>Delivery (Spot) Charge Method Code</p></td></tr><tr><td class=\"confluenceTd\"><p align=\"right\">2</p></td><td class=\"confluenceTd\"><p align=\"right\">11</p></td><td class=\"confluenceTd\"><p align=\"right\">12</p></td><td class=\"confluenceTd\"><p>N</p></td><td class=\"confluenceTd\"><p>9(2)</p></td><td class=\"confluenceTd\"><p>Number of contract months in delivery</p></td></tr><tr><td class=\"confluenceTd\"><p align=\"right\">2</p></td><td class=\"confluenceTd\"><p align=\"right\">13</p></td><td class=\"confluenceTd\"><p align=\"right\">14</p></td><td class=\"confluenceTd\"><p>N</p></td><td class=\"confluenceTd\"><p>9(2)</p></td><td class=\"confluenceTd\"><p>Delivery Month 1 - Month Number</p></td></tr><tr><td class=\"confluenceTd\"><p align=\"right\">6</p></td><td class=\"confluenceTd\"><p align=\"right\">15</p></td><td class=\"confluenceTd\"><p align=\"right\">20</p></td><td class=\"confluenceTd\"><p>N</p></td><td class=\"confluenceTd\"><p>9(6)</p></td><td class=\"confluenceTd\"><p>Delivery Month 1 - Contract Month as\u00a0<strong>CCYYMM</strong></p></td></tr><tr><td class=\"confluenceTd\"><p align=\"right\">7</p></td><td class=\"confluenceTd\"><p align=\"right\">21</p></td><td class=\"confluenceTd\"><p align=\"right\">27</p></td><td class=\"confluenceTd\"><p>N</p></td><td class=\"confluenceTd\"><p>9(7)</p></td><td class=\"confluenceTd\"><p>Delivery Month 1 - Charge Rate Per Delta Consumed By Spreads</p></td></tr><tr><td class=\"confluenceTd\"><p align=\"right\">7</p></td><td class=\"confluenceTd\"><p align=\"right\">28</p></td><td class=\"confluenceTd\"><p align=\"right\">34</p></td><td class=\"confluenceTd\"><p>N</p></td><td class=\"confluenceTd\"><p>9(7)</p></td><td class=\"confluenceTd\"><p>Delivery Month 1 - Charge Rate Per Delta Remaining In Outrights</p></td></tr><tr><td class=\"confluenceTd\"><p align=\"right\">2</p></td><td class=\"confluenceTd\"><p align=\"right\">35</p></td><td class=\"confluenceTd\"><p align=\"right\">36</p></td><td class=\"confluenceTd\"><p>N</p></td><td class=\"confluenceTd\"><p>9(2)</p></td><td class=\"confluenceTd\"><p>Delivery Month 2 - Month Number</p></td></tr><tr><td class=\"confluenceTd\"><p align=\"right\">6</p></td><td class=\"confluenceTd\"><p align=\"right\">37</p></td><td class=\"confluenceTd\"><p align=\"right\">42</p></td><td class=\"confluenceTd\"><p>N</p></td><td class=\"confluenceTd\"><p>9(6)</p></td><td class=\"confluenceTd\"><p>Delivery Month 2 - Contract Month as\u00a0<strong>CCYYMM</strong></p></td></tr><tr><td class=\"confluenceTd\"><p align=\"right\">7</p></td><td class=\"confluenceTd\"><p align=\"right\">43</p></td><td class=\"confluenceTd\"><p align=\"right\">49</p></td><td class=\"confluenceTd\"><p>N</p></td><td class=\"confluenceTd\"><p>9(7)</p></td><td class=\"confluenceTd\"><p>Delivery Month 2 - Charge Rate Per Delta Consumed By Spreads</p></td></tr><tr><td class=\"confluenceTd\"><p align=\"right\">7</p></td><td class=\"confluenceTd\"><p align=\"right\">50</p></td><td class=\"confluenceTd\"><p align=\"right\">56</p></td><td class=\"confluenceTd\"><p>N</p></td><td class=\"confluenceTd\"><p>9(7)</p></td><td class=\"confluenceTd\"><p>Delivery Month 2 - Charge Rate Per Delta Remaining In Outrights</p></td></tr><tr><td class=\"confluenceTd\"><p align=\"right\">2</p></td><td class=\"confluenceTd\"><p align=\"right\">57</p></td><td class=\"confluenceTd\"><p align=\"right\">58</p></td><td class=\"confluenceTd\"><p>AN</p></td><td class=\"confluenceTd\"><p>X(2)</p></td><td class=\"confluenceTd\"><p>Delivery Month 1 Contract Day or Week Code</p></td></tr><tr><td class=\"confluenceTd\"><p align=\"right\">2</p></td><td class=\"confluenceTd\"><p align=\"right\">59</p></td><td class=\"confluenceTd\"><p align=\"right\">60</p></td><td class=\"confluenceTd\"><p>AN</p></td><td class=\"confluenceTd\"><p>X(2)</p></td><td class=\"confluenceTd\"><p>Delivery Month 2 Contract Day or Week Code</p></td></tr><tr><td class=\"confluenceTd\"><p align=\"right\">2</p></td><td class=\"confluenceTd\"><p align=\"right\">61</p></td><td class=\"confluenceTd\"><p align=\"right\">62</p></td><td class=\"confluenceTd\"><p>-</p></td><td class=\"confluenceTd\"><p>-</p></td><td class=\"confluenceTd\"><p>Filler</p></td></tr><tr><td class=\"confluenceTd\"><p align=\"right\">6</p></td><td class=\"confluenceTd\"><p align=\"right\">63</p></td><td class=\"confluenceTd\"><p align=\"right\">68</p></td><td class=\"confluenceTd\"><p>N</p></td><td class=\"confluenceTd\"><p>9(6)</p></td><td class=\"confluenceTd\"><p>Short Option Minimum Charge Rate</p></td></tr><tr><td class=\"confluenceTd\"><p align=\"right\">1</p></td><td class=\"confluenceTd\"><p align=\"right\">69</p></td><td class=\"confluenceTd\"><p align=\"right\">69</p></td><td class=\"confluenceTd\"><p>N</p></td><td class=\"confluenceTd\"><p>9</p></td><td class=\"confluenceTd\"><p>Short Option Minimum Charge Rate Decimal Locator</p></td></tr><tr><td class=\"confluenceTd\"><p align=\"right\">3</p></td><td class=\"confluenceTd\"><p align=\"right\">70</p></td><td class=\"confluenceTd\"><p align=\"right\">72</p></td><td class=\"confluenceTd\"><p>N</p></td><td class=\"confluenceTd\"><p>9(3)</p></td><td class=\"confluenceTd\"><p>Risk Maintenance Performance Bond Adjustment Factor -- Members</p></td></tr><tr><td class=\"confluenceTd\"><p align=\"right\">1</p></td><td class=\"confluenceTd\"><p align=\"right\">73</p></td><td class=\"confluenceTd\"><p align=\"right\">73</p></td><td class=\"confluenceTd\"><p>N</p></td><td class=\"confluenceTd\"><p>9</p></td><td class=\"confluenceTd\"><p>Members Adjustment Factor Decimal Locator</p></td></tr><tr><td class=\"confluenceTd\"><p align=\"right\">3</p></td><td class=\"confluenceTd\"><p align=\"right\">74</p></td><td class=\"confluenceTd\"><p align=\"right\">76</p></td><td class=\"confluenceTd\"><p>N</p></td><td class=\"confluenceTd\"><p>9(3)</p></td><td class=\"confluenceTd\"><p>Risk Maintenance Performance Bond Adjustment Factor -- Hedgers</p></td></tr><tr><td class=\"confluenceTd\"><p align=\"right\">1</p></td><td class=\"confluenceTd\"><p align=\"right\">77</p></td><td class=\"confluenceTd\"><p align=\"right\">77</p></td><td class=\"confluenceTd\"><p>N</p></td><td class=\"confluenceTd\"><p>9</p></td><td class=\"confluenceTd\"><p>Hedgers Adjustment Factor Decimal Locator</p></td></tr><tr><td class=\"confluenceTd\"><p align=\"right\">3</p></td><td class=\"confluenceTd\"><p align=\"right\">78</p></td><td class=\"confluenceTd\"><p align=\"right\">80</p></td><td class=\"confluenceTd\"><p>N</p></td><td class=\"confluenceTd\"><p>9(3)</p></td><td class=\"confluenceTd\"><p>Risk Maintenance Performance Bond Adjustment Factor -- Speculators</p></td></tr><tr><td class=\"confluenceTd\"><p align=\"right\">1</p></td><td class=\"confluenceTd\"><p align=\"right\">81</p></td><td class=\"confluenceTd\"><p align=\"right\">81</p></td><td class=\"confluenceTd\"><p>N</p></td><td class=\"confluenceTd\"><p>9</p></td><td class=\"confluenceTd\"><p>Speculators Adjustment Factor Decimal Locator</p></td></tr><tr><td class=\"confluenceTd\"><p align=\"right\">1</p></td><td class=\"confluenceTd\"><p align=\"right\">82</p></td><td class=\"confluenceTd\"><p align=\"right\">82</p></td><td class=\"confluenceTd\"><p>AN</p></td><td class=\"confluenceTd\"><p>X</p></td><td class=\"confluenceTd\"><p>Short Option Minimum Calculation Method --\u00a0<strong>blank</strong>\u00a0or\u00a0<strong>2</strong>\u00a0means the original method, based on the\u00a0<strong>sum of the number of short calls and short puts</strong>.\u00a0\u00a0<strong>1</strong>\u00a0means the new method, based on\u00a0<strong>the greater of the number or short calls or short puts</strong>.</p></td></tr><tr><td class=\"confluenceTd\"><p align=\"right\">50</p></td><td class=\"confluenceTd\"><p align=\"right\">83</p></td><td class=\"confluenceTd\"><p align=\"right\">132</p></td><td class=\"confluenceTd\"><p>-</p></td><td class=\"confluenceTd\"><p>-</p></td><td class=\"confluenceTd\"><p>Filler</p></td></tr></tbody></table></div><p><strong>Notes:</strong></p><ol><li>Delivery (Spot) Charge Method &quot;01&quot; means that there is no spot charge.</li><li>Delivery (Spot) Charge Methods &quot;02&quot;, &quot;03&quot;, &quot;04&quot;, &quot;05&quot;, &quot;06&quot;, &quot;07&quot; and &quot;08&quot; are not supported on the expanded-unpacked format, and are intended to be replaced by the table-driven method &quot;10&quot; in the future.</li><li>For Delivery (Spot) Charge Method &quot;10&quot; (the\u00a0<strong>table-driven</strong>\u00a0calculation), any number of delivery months may be defined. Two such months may be specified per type &quot;4&quot; record. If there are more than two delivery months for a particular combined commodity using this method, then the additional delivery months are specified on additional type &quot;4&quot; records which immediately follow the first.</li><li>If any of the Risk Maintenance Performance Bond Adjustment Factors contains only zeros, blanks or nulls (or if these bytes are not present due to truncation of blanks at the end of the record), it should be defaulted to\u00a0<strong>1.00</strong>.</li><li>The Short Option Minimum Calculation Method in byte 79 reflects the different methods for determining the number of short options to be charged for.\u00a0\u00a0<strong>2</strong>\u00a0is the default value and means, take the sum of the number of short calls and short puts.\u00a0\u00a0<strong>1</strong>\u00a0means, take the greater of the number of short calls or the number of short puts.</li></ol>"
        }
    },
    "lastOwnerId": null,
    "title": "Type 4 - Paris Expanded",
    "id": "457215357",
    "_links": {
        "editui": "/pages/resumedraft.action?draftId=457215357",
        "webui": "/spaces/pubsub/pages/457215357/Type+4+-+Paris+Expanded",
        "edituiv2": "/spaces/pubsub/pages/edit-v2/457215357",
        "tinyui": "/x/fY1AGw",
        "base": "https://cmegroupclientsite.atlassian.net/wiki"
    }
}