{
    "data": [
        {
            "type": "heading",
            "text": "Notes:"
        },
        {
            "type": "confluence_tables",
            "text": [
                {
                    "headers": [
                        "Length",
                        "From",
                        "To",
                        "Datatype",
                        "Format",
                        "Description and Comments"
                    ],
                    "rows": [
                        {
                            "cells": [
                                "2",
                                "1",
                                "2",
                                "AN",
                                "X(2)",
                                "Record ID - \"Y \""
                            ],
                            "links": []
                        },
                        {
                            "cells": [
                                "10",
                                "3",
                                "12",
                                "AN",
                                "X(10)",
                                "Combination Product (Commodity) Code"
                            ],
                            "links": []
                        },
                        {
                            "cells": [
                                "10",
                                "13",
                                "22",
                                "AN",
                                "X(10)",
                                "Option on Combination Product (Commodity) Code"
                            ],
                            "links": []
                        }
                    ]
                }
            ]
        }
    ],
    "page_id": "457215294",
    "child_page_ids": []
}