{
    "data": [
        {
            "type": "heading",
            "text": "Notes:"
        },
        {
            "type": "confluence_tables",
            "text": [
                {
                    "headers": [
                        "Length",
                        "From",
                        "To",
                        "Datatype",
                        "Format",
                        "Description and Comments"
                    ],
                    "rows": [
                        {
                            "cells": [
                                "2",
                                "1",
                                "2",
                                "AN",
                                "X(2)",
                                "Record ID - \"Z \""
                            ],
                            "links": []
                        },
                        {
                            "cells": [
                                "3",
                                "3",
                                "5",
                                "AN",
                                "X(3)",
                                "Exchange Acronym"
                            ],
                            "links": []
                        },
                        {
                            "cells": [
                                "10",
                                "6",
                                "15",
                                "AN",
                                "X(10)",
                                "Combination Product (Commodity) Code"
                            ],
                            "links": []
                        },
                        {
                            "cells": [
                                "5",
                                "16",
                                "20",
                                "AN",
                                "X(5)",
                                "Combination Type -STRIPfor strips such as Eurodollar packs and bundles,CALfor futures calendar spreads, andI/Cfor futures intercommodity spreads"
                            ],
                            "links": []
                        },
                        {
                            "cells": [
                                "6",
                                "21",
                                "26",
                                "N",
                                "9(6)",
                                "Combination Contract Month - YYYYMM"
                            ],
                            "links": []
                        },
                        {
                            "cells": [
                                "2",
                                "27",
                                "28",
                                "AN",
                                "X(2)",
                                "Combination Contract Day - typically blank"
                            ],
                            "links": []
                        },
                        {
                            "cells": [
                                "7",
                                "29",
                                "35",
                                "-",
                                "-",
                                "Filler"
                            ],
                            "links": []
                        },
                        {
                            "cells": [
                                "3",
                                "36",
                                "38",
                                "N",
                                "9(3)",
                                "Leg Number"
                            ],
                            "links": []
                        },
                        {
                            "cells": [
                                "1",
                                "39",
                                "39",
                                "A",
                                "X",
                                "Leg Relationship -AorB"
                            ],
                            "links": []
                        },
                        {
                            "cells": [
                                "3",
                                "40",
                                "42",
                                "N",
                                "9(3)",
                                "Leg Ratio"
                            ],
                            "links": []
                        },
                        {
                            "cells": [
                                "10",
                                "43",
                                "52",
                                "AN",
                                "X(10)",
                                "Leg Product (Commodity) Code"
                            ],
                            "links": []
                        },
                        {
                            "cells": [
                                "3",
                                "53",
                                "55",
                                "AN",
                                "X(3)",
                                "Leg Product Type"
                            ],
                            "links": []
                        },
                        {
                            "cells": [
                                "6",
                                "56",
                                "61",
                                "N",
                                "9(6)",
                                "Leg Contract Month - YYYYMM"
                            ],
                            "links": []
                        },
                        {
                            "cells": [
                                "2",
                                "62",
                                "63",
                                "AN",
                                "X(2)",
                                "Leg Contract Day - typically blank"
                            ],
                            "links": []
                        },
                        {
                            "cells": [
                                "4",
                                "64",
                                "67",
                                "N",
                                "9(4)",
                                "Leg Ratio -- Fractional Part.\u00a0 Blank or any non-numeric value means zero."
                            ],
                            "links": []
                        },
                        {
                            "cells": [
                                "1",
                                "68",
                                "68",
                                "AN",
                                "X(1)",
                                "Leg Price Available Flag --Ymeans that leg price data is provided for creating transactions in this leg when an option on this combination is exercised or assigned.Nor any other value means that it is not provided."
                            ],
                            "links": []
                        },
                        {
                            "cells": [
                                "2",
                                "69",
                                "70",
                                "AN",
                                "X(2)",
                                "Leg Price Usage Flag-- specifies how the value provided is used.Lmeans that the value providedisthe leg price to use.S+means that you take the value provided and add the option strike to it to obtain the leg price to use.S-means that you take the value provided and subtract the option strike from it to obtain the leg price to use."
                            ],
                            "links": []
                        },
                        {
                            "cells": [
                                "7",
                                "71",
                                "77",
                                "N",
                                "9(7)",
                                "Leg Price -- the specified price value, typically provided as zeros if the Leg Price Available Flag is not Y."
                            ],
                            "links": []
                        },
                        {
                            "cells": [
                                "1",
                                "78",
                                "78",
                                "AN",
                                "X(1)",
                                "Leg Price Sign -- sign for the specified price value.-means negative,+or any other value means positive."
                            ],
                            "links": []
                        }
                    ]
                }
            ]
        }
    ],
    "page_id": "457215263",
    "child_page_ids": []
}