{
    "parentId": "457083480",
    "spaceId": "457312811",
    "ownerId": "60653f79352e1e0069fb728f",
    "lastOwnerId": null,
    "createdAt": "2024-12-21T16:43:57.699Z",
    "authorId": "60653f79352e1e0069fb728f",
    "parentType": "page",
    "version": {
        "number": 1,
        "message": "",
        "minorEdit": false,
        "authorId": "60653f79352e1e0069fb728f",
        "createdAt": "2024-12-21T16:43:58.885Z"
    },
    "position": 474969954,
    "body": {
        "export_view": {
            "representation": "export_view",
            "value": "<div class=\"table-wrap\"><table class=\"confluenceTable\"><tbody><tr><th class=\"confluenceTh\">Length</th><th class=\"confluenceTh\">From</th><th class=\"confluenceTh\">To</th><th class=\"confluenceTh\">Datatype</th><th class=\"confluenceTh\">Format</th><th class=\"confluenceTh\">Description and Comments</th></tr><tr><td class=\"confluenceTd\">2</td><td class=\"confluenceTd\">1</td><td class=\"confluenceTd\">2</td><td class=\"confluenceTd\">AN</td><td class=\"confluenceTd\">X(2)</td><td class=\"confluenceTd\">Record ID - &quot;Z &quot;</td></tr><tr><td class=\"confluenceTd\">3</td><td class=\"confluenceTd\">3</td><td class=\"confluenceTd\">5</td><td class=\"confluenceTd\">AN</td><td class=\"confluenceTd\">X(3)</td><td class=\"confluenceTd\">Exchange Acronym</td></tr><tr><td class=\"confluenceTd\">10</td><td class=\"confluenceTd\">6</td><td class=\"confluenceTd\">15</td><td class=\"confluenceTd\">AN</td><td class=\"confluenceTd\">X(10)</td><td class=\"confluenceTd\">Combination Product (Commodity) Code</td></tr><tr><td class=\"confluenceTd\">5</td><td class=\"confluenceTd\">16</td><td class=\"confluenceTd\">20</td><td class=\"confluenceTd\">AN</td><td class=\"confluenceTd\">X(5)</td><td class=\"confluenceTd\">Combination Type -\u00a0<strong>STRIP</strong>\u00a0for strips such as Eurodollar packs and bundles,\u00a0<strong>CAL</strong>\u00a0for futures calendar spreads, and\u00a0<strong>I/C</strong>\u00a0for futures intercommodity spreads</td></tr><tr><td class=\"confluenceTd\">6</td><td class=\"confluenceTd\">21</td><td class=\"confluenceTd\">26</td><td class=\"confluenceTd\">N</td><td class=\"confluenceTd\">9(6)</td><td class=\"confluenceTd\">Combination Contract Month - YYYYMM</td></tr><tr><td class=\"confluenceTd\">2</td><td class=\"confluenceTd\">27</td><td class=\"confluenceTd\">28</td><td class=\"confluenceTd\">AN</td><td class=\"confluenceTd\">X(2)</td><td class=\"confluenceTd\">Combination Contract Day - typically blank</td></tr><tr><td class=\"confluenceTd\">7</td><td class=\"confluenceTd\">29</td><td class=\"confluenceTd\">35</td><td class=\"confluenceTd\">-</td><td class=\"confluenceTd\">-</td><td class=\"confluenceTd\">Filler</td></tr><tr><td class=\"confluenceTd\">3</td><td class=\"confluenceTd\">36</td><td class=\"confluenceTd\">38</td><td class=\"confluenceTd\">N</td><td class=\"confluenceTd\">9(3)</td><td class=\"confluenceTd\">Leg Number</td></tr><tr><td class=\"confluenceTd\">1</td><td class=\"confluenceTd\">39</td><td class=\"confluenceTd\">39</td><td class=\"confluenceTd\">A</td><td class=\"confluenceTd\">X</td><td class=\"confluenceTd\">Leg Relationship -\u00a0<strong>A</strong>\u00a0or\u00a0<strong>B</strong></td></tr><tr><td class=\"confluenceTd\">3</td><td class=\"confluenceTd\">40</td><td class=\"confluenceTd\">42</td><td class=\"confluenceTd\">N</td><td class=\"confluenceTd\">9(3)</td><td class=\"confluenceTd\">Leg Ratio</td></tr><tr><td class=\"confluenceTd\">10</td><td class=\"confluenceTd\">43</td><td class=\"confluenceTd\">52</td><td class=\"confluenceTd\">AN</td><td class=\"confluenceTd\">X(10)</td><td class=\"confluenceTd\">Leg Product (Commodity) Code</td></tr><tr><td class=\"confluenceTd\">3</td><td class=\"confluenceTd\">53</td><td class=\"confluenceTd\">55</td><td class=\"confluenceTd\">AN</td><td class=\"confluenceTd\">X(3)</td><td class=\"confluenceTd\">Leg Product Type</td></tr><tr><td class=\"confluenceTd\">6</td><td class=\"confluenceTd\">56</td><td class=\"confluenceTd\">61</td><td class=\"confluenceTd\">N</td><td class=\"confluenceTd\">9(6)</td><td class=\"confluenceTd\">Leg Contract Month - YYYYMM</td></tr><tr><td class=\"confluenceTd\">2</td><td class=\"confluenceTd\">62</td><td class=\"confluenceTd\">63</td><td class=\"confluenceTd\">AN</td><td class=\"confluenceTd\">X(2)</td><td class=\"confluenceTd\">Leg Contract Day - typically blank</td></tr><tr><td class=\"confluenceTd\">4</td><td class=\"confluenceTd\">64</td><td class=\"confluenceTd\">67</td><td class=\"confluenceTd\">N</td><td class=\"confluenceTd\">9(4)</td><td class=\"confluenceTd\">Leg Ratio -- Fractional Part.\u00a0 Blank or any non-numeric value means zero.</td></tr><tr><td class=\"confluenceTd\">1</td><td class=\"confluenceTd\">68</td><td class=\"confluenceTd\">68</td><td class=\"confluenceTd\">AN</td><td class=\"confluenceTd\">X(1)</td><td class=\"confluenceTd\">Leg Price Available Flag --\u00a0<strong>Y</strong>\u00a0means that leg price data is provided for creating transactions in this leg when an option on this combination is exercised or assigned.\u00a0\u00a0<strong>N</strong>\u00a0or any other value means that it is not provided.</td></tr><tr><td class=\"confluenceTd\">2</td><td class=\"confluenceTd\">69</td><td class=\"confluenceTd\">70</td><td class=\"confluenceTd\">AN</td><td class=\"confluenceTd\">X(2)</td><td class=\"confluenceTd\">Leg Price Usage Flag<strong>\u00a0</strong>-- specifies how the value provided is used.\u00a0\u00a0<strong>L</strong>\u00a0means that the value provided\u00a0<strong>is</strong>\u00a0the leg price to use.<strong>\u00a0 S+</strong>\u00a0means that you take the value provided and add the option strike to it to obtain the leg price to use.\u00a0\u00a0<strong>S-</strong>\u00a0means that you take the value provided and subtract the option strike from it to obtain the leg price to use.</td></tr><tr><td class=\"confluenceTd\">7</td><td class=\"confluenceTd\">71</td><td class=\"confluenceTd\">77</td><td class=\"confluenceTd\">N</td><td class=\"confluenceTd\">9(7)</td><td class=\"confluenceTd\">Leg Price -- the specified price value, typically provided as zeros if the Leg Price Available Flag is not Y.</td></tr><tr><td class=\"confluenceTd\">1</td><td class=\"confluenceTd\">78</td><td class=\"confluenceTd\">78</td><td class=\"confluenceTd\">AN</td><td class=\"confluenceTd\">X(1)</td><td class=\"confluenceTd\">Leg Price Sign -- sign for the specified price value.\u00a0\u00a0<strong>-</strong>\u00a0means negative,\u00a0<strong>+</strong>\u00a0or any other value means positive.</td></tr></tbody></table></div><p><strong>Notes:</strong></p><ol><li>&quot;Z&quot; records specify specific combinations (&quot;synthetics&quot;) and the individual legs (component products) which comprise them. There will be at least two &quot;Z&quot; records for each combination, since a combination by definition has two or more legs. The layout of the &quot;Z&quot; record as specified here handles combinations where the legs are futures contracts.</li><li>A leg relationship of\u00a0<strong>A</strong>\u00a0means buying the combination means buying this leg; a leg relationship of\u00a0<strong>B</strong>\u00a0means buying the combination means selling this leg. The leg ratio specifies how many of this leg are bought or sold per purchase of one combination.<br/>\u00a0</li><li>The four fields beginning with the Leg Price Available Flag have been added in May 2005 to allow the specification of leg prices for creating transactions in the underlying products of the combination, when an option on that combination is exercised or assigned.</li></ol>"
        }
    },
    "status": "current",
    "title": "Type Z Record - Standard and Expanded",
    "id": "457215263",
    "_links": {
        "editui": "/pages/resumedraft.action?draftId=457215263",
        "webui": "/spaces/pubsub/pages/457215263/Type+Z+Record+-+Standard+and+Expanded",
        "edituiv2": "/spaces/pubsub/pages/edit-v2/457215263",
        "tinyui": "/x/H41AGw",
        "base": "https://cmegroupclientsite.atlassian.net/wiki"
    }
}