{
    "parentId": "457083133",
    "ownerId": "60653f79352e1e0069fb728f",
    "lastOwnerId": null,
    "createdAt": "2024-12-21T16:42:40.434Z",
    "authorId": "60653f79352e1e0069fb728f",
    "parentType": "page",
    "position": 403442399,
    "version": {
        "number": 1,
        "message": "",
        "minorEdit": false,
        "authorId": "60653f79352e1e0069fb728f",
        "createdAt": "2024-12-21T16:42:42.215Z"
    },
    "spaceId": "457312811",
    "body": {
        "export_view": {
            "representation": "export_view",
            "value": "<p>This report shows the\u00a0 intercommodity spread credit for each Combined Commodity.\u00a0 It further breaks the intercommodity spread credit down by the underlying scan, time, volatility and delta.</p><p><strong>Exch Cmplx:\u00a0\u00a0\u00a0 Exchange Complex</strong></p><p>The exchange complex, clearing organization or cross margining agreement.\u00a0 The Exchange Complex contains the set of Combined Commodities for a single exchange, clearing organization or cross margining agreement (although in some cases the Exchange Complex may have more than one exchange).\u00a0 To view the complete listing of Exchange Complexes refer to the Exchanges report under the reports Master folder.</p><p><strong>Comb Comm:\u00a0\u00a0\u00a0 Combined Commodity</strong></p><p>The set of all eligible products used to generate a total requirement for each Exchange Complex within a portfolio.\u00a0 A Combined Commodity generally consists of all products of the same underlying physical. For example, at the CME, the Eurodollar combined commodity encompasses Mid-Curve options, Eurodollars and Eurodollar options.\u00a0 To view the complete listing of Combined Commodities, refer to the Combined Commodities report under the Risk Parameters folder.</p><p><strong>Class:\u00a0\u00a0\u00a0 </strong>Specifies the different levels of performance bond requirements.\u00a0 This allows an exchange or clearing organization to divide its performance bond requirement into different, acceptable forms of collateral.</p><p><strong>Maint/Init:</strong>\u00a0\u00a0 Identifies whether a performance bond requirement is a Maintenance Requirement or an Initial Requirement.</p><p><strong>Tier No.:\u00a0 </strong>A tier is a set of consecutive contract expirations for one Combined Commodity.\u00a0 The tier number refers to a series of contract expirations within a tier.\u00a0 Overall is used to identify all contract expirations in a Combined Commodity.</p><p><strong>Intercom Credit:\u00a0 InterCommodity Credit</strong></p><p>Performance Bond reduction resulting from offsetting positions in related instruments.</p><p><strong>Delta Remaining/Original:</strong></p><p>Remaining:\u00a0 Total delta left for a product after all the intercommodity/interexchange spreading has been calculated</p><p>Original:\u00a0 The total delta for a product before any intercommodity/interexchange spreading has been calculated</p><p><strong>Risk: </strong>Shows Risk broken down by Scan Risk, Time, Volatility, Price and Weighted Price Risk</p><p><strong>Scan Risk:</strong>\u00a0 The per contract risk calculation Span generates to identify the greatest loss from a combined commodity under one of the usual sixteen Risk Arrays.\u00a0 The Scan Risk estimates the gain or loss a portfolio might experience given price, volatility\u00a0 and time expiration changes.</p><p><strong>Time:</strong>\u00a0 Time Risk</p><p>This risk is approximated by averaging the values\u00a0</p><p>Time Risk = (Scan Risk) - (Price Risk) - (Volatility Risk)</p><p>\u00a0</p><p><strong>Volatility: </strong>Volatility Risk</p><p>Volatility Risk is approximated by calculating the differences in values associated with the active scenarios and the paired scenarios, and then averaging those values.\u00a0 For example, scenarios 1 and 2, 3 and 4, 5 and 6 are paired scenarios.\u00a0 This isolates the Volatility Risk from the Price and Time Risk.</p><p>Volatility Risk = (Scan Risk) - (Price Risk) - (Time Risk)</p><p>\u00a0</p><p><strong>Price:</strong>\u00a0 Price Risk</p><p>Price Risk is derived by subtracting the Time and Volatility Risk from the Scan Risk.</p><p>Price Risk = (Scan) - (Time) - (Volatility)</p><p>\u00a0</p><p><strong>WPR:\u00a0 </strong>Weighted Price Risk</p><p>The price risk per delta.\u00a0</p><p>Weighted Price Risk = Price Risk/Rounded Net Delta</p><p>\u00a0</p>"
        }
    },
    "status": "current",
    "title": "Intercommodity Spreading Tier Requirements Report",
    "id": "457214571",
    "_links": {
        "editui": "/pages/resumedraft.action?draftId=457214571",
        "webui": "/spaces/pubsub/pages/457214571/Intercommodity+Spreading+Tier+Requirements+Report",
        "edituiv2": "/spaces/pubsub/pages/edit-v2/457214571",
        "tinyui": "/x/a4pAGw",
        "base": "https://cmegroupclientsite.atlassian.net/wiki"
    }
}