{
    "parentId": "457214773",
    "spaceId": "457312811",
    "ownerId": "60653f79352e1e0069fb728f",
    "lastOwnerId": null,
    "createdAt": "2024-12-21T16:43:53.479Z",
    "authorId": "60653f79352e1e0069fb728f",
    "parentType": "page",
    "position": 452764728,
    "version": {
        "number": 1,
        "message": "",
        "minorEdit": false,
        "authorId": "60653f79352e1e0069fb728f",
        "createdAt": "2024-12-21T16:43:54.718Z"
    },
    "body": {
        "export_view": {
            "representation": "export_view",
            "value": "<div class=\"table-wrap\"><table class=\"confluenceTable\"><tbody><tr><th class=\"confluenceTh\">Length</th><th class=\"confluenceTh\">From</th><th class=\"confluenceTh\">To</th><th class=\"confluenceTh\">Datatype</th><th class=\"confluenceTh\">Format</th><th class=\"confluenceTh\">Description and Comments</th></tr><tr><td class=\"confluenceTd\">2</td><td class=\"confluenceTd\">1</td><td class=\"confluenceTd\">2</td><td class=\"confluenceTd\">AN</td><td class=\"confluenceTd\">X</td><td class=\"confluenceTd\">Record ID - &quot;6&quot; plus a space</td></tr><tr><td class=\"confluenceTd\">5</td><td class=\"confluenceTd\">3</td><td class=\"confluenceTd\">7</td><td class=\"confluenceTd\">AN</td><td class=\"confluenceTd\">X(3)</td><td class=\"confluenceTd\">Commodity Group Code</td></tr><tr><td class=\"confluenceTd\">4</td><td class=\"confluenceTd\">8</td><td class=\"confluenceTd\">11</td><td class=\"confluenceTd\">N</td><td class=\"confluenceTd\">9(4)</td><td class=\"confluenceTd\">Spread Priority</td></tr><tr><td class=\"confluenceTd\">7</td><td class=\"confluenceTd\">12</td><td class=\"confluenceTd\">18</td><td class=\"confluenceTd\">N</td><td class=\"confluenceTd\">9(7)</td><td class=\"confluenceTd\">Spread Credit Rate, in percent</td></tr><tr><td class=\"confluenceTd\">1</td><td class=\"confluenceTd\">19</td><td class=\"confluenceTd\">19</td><td class=\"confluenceTd\">N</td><td class=\"confluenceTd\">9</td><td class=\"confluenceTd\">Spread Credit Rate Decimal Locator</td></tr><tr><td class=\"confluenceTd\">3</td><td class=\"confluenceTd\">20</td><td class=\"confluenceTd\">22</td><td class=\"confluenceTd\">AN</td><td class=\"confluenceTd\">X(3)</td><td class=\"confluenceTd\">Exchange Acronym Leg 1</td></tr><tr><td class=\"confluenceTd\">1</td><td class=\"confluenceTd\">23</td><td class=\"confluenceTd\">23</td><td class=\"confluenceTd\">-</td><td class=\"confluenceTd\">-</td><td class=\"confluenceTd\">Filler</td></tr><tr><td class=\"confluenceTd\">6</td><td class=\"confluenceTd\">24</td><td class=\"confluenceTd\">29</td><td class=\"confluenceTd\">AN</td><td class=\"confluenceTd\">X(6)</td><td class=\"confluenceTd\">Combined Commodity Code Leg 1</td></tr><tr><td class=\"confluenceTd\">7</td><td class=\"confluenceTd\">30</td><td class=\"confluenceTd\">36</td><td class=\"confluenceTd\">N</td><td class=\"confluenceTd\">9(7)</td><td class=\"confluenceTd\">Delta/Spread Ratio Leg 1</td></tr><tr><td class=\"confluenceTd\">1</td><td class=\"confluenceTd\">37</td><td class=\"confluenceTd\">37</td><td class=\"confluenceTd\">N</td><td class=\"confluenceTd\">9</td><td class=\"confluenceTd\">Delta/Spread Ratio Leg 1 Decimal Locator</td></tr><tr><td class=\"confluenceTd\">1</td><td class=\"confluenceTd\">38</td><td class=\"confluenceTd\">38</td><td class=\"confluenceTd\">AN</td><td class=\"confluenceTd\">X</td><td class=\"confluenceTd\">Spread Side Leg 1 (&quot;A&quot;,&quot;B&quot;)</td></tr><tr><td class=\"confluenceTd\">3</td><td class=\"confluenceTd\">39</td><td class=\"confluenceTd\">41</td><td class=\"confluenceTd\">AN</td><td class=\"confluenceTd\">X(3)</td><td class=\"confluenceTd\">Exchange Acronym Leg 2</td></tr><tr><td class=\"confluenceTd\">1</td><td class=\"confluenceTd\">42</td><td class=\"confluenceTd\">42</td><td class=\"confluenceTd\">-</td><td class=\"confluenceTd\">-</td><td class=\"confluenceTd\">Filler</td></tr><tr><td class=\"confluenceTd\">6</td><td class=\"confluenceTd\">43</td><td class=\"confluenceTd\">48</td><td class=\"confluenceTd\">AN</td><td class=\"confluenceTd\">X(6)</td><td class=\"confluenceTd\">Combined Commodity Code Leg 2</td></tr><tr><td class=\"confluenceTd\">7</td><td class=\"confluenceTd\">49</td><td class=\"confluenceTd\">55</td><td class=\"confluenceTd\">N</td><td class=\"confluenceTd\">9(7)</td><td class=\"confluenceTd\">Delta/Spread Ratio Leg 2</td></tr><tr><td class=\"confluenceTd\">1</td><td class=\"confluenceTd\">56</td><td class=\"confluenceTd\">56</td><td class=\"confluenceTd\">N</td><td class=\"confluenceTd\">9</td><td class=\"confluenceTd\">Delta/Spread Ratio Leg 2 Decimal Locator</td></tr><tr><td class=\"confluenceTd\">1</td><td class=\"confluenceTd\">57</td><td class=\"confluenceTd\">57</td><td class=\"confluenceTd\">AN</td><td class=\"confluenceTd\">X</td><td class=\"confluenceTd\">Spread Side Leg 2 (&quot;A&quot;,&quot;B&quot;)</td></tr><tr><td class=\"confluenceTd\">3</td><td class=\"confluenceTd\">58</td><td class=\"confluenceTd\">60</td><td class=\"confluenceTd\">AN</td><td class=\"confluenceTd\">X(3)</td><td class=\"confluenceTd\">Exchange Acronym Leg 3</td></tr><tr><td class=\"confluenceTd\">1</td><td class=\"confluenceTd\">61</td><td class=\"confluenceTd\">61</td><td class=\"confluenceTd\">-</td><td class=\"confluenceTd\">-</td><td class=\"confluenceTd\">Filler</td></tr><tr><td class=\"confluenceTd\">6</td><td class=\"confluenceTd\">62</td><td class=\"confluenceTd\">67</td><td class=\"confluenceTd\">AN</td><td class=\"confluenceTd\">X(6)</td><td class=\"confluenceTd\">Combined Commodity Code Leg 3</td></tr><tr><td class=\"confluenceTd\">7</td><td class=\"confluenceTd\">68</td><td class=\"confluenceTd\">74</td><td class=\"confluenceTd\">N</td><td class=\"confluenceTd\">9(7)</td><td class=\"confluenceTd\">Delta/Spread Ratio Leg 3</td></tr><tr><td class=\"confluenceTd\">1</td><td class=\"confluenceTd\">75</td><td class=\"confluenceTd\">75</td><td class=\"confluenceTd\">N</td><td class=\"confluenceTd\">9</td><td class=\"confluenceTd\">Delta/Spread Ratio Leg 3 Decimal Locator</td></tr><tr><td class=\"confluenceTd\">1</td><td class=\"confluenceTd\">76</td><td class=\"confluenceTd\">76</td><td class=\"confluenceTd\">AN</td><td class=\"confluenceTd\">X</td><td class=\"confluenceTd\">Spread Side Leg 3 (&quot;A&quot;,&quot;B&quot;)</td></tr><tr><td class=\"confluenceTd\">3</td><td class=\"confluenceTd\">77</td><td class=\"confluenceTd\">79</td><td class=\"confluenceTd\">AN</td><td class=\"confluenceTd\">X(3)</td><td class=\"confluenceTd\">Exchange Acronym Leg 4</td></tr><tr><td class=\"confluenceTd\">1</td><td class=\"confluenceTd\">80</td><td class=\"confluenceTd\">80</td><td class=\"confluenceTd\">-</td><td class=\"confluenceTd\">-</td><td class=\"confluenceTd\">Filler</td></tr><tr><td class=\"confluenceTd\">6</td><td class=\"confluenceTd\">81</td><td class=\"confluenceTd\">86</td><td class=\"confluenceTd\">AN</td><td class=\"confluenceTd\">X(6)</td><td class=\"confluenceTd\">Combined Commodity Code Leg 4</td></tr><tr><td class=\"confluenceTd\">7</td><td class=\"confluenceTd\">87</td><td class=\"confluenceTd\">93</td><td class=\"confluenceTd\">N</td><td class=\"confluenceTd\">9(7)</td><td class=\"confluenceTd\">Delta/Spread Ratio Leg 4</td></tr><tr><td class=\"confluenceTd\">1</td><td class=\"confluenceTd\">94</td><td class=\"confluenceTd\">94</td><td class=\"confluenceTd\">N</td><td class=\"confluenceTd\">9</td><td class=\"confluenceTd\">Delta/Spread Ratio Leg 4 Decimal Locator</td></tr><tr><td class=\"confluenceTd\">1</td><td class=\"confluenceTd\">95</td><td class=\"confluenceTd\">95</td><td class=\"confluenceTd\">AN</td><td class=\"confluenceTd\">X</td><td class=\"confluenceTd\">Spread Side Leg 4 (&quot;A&quot;,&quot;B&quot;)</td></tr><tr><td class=\"confluenceTd\">37</td><td class=\"confluenceTd\">96</td><td class=\"confluenceTd\">132</td><td class=\"confluenceTd\">-</td><td class=\"confluenceTd\">-</td><td class=\"confluenceTd\">Filler</td></tr></tbody></table></div>"
        }
    },
    "status": "current",
    "title": "Type 6 - Paris Expanded",
    "id": "457215224",
    "_links": {
        "editui": "/pages/resumedraft.action?draftId=457215224",
        "webui": "/spaces/pubsub/pages/457215224/Type+6+-+Paris+Expanded",
        "edituiv2": "/spaces/pubsub/pages/edit-v2/457215224",
        "tinyui": "/x/_IxAGw",
        "base": "https://cmegroupclientsite.atlassian.net/wiki"
    }
}