{
    "data": [
        {
            "type": "heading",
            "text": "Exch Cmplx:\u00a0\u00a0\u00a0 Exchange Complex"
        },
        {
            "type": "heading",
            "text": "Comb Comm:\u00a0\u00a0\u00a0 Combined Commodity"
        },
        {
            "type": "heading",
            "text": "Class:Specifies the different levels of performance bond requirements.\u00a0 This allows an exchange or clearing organization to divide its performance bond requirement into different, acceptable forms of collateral."
        },
        {
            "type": "heading",
            "text": "Maint/Init:Identifies whether a performance bond requirement is a Maintenance Requirement or an Initial Requirement."
        },
        {
            "type": "heading",
            "text": "Tier No.:A tier is a set of consecutive contract expirations for one Combined Commodity.\u00a0 The tier number refers to a series of contract expirations within a tier.\u00a0 Overall is used to identify all contract expirations in a Combined Commodity."
        },
        {
            "type": "heading",
            "text": "Intercom Credit:\u00a0 InterCommodity Credit"
        },
        {
            "type": "heading",
            "text": "Delta Remaining/Original:"
        },
        {
            "type": "heading",
            "text": "Risk:Shows Risk broken down by Scan Risk, Time, Volatility, Price and Weighted Price Risk"
        },
        {
            "type": "heading",
            "text": "Scan Risk:The per contract risk calculation Span generates to identify the greatest loss from a combined commodity under one of the usual sixteen Risk Arrays.\u00a0 The Scan Risk estimates the gain or loss a portfolio might experience given price, volatility\u00a0 and time expiration changes."
        },
        {
            "type": "heading",
            "text": "Time:Time Risk"
        },
        {
            "type": "heading",
            "text": "Volatility:Volatility Risk"
        },
        {
            "type": "heading",
            "text": "Price:Price Risk"
        },
        {
            "type": "heading",
            "text": "WPR:Weighted Price Risk"
        },
        {
            "type": "confluence_tables",
            "text": []
        }
    ],
    "page_id": "457214571",
    "child_page_ids": []
}