{
    "parentId": "457083480",
    "spaceId": "457312811",
    "ownerId": "60653f79352e1e0069fb728f",
    "lastOwnerId": null,
    "createdAt": "2024-12-21T16:43:09.532Z",
    "authorId": "60653f79352e1e0069fb728f",
    "parentType": "page",
    "version": {
        "number": 1,
        "message": "",
        "minorEdit": false,
        "authorId": "60653f79352e1e0069fb728f",
        "createdAt": "2024-12-21T16:43:10.812Z"
    },
    "position": 474961244,
    "body": {
        "export_view": {
            "representation": "export_view",
            "value": "<div class=\"table-wrap\"><table class=\"confluenceTable\"><tbody><tr><th class=\"confluenceTh\">Length</th><th class=\"confluenceTh\">From</th><th class=\"confluenceTh\">To</th><th class=\"confluenceTh\">Datatype</th><th class=\"confluenceTh\">Format</th><th class=\"confluenceTh\">Description and Comments</th></tr><tr><td class=\"confluenceTd\">1</td><td class=\"confluenceTd\">1</td><td class=\"confluenceTd\">1</td><td class=\"confluenceTd\">AN</td><td class=\"confluenceTd\">X</td><td class=\"confluenceTd\">Record ID - &quot;1&quot;</td></tr><tr><td class=\"confluenceTd\">2</td><td class=\"confluenceTd\">2</td><td class=\"confluenceTd\">3</td><td class=\"confluenceTd\">AN</td><td class=\"confluenceTd\">X(2)</td><td class=\"confluenceTd\">Exchange Code</td></tr><tr><td class=\"confluenceTd\">6</td><td class=\"confluenceTd\">4</td><td class=\"confluenceTd\">9</td><td class=\"confluenceTd\">N</td><td class=\"confluenceTd\">9(6)</td><td class=\"confluenceTd\">Business Date as\u00a0<strong>YYMMDD</strong></td></tr><tr><td class=\"confluenceTd\">2</td><td class=\"confluenceTd\">10</td><td class=\"confluenceTd\">11</td><td class=\"confluenceTd\">AN</td><td class=\"confluenceTd\">X(2)</td><td class=\"confluenceTd\">File Identifier</td></tr><tr><td class=\"confluenceTd\">6</td><td class=\"confluenceTd\">12</td><td class=\"confluenceTd\">17</td><td class=\"confluenceTd\">N</td><td class=\"confluenceTd\">9(6)</td><td class=\"confluenceTd\">File Creation Date as\u00a0<strong>YYMMDD</strong></td></tr><tr><td class=\"confluenceTd\">4</td><td class=\"confluenceTd\">18</td><td class=\"confluenceTd\">21</td><td class=\"confluenceTd\">N</td><td class=\"confluenceTd\">9(4)</td><td class=\"confluenceTd\">File Creation Time as\u00a0<strong>HHMM</strong></td></tr><tr><td class=\"confluenceTd\">1</td><td class=\"confluenceTd\">22</td><td class=\"confluenceTd\">22</td><td class=\"confluenceTd\">AN</td><td class=\"confluenceTd\">X</td><td class=\"confluenceTd\">File Format -\u00a0<strong>U</strong>\u00a0for Unpacked or\u00a0<strong>P</strong>\u00a0for Packed</td></tr><tr><td class=\"confluenceTd\">1</td><td class=\"confluenceTd\">23</td><td class=\"confluenceTd\">23</td><td class=\"confluenceTd\">-</td><td class=\"confluenceTd\">-</td><td class=\"confluenceTd\">Filler</td></tr><tr><td class=\"confluenceTd\">1</td><td class=\"confluenceTd\">24</td><td class=\"confluenceTd\">24</td><td class=\"confluenceTd\">AN</td><td class=\"confluenceTd\">X</td><td class=\"confluenceTd\">Clearing or Customer Code -\u00a0<strong>A</strong>\u00a0for Clearing, or\u00a0<strong>blank</strong>\u00a0or\u00a0<strong>C</strong>\u00a0for Customer</td></tr><tr><td class=\"confluenceTd\">1</td><td class=\"confluenceTd\">25</td><td class=\"confluenceTd\">25</td><td class=\"confluenceTd\">-</td><td class=\"confluenceTd\">-</td><td class=\"confluenceTd\">Filler</td></tr><tr><td class=\"confluenceTd\">5</td><td class=\"confluenceTd\">26</td><td class=\"confluenceTd\">30</td><td class=\"confluenceTd\">AN</td><td class=\"confluenceTd\">X(5)</td><td class=\"confluenceTd\">Clearing or Customer Acronym -\u00a0<strong>blank</strong>\u00a0or\u00a0<strong>CUST</strong>\u00a0for Customer, or\u00a0<strong>CLR</strong>\u00a0for Clearing</td></tr><tr><td class=\"confluenceTd\">1</td><td class=\"confluenceTd\">31</td><td class=\"confluenceTd\">31</td><td class=\"confluenceTd\">-</td><td class=\"confluenceTd\">-</td><td class=\"confluenceTd\">Filler</td></tr><tr><td class=\"confluenceTd\">1</td><td class=\"confluenceTd\">32</td><td class=\"confluenceTd\">32</td><td class=\"confluenceTd\">AN</td><td class=\"confluenceTd\">X</td><td class=\"confluenceTd\">Account Type Code. For Clearing accounts,\u00a0<strong>blank</strong>\u00a0or\u00a0<strong>N</strong>\u00a0for Normal, or\u00a0<strong>M</strong>\u00a0for Member. For Customer accounts,\u00a0<strong>blank</strong>\u00a0or\u00a0<strong>H</strong>\u00a0for Hedger,\u00a0<strong>M</strong>\u00a0for Member,\u00a0<strong>S</strong>\u00a0for Speculator.</td></tr><tr><td class=\"confluenceTd\">1</td><td class=\"confluenceTd\">33</td><td class=\"confluenceTd\">33</td><td class=\"confluenceTd\">-</td><td class=\"confluenceTd\">-</td><td class=\"confluenceTd\">Filler</td></tr><tr><td class=\"confluenceTd\">5</td><td class=\"confluenceTd\">34</td><td class=\"confluenceTd\">38</td><td class=\"confluenceTd\">AN</td><td class=\"confluenceTd\">X(5)</td><td class=\"confluenceTd\">Account Type Acronym. For Clearing accounts,\u00a0<strong>blank</strong>\u00a0or\u00a0<strong>NRML</strong>\u00a0for Normal, or\u00a0<strong>MBR</strong>\u00a0for Member. For Customer accounts,\u00a0<strong>blank</strong>\u00a0or\u00a0<strong>HEDGE</strong>\u00a0for Hedger,\u00a0<strong>MBR</strong>\u00a0for Member,\u00a0<strong>SPEC</strong>\u00a0for Speculator.</td></tr><tr><td class=\"confluenceTd\">1</td><td class=\"confluenceTd\">39</td><td class=\"confluenceTd\">39</td><td class=\"confluenceTd\">-</td><td class=\"confluenceTd\">-</td><td class=\"confluenceTd\">Filler</td></tr><tr><td class=\"confluenceTd\">1</td><td class=\"confluenceTd\">40</td><td class=\"confluenceTd\">40</td><td class=\"confluenceTd\">AN</td><td class=\"confluenceTd\">X</td><td class=\"confluenceTd\">Performance Bond Class Code -\u00a0<strong>blank</strong>\u00a0or\u00a0<strong>1</strong>\u00a0for Core, or\u00a0<strong>2</strong>\u00a0for Reserve</td></tr><tr><td class=\"confluenceTd\">1</td><td class=\"confluenceTd\">41</td><td class=\"confluenceTd\">41</td><td class=\"confluenceTd\">-</td><td class=\"confluenceTd\">-</td><td class=\"confluenceTd\">Filler</td></tr><tr><td class=\"confluenceTd\">5</td><td class=\"confluenceTd\">42</td><td class=\"confluenceTd\">46</td><td class=\"confluenceTd\">AN</td><td class=\"confluenceTd\">X(5)</td><td class=\"confluenceTd\">Performance Bond Class Acronym -\u00a0<strong>blank</strong>\u00a0or\u00a0<strong>CORE</strong>\u00a0for Core, or\u00a0<strong>RESRV</strong>\u00a0for Reserve</td></tr><tr><td class=\"confluenceTd\">1</td><td class=\"confluenceTd\">47</td><td class=\"confluenceTd\">47</td><td class=\"confluenceTd\">-</td><td class=\"confluenceTd\">-</td><td class=\"confluenceTd\">Filler</td></tr><tr><td class=\"confluenceTd\">1</td><td class=\"confluenceTd\">48</td><td class=\"confluenceTd\">48</td><td class=\"confluenceTd\">AN</td><td class=\"confluenceTd\">X</td><td class=\"confluenceTd\">Maintenance or Initial Code -\u00a0<strong>blank</strong>\u00a0or\u00a0<strong>M</strong>\u00a0for Maintenance, or\u00a0<strong>I</strong>\u00a0for Initial</td></tr><tr><td class=\"confluenceTd\">1</td><td class=\"confluenceTd\">49</td><td class=\"confluenceTd\">49</td><td class=\"confluenceTd\">-</td><td class=\"confluenceTd\">-</td><td class=\"confluenceTd\">Filler</td></tr><tr><td class=\"confluenceTd\">5</td><td class=\"confluenceTd\">50</td><td class=\"confluenceTd\">54</td><td class=\"confluenceTd\">AN</td><td class=\"confluenceTd\">X(5)</td><td class=\"confluenceTd\">Maintenance or Initial Acronym -\u00a0<strong>blank</strong>\u00a0or\u00a0<strong>MAINT</strong>\u00a0for Maintenance, or\u00a0<strong>INIT</strong>\u00a0for Initial</td></tr><tr><td class=\"confluenceTd\">26</td><td class=\"confluenceTd\">55</td><td class=\"confluenceTd\">80</td><td class=\"confluenceTd\">-</td><td class=\"confluenceTd\">-</td><td class=\"confluenceTd\">Filler</td></tr></tbody></table></div><hr/><p><strong>Notes:</strong></p><ol><li>The File Identifier allows the specification of a code to designate which file of the day this is. Most all exchanges will simply populate this field with\u00a0<strong>FC</strong>.<br/><br/></li><li>Fields beginning with the clearing or customer code in byte 24 are new, and have been added to allow the specification of a particular performance bond rate ID for which this file pertains. For example, if it is desired to provide separate SPAN risk parameter files for different account types, and/or to provide separate files for initial versus maintenance requirements, these fields allow the designation of the account type and the rate class for which this file pertains. If these fields are blank, null, or not present due to truncation of blanks at the end of the record, they should be defaulted as shown above.</li></ol>"
        }
    },
    "status": "current",
    "title": "Type 1 Records - Standard",
    "id": "457214858",
    "_links": {
        "editui": "/pages/resumedraft.action?draftId=457214858",
        "webui": "/spaces/pubsub/pages/457214858/Type+1+Records+-+Standard",
        "edituiv2": "/spaces/pubsub/pages/edit-v2/457214858",
        "tinyui": "/x/iotAGw",
        "base": "https://cmegroupclientsite.atlassian.net/wiki"
    }
}