{
    "data": [
        {
            "type": "confluence_tables",
            "text": [
                {
                    "headers": [
                        "Length",
                        "From",
                        "To",
                        "Datatype",
                        "Format",
                        "Description and Comments"
                    ],
                    "rows": [
                        {
                            "cells": [
                                "2",
                                "1",
                                "2",
                                "AN",
                                "X",
                                "Record ID - \"6\" plus a space"
                            ],
                            "links": []
                        },
                        {
                            "cells": [
                                "5",
                                "3",
                                "7",
                                "AN",
                                "X(3)",
                                "Commodity Group Code"
                            ],
                            "links": []
                        },
                        {
                            "cells": [
                                "4",
                                "8",
                                "11",
                                "N",
                                "9(4)",
                                "Spread Priority"
                            ],
                            "links": []
                        },
                        {
                            "cells": [
                                "7",
                                "12",
                                "18",
                                "N",
                                "9(7)",
                                "Spread Credit Rate, in percent"
                            ],
                            "links": []
                        },
                        {
                            "cells": [
                                "1",
                                "19",
                                "19",
                                "N",
                                "9",
                                "Spread Credit Rate Decimal Locator"
                            ],
                            "links": []
                        },
                        {
                            "cells": [
                                "3",
                                "20",
                                "22",
                                "AN",
                                "X(3)",
                                "Exchange Acronym Leg 1"
                            ],
                            "links": []
                        },
                        {
                            "cells": [
                                "1",
                                "23",
                                "23",
                                "-",
                                "-",
                                "Filler"
                            ],
                            "links": []
                        },
                        {
                            "cells": [
                                "6",
                                "24",
                                "29",
                                "AN",
                                "X(6)",
                                "Combined Commodity Code Leg 1"
                            ],
                            "links": []
                        },
                        {
                            "cells": [
                                "7",
                                "30",
                                "36",
                                "N",
                                "9(7)",
                                "Delta/Spread Ratio Leg 1"
                            ],
                            "links": []
                        },
                        {
                            "cells": [
                                "1",
                                "37",
                                "37",
                                "N",
                                "9",
                                "Delta/Spread Ratio Leg 1 Decimal Locator"
                            ],
                            "links": []
                        },
                        {
                            "cells": [
                                "1",
                                "38",
                                "38",
                                "AN",
                                "X",
                                "Spread Side Leg 1 (\"A\",\"B\")"
                            ],
                            "links": []
                        },
                        {
                            "cells": [
                                "3",
                                "39",
                                "41",
                                "AN",
                                "X(3)",
                                "Exchange Acronym Leg 2"
                            ],
                            "links": []
                        },
                        {
                            "cells": [
                                "1",
                                "42",
                                "42",
                                "-",
                                "-",
                                "Filler"
                            ],
                            "links": []
                        },
                        {
                            "cells": [
                                "6",
                                "43",
                                "48",
                                "AN",
                                "X(6)",
                                "Combined Commodity Code Leg 2"
                            ],
                            "links": []
                        },
                        {
                            "cells": [
                                "7",
                                "49",
                                "55",
                                "N",
                                "9(7)",
                                "Delta/Spread Ratio Leg 2"
                            ],
                            "links": []
                        },
                        {
                            "cells": [
                                "1",
                                "56",
                                "56",
                                "N",
                                "9",
                                "Delta/Spread Ratio Leg 2 Decimal Locator"
                            ],
                            "links": []
                        },
                        {
                            "cells": [
                                "1",
                                "57",
                                "57",
                                "AN",
                                "X",
                                "Spread Side Leg 2 (\"A\",\"B\")"
                            ],
                            "links": []
                        },
                        {
                            "cells": [
                                "3",
                                "58",
                                "60",
                                "AN",
                                "X(3)",
                                "Exchange Acronym Leg 3"
                            ],
                            "links": []
                        },
                        {
                            "cells": [
                                "1",
                                "61",
                                "61",
                                "-",
                                "-",
                                "Filler"
                            ],
                            "links": []
                        },
                        {
                            "cells": [
                                "6",
                                "62",
                                "67",
                                "AN",
                                "X(6)",
                                "Combined Commodity Code Leg 3"
                            ],
                            "links": []
                        },
                        {
                            "cells": [
                                "7",
                                "68",
                                "74",
                                "N",
                                "9(7)",
                                "Delta/Spread Ratio Leg 3"
                            ],
                            "links": []
                        },
                        {
                            "cells": [
                                "1",
                                "75",
                                "75",
                                "N",
                                "9",
                                "Delta/Spread Ratio Leg 3 Decimal Locator"
                            ],
                            "links": []
                        },
                        {
                            "cells": [
                                "1",
                                "76",
                                "76",
                                "AN",
                                "X",
                                "Spread Side Leg 3 (\"A\",\"B\")"
                            ],
                            "links": []
                        },
                        {
                            "cells": [
                                "3",
                                "77",
                                "79",
                                "AN",
                                "X(3)",
                                "Exchange Acronym Leg 4"
                            ],
                            "links": []
                        },
                        {
                            "cells": [
                                "1",
                                "80",
                                "80",
                                "-",
                                "-",
                                "Filler"
                            ],
                            "links": []
                        },
                        {
                            "cells": [
                                "6",
                                "81",
                                "86",
                                "AN",
                                "X(6)",
                                "Combined Commodity Code Leg 4"
                            ],
                            "links": []
                        },
                        {
                            "cells": [
                                "7",
                                "87",
                                "93",
                                "N",
                                "9(7)",
                                "Delta/Spread Ratio Leg 4"
                            ],
                            "links": []
                        },
                        {
                            "cells": [
                                "1",
                                "94",
                                "94",
                                "N",
                                "9",
                                "Delta/Spread Ratio Leg 4 Decimal Locator"
                            ],
                            "links": []
                        },
                        {
                            "cells": [
                                "1",
                                "95",
                                "95",
                                "AN",
                                "X",
                                "Spread Side Leg 4 (\"A\",\"B\")"
                            ],
                            "links": []
                        },
                        {
                            "cells": [
                                "37",
                                "96",
                                "132",
                                "-",
                                "-",
                                "Filler"
                            ],
                            "links": []
                        }
                    ]
                }
            ]
        }
    ],
    "page_id": "457215224",
    "child_page_ids": []
}