{
    "data": [
        {
            "type": "heading",
            "text": "PC-SPAN Version 4 creates reports using some advanced new features ofXML -- Extensible Markup Language --and Internet Explorer version 5."
        },
        {
            "type": "heading",
            "text": "When you select the Reports tab (either click on it, or select it from the menu usingView Reports), a temporary SPAN document is created, which is then opened in theReports module.\u00a0 The window will now display two panes:"
        },
        {
            "type": "heading",
            "text": "On theContentspane, there are severalreport folders.\u00a0 You click on these to open the folder, displaying the list of reports within the folder, and again to close the folder.\u00a0 By default, thePortfolio reportsfolder is open when you first enter the Reports tab."
        },
        {
            "type": "heading",
            "text": "For example, suppose you have selected thePositionsreport, and you have several portfolios defined at each of several different points in time.\u00a0 In this case, first a dialog box will display allowing you to select the particular point in time.\u00a0 Then a second dialog box will display allowing you to select one or more portfolio(s) to be included in the report.\u00a0 You can also use the standard WindowsShift-Clickand/orCtrl-Clickcombinations to select more than one portfolio."
        },
        {
            "type": "heading",
            "text": "The report will now display in the Report pane, with theReport button barat the top of the pane.\u00a0 Here's what each button does:"
        },
        {
            "type": "heading",
            "text": "Almost all of the reports print nicely in the defaultportraitmode.\u00a0 Occasionally, you may need to change a report tolandscapemode.\u00a0 You do this using thePropertiesbutton for the printer, after you have clicked on either thePrint Current Pageor thePrint All Report Pagesbuttons."
        },
        {
            "type": "confluence_tables",
            "text": []
        }
    ],
    "page_id": "457214646",
    "child_page_ids": []
}