{
    "data": [
        {
            "type": "heading",
            "text": "Rate ID Report"
        },
        {
            "type": "heading",
            "text": "Because Span supports separate rates for different account types, different Performance Bond Classes, and the specification of rates separately for Initial and Maintenance Performance Bond requirements,\u00a0 a concept called aRate Identifier, orRate ID, is employed."
        },
        {
            "type": "heading",
            "text": "Rate ID:A rate ID is an integer that fully identifies a set of Span margin rates, and the performance bond requirement derived from it.\u00a0 For example, rate ID number one identifies the values pertaining to Hedge customers, Maintenance-level requirements, in the Core performance bond class."
        },
        {
            "type": "heading",
            "text": "Clear/Cust:Shows Account type as either Clearing-level - for clearing firm accounts on the books of a clearing organization, or Customer-level - for accounts held on the books of a clearing member firm. Customer-level account types currently defined are Member, Hedger, Speculator, and Omnibus.\u00a0 Clearing-level account types currently defined are Normal and Member."
        },
        {
            "type": "heading",
            "text": "Account Type:Customer-level account types currently defined areMember, Hedger, Speculator,andOmnibus.\u00a0 Clearing-level account types currently defined areNormalandMember.\u00a0 Shows the Account Type as:"
        },
        {
            "type": "heading",
            "text": "Maint/Init:Shows which type of Performance Bond Requirement, Maintenance or Initial, is referred to in the rate ID."
        },
        {
            "type": "heading",
            "text": "Class:Shows which class of Performance Bond, Core or Reserve, is referred to in the rate ID.\u00a0 The Class specifies the different levels of performance bond requirements.\u00a0 This allows an exchange or clearing organization to divide it's performance bond requirement into different, acceptable forms of collateral."
        },
        {
            "type": "confluence_tables",
            "text": []
        }
    ],
    "page_id": "457215043",
    "child_page_ids": []
}