{
    "parentId": "457214773",
    "ownerId": "60653f79352e1e0069fb728f",
    "lastOwnerId": null,
    "createdAt": "2024-12-21T16:43:22.449Z",
    "authorId": "60653f79352e1e0069fb728f",
    "parentType": "page",
    "position": 452759086,
    "version": {
        "number": 1,
        "message": "",
        "minorEdit": false,
        "authorId": "60653f79352e1e0069fb728f",
        "createdAt": "2024-12-21T16:43:23.665Z"
    },
    "spaceId": "457312811",
    "body": {
        "export_view": {
            "representation": "export_view",
            "value": "<div class=\"table-wrap\"><table class=\"confluenceTable\"><tbody><tr><th class=\"confluenceTh\">Length</th><th class=\"confluenceTh\">From</th><th class=\"confluenceTh\">To</th><th class=\"confluenceTh\">Datatype</th><th class=\"confluenceTh\">Format</th><th class=\"confluenceTh\">Description and Comments</th></tr><tr><td class=\"confluenceTd\">2</td><td class=\"confluenceTd\">1</td><td class=\"confluenceTd\">2</td><td class=\"confluenceTd\">AN</td><td class=\"confluenceTd\">X</td><td class=\"confluenceTd\">Record ID - &quot;2 &quot;</td></tr><tr><td class=\"confluenceTd\">3</td><td class=\"confluenceTd\">3</td><td class=\"confluenceTd\">5</td><td class=\"confluenceTd\">AN</td><td class=\"confluenceTd\">X(3)</td><td class=\"confluenceTd\">Exchange Acronym</td></tr><tr><td class=\"confluenceTd\">1</td><td class=\"confluenceTd\">6</td><td class=\"confluenceTd\">6</td><td class=\"confluenceTd\">-</td><td class=\"confluenceTd\">-</td><td class=\"confluenceTd\">Filler</td></tr><tr><td class=\"confluenceTd\">6</td><td class=\"confluenceTd\">7</td><td class=\"confluenceTd\">12</td><td class=\"confluenceTd\">AN</td><td class=\"confluenceTd\">X(6)</td><td class=\"confluenceTd\">Combined Commodity Code</td></tr><tr><td class=\"confluenceTd\">1</td><td class=\"confluenceTd\">13</td><td class=\"confluenceTd\">13</td><td class=\"confluenceTd\">N</td><td class=\"confluenceTd\">9</td><td class=\"confluenceTd\">Risk Exponent</td></tr><tr><td class=\"confluenceTd\">3</td><td class=\"confluenceTd\">14</td><td class=\"confluenceTd\">16</td><td class=\"confluenceTd\">AN</td><td class=\"confluenceTd\">X(3)</td><td class=\"confluenceTd\">Performance Bond Currency ISO Code</td></tr><tr><td class=\"confluenceTd\">1</td><td class=\"confluenceTd\">17</td><td class=\"confluenceTd\">17</td><td class=\"confluenceTd\">AN</td><td class=\"confluenceTd\">X</td><td class=\"confluenceTd\">Performance Bond Currency Code</td></tr><tr><td class=\"confluenceTd\">1</td><td class=\"confluenceTd\">18</td><td class=\"confluenceTd\">18</td><td class=\"confluenceTd\">AN</td><td class=\"confluenceTd\">X</td><td class=\"confluenceTd\">Option Margin Style (Valuation Method) --\u00a0<strong>P</strong>\u00a0for premium-style,\u00a0<strong>F</strong>\u00a0for futures-style, or blank -- if blank, premium-style is assumed.</td></tr><tr><td class=\"confluenceTd\">1</td><td class=\"confluenceTd\">19</td><td class=\"confluenceTd\">19</td><td class=\"confluenceTd\">AN</td><td class=\"confluenceTd\">X</td><td class=\"confluenceTd\">Limit Option Value (Cap Available Net Option Value) Flag -\u00a0<strong>Y</strong>,\u00a0<strong>N</strong>\u00a0or blank -- if blank, no is assumed.</td></tr><tr><td class=\"confluenceTd\">1</td><td class=\"confluenceTd\">20</td><td class=\"confluenceTd\">20</td><td class=\"confluenceTd\">AN</td><td class=\"confluenceTd\">X</td><td class=\"confluenceTd\">Combination Margining Method Flag -\u00a0<strong>S</strong>\u00a0for split-allocation,\u00a0<strong>D</strong>\u00a0for delta-split-allocation, or blank.</td></tr><tr><td class=\"confluenceTd\">2</td><td class=\"confluenceTd\">21</td><td class=\"confluenceTd\">22</td><td class=\"confluenceTd\">-</td><td class=\"confluenceTd\">-</td><td class=\"confluenceTd\">Filler</td></tr><tr><td class=\"confluenceTd\">1</td><td class=\"confluenceTd\">23</td><td class=\"confluenceTd\">23</td><td class=\"confluenceTd\">AN</td><td class=\"confluenceTd\">X</td><td class=\"confluenceTd\">Calculation Algorithm Code (<strong>S</strong>\u00a0or\u00a0<strong>blank</strong>\u00a0for standard SPAN,\u00a0<strong>L</strong>\u00a0for Liquidation processing)</td></tr><tr><td class=\"confluenceTd\">12</td><td class=\"confluenceTd\">24</td><td class=\"confluenceTd\">35</td><td class=\"confluenceTd\">AN</td><td class=\"confluenceTd\">X(12)</td><td class=\"confluenceTd\">Commodity (Product) Code 1</td></tr><tr><td class=\"confluenceTd\">5</td><td class=\"confluenceTd\">36</td><td class=\"confluenceTd\">40</td><td class=\"confluenceTd\">AN</td><td class=\"confluenceTd\">X(5)</td><td class=\"confluenceTd\">Contract Type 1 -\u00a0<strong>FUT, PHY, CMB, OOF, OOP, OOC, STOCK, DEBT, OOS</strong></td></tr><tr><td class=\"confluenceTd\">14</td><td class=\"confluenceTd\">41</td><td class=\"confluenceTd\">54</td><td class=\"confluenceTd\">N</td><td class=\"confluenceTd\">9(14)</td><td class=\"confluenceTd\">Contract Value Factor 1 (Multiplier)</td></tr><tr><td class=\"confluenceTd\">1</td><td class=\"confluenceTd\">55</td><td class=\"confluenceTd\">55</td><td class=\"confluenceTd\">N</td><td class=\"confluenceTd\">9</td><td class=\"confluenceTd\">Contract Value Factor 1 Decimal Locator</td></tr><tr><td class=\"confluenceTd\">1</td><td class=\"confluenceTd\">56</td><td class=\"confluenceTd\">56</td><td class=\"confluenceTd\">-</td><td class=\"confluenceTd\">-</td><td class=\"confluenceTd\">Filler</td></tr><tr><td class=\"confluenceTd\">12</td><td class=\"confluenceTd\">57</td><td class=\"confluenceTd\">68</td><td class=\"confluenceTd\">AN</td><td class=\"confluenceTd\">X(12)</td><td class=\"confluenceTd\">Commodity (Product) Code 2</td></tr><tr><td class=\"confluenceTd\">5</td><td class=\"confluenceTd\">69</td><td class=\"confluenceTd\">73</td><td class=\"confluenceTd\">AN</td><td class=\"confluenceTd\">X(5)</td><td class=\"confluenceTd\">Contract Type 2 -\u00a0<strong>FUT, PHY, CMB, OOF, OOP, OOC, STOCK, DEBT, OOS</strong></td></tr><tr><td class=\"confluenceTd\">14</td><td class=\"confluenceTd\">74</td><td class=\"confluenceTd\">87</td><td class=\"confluenceTd\">N</td><td class=\"confluenceTd\">9(14)</td><td class=\"confluenceTd\">Contract Value Factor 2 (Multiplier)</td></tr><tr><td class=\"confluenceTd\">1</td><td class=\"confluenceTd\">88</td><td class=\"confluenceTd\">88</td><td class=\"confluenceTd\">N</td><td class=\"confluenceTd\">9</td><td class=\"confluenceTd\">Contract Value Factor 2 Decimal Locator</td></tr><tr><td class=\"confluenceTd\">1</td><td class=\"confluenceTd\">89</td><td class=\"confluenceTd\">89</td><td class=\"confluenceTd\">-</td><td class=\"confluenceTd\">-</td><td class=\"confluenceTd\">Filler</td></tr><tr><td class=\"confluenceTd\">12</td><td class=\"confluenceTd\">90</td><td class=\"confluenceTd\">101</td><td class=\"confluenceTd\">AN</td><td class=\"confluenceTd\">X(12)</td><td class=\"confluenceTd\">Commodity (Product) Code 3</td></tr><tr><td class=\"confluenceTd\">5</td><td class=\"confluenceTd\">102</td><td class=\"confluenceTd\">106</td><td class=\"confluenceTd\">AN</td><td class=\"confluenceTd\">X(5)</td><td class=\"confluenceTd\">Contract Type 3 -\u00a0<strong>FUT, PHY, CMB, OOF, OOP, OOC, STOCK, DEBT, OOS</strong></td></tr><tr><td class=\"confluenceTd\">14</td><td class=\"confluenceTd\">107</td><td class=\"confluenceTd\">120</td><td class=\"confluenceTd\">N</td><td class=\"confluenceTd\">9(14)</td><td class=\"confluenceTd\">Contract Value Factor 3 (Multiplier)</td></tr><tr><td class=\"confluenceTd\">1</td><td class=\"confluenceTd\">121</td><td class=\"confluenceTd\">121</td><td class=\"confluenceTd\">N</td><td class=\"confluenceTd\">9</td><td class=\"confluenceTd\">Contract Value Factor 3 Decimal Locator</td></tr><tr><td class=\"confluenceTd\">11</td><td class=\"confluenceTd\">122</td><td class=\"confluenceTd\">132</td><td class=\"confluenceTd\">-</td><td class=\"confluenceTd\">-</td><td class=\"confluenceTd\">Filler</td></tr></tbody></table></div><p><strong>Notes:</strong></p><ol><li>The commodity code-contract type fields specify which\u00a0<strong>product families</strong>\u00a0are linked into this combined commodity. A product family is made unique by the combination of the exchange acronym, the product (commodity) code, and the product type code. Product type codes currently supported are\u00a0<strong>PHY</strong>\u00a0for physical,\u00a0<strong>FUT</strong>\u00a0for future,\u00a0<strong>CMB</strong>\u00a0for combination,\u00a0<strong>OOP</strong>\u00a0for option on physical,\u00a0<strong>OOF</strong>\u00a0for option on future,\u00a0<strong>OOC</strong>\u00a0for option on combination,\u00a0<strong>STOCK</strong>\u00a0for stocks,\u00a0<strong>DEBT</strong>\u00a0for debt, and\u00a0<strong>OOS</strong>\u00a0for options on equities.<br/><br/></li><li>Up to 3 commodity code and contract type field pairs can be specified on one type &quot;2&quot; record. If more are needed, additional type &quot;2&quot; record(s) for the same combined commodity follow immediately.<br/><br/></li><li>The risk exponent field is the power of ten to be applied to all risk array values and monetary charge rates for this combined commodity. Zero is the typical value, meaning risk array values and monetary charge rates in the file are correct as given. A value of one, for example, means that all risk array values and monetary charge rates should be multiplied by ten raised to the one power, or ten. Risk exponents apply to risk array values, intracommodity spread charge rates, delivery (spot) charge rates, short option minimum charge rates, and futures price scan ranges.\u00a0<br/><br/></li><li>The performance bond currency is the currency in which the performance bond (margin) requirement for this combined commodity is denominated.\u00a0<br/><br/>The settlement currency is the currency in which products in this combined commodity are --\u00a0<em>ie</em>, in which their variation or premium requirements are paid or collected, and in which their settlement price is quoted.\u00a0<strong>In the expanded-format file, the settlement currency is separately specified for each product family on the type &quot;P&quot; (Price Conversion Parameters) record. In the future, this flexibility will allow products settled in any currency, to be linked into a combined commodity margined in any currency. For the time being, however, the restriction mandated by the standard format should be maintained: either or both of the performance bond or the settlement currency may be different from U.S. Dollars, but if both are different, then both must be the same non-dollar currency.</strong><br/><br/></li><li>A value of\u00a0<strong>Y</strong>\u00a0in the Limit Option Value Flag, also called the Cap Available Net Option Value Flag, means that excess net option value in this combined commodity may not be used to offset risk in other parts of the portfolio, regardless of the default value for this flag defined for the exchange complex. In other words, the available net option value is capped at the risk. A value of\u00a0<strong>N</strong>, which is the default, means that there is no such limitation, again regardless of the default value.\u00a0<br/><br/></li><li>If the Combination Margining Method is\u00a0<strong>S</strong>\u00a0for Split-Allocation, then\u00a0<strong>all</strong>\u00a0products in this combined commodity are either combinations or options on combinations which are to be margined using the split-allocation method. If this flag is\u00a0<strong>D</strong>\u00a0for Delta-Split-Allocation, then\u00a0<strong>some</strong>products in this combined commodity are combinations or options on combinations which are to be margined using the delta-split-allocation method. If this flag is blank or not present, then there are no products in this combined commodity which are margined using either of these two methods.</li></ol>"
        }
    },
    "status": "current",
    "title": "Type 2 - Paris Expanded",
    "id": "457214982",
    "_links": {
        "editui": "/pages/resumedraft.action?draftId=457214982",
        "webui": "/spaces/pubsub/pages/457214982/Type+2+-+Paris+Expanded",
        "edituiv2": "/spaces/pubsub/pages/edit-v2/457214982",
        "tinyui": "/x/BoxAGw",
        "base": "https://cmegroupclientsite.atlassian.net/wiki"
    }
}