{
    "parentId": "457313476",
    "ownerId": "60653f79352e1e0069fb728f",
    "lastOwnerId": null,
    "createdAt": "2024-12-21T16:42:38.187Z",
    "authorId": "60653f79352e1e0069fb728f",
    "parentType": "page",
    "position": 417555884,
    "version": {
        "number": 1,
        "message": "",
        "minorEdit": false,
        "authorId": "60653f79352e1e0069fb728f",
        "createdAt": "2024-12-21T16:42:39.592Z"
    },
    "body": {
        "export_view": {
            "representation": "export_view",
            "value": "<p><strong>ISpanOptionPricingModel: IDispatch\u00a0</strong>interface\u00a0methods:</p><p>\u00a0</p><p><strong>Put</strong><strong>ExerciseStyle(short)</strong></p><p>\u00a0\u00a0\u00a0\u00a0\u00a0\u00a0\u00a0\u00a0\u00a0\u00a0\u00a0\u00a0\u00a0\u00a0\u00a0\u00a0\u00a0\u00a0Sets Option\u00a0ExerciseStile</p><p>Parameter value:</p><p>0 for American (Default value)</p><p>1 for European.</p><p>\u00a0\u00a0\u00a0\u00a0\u00a0\u00a0\u00a0\u00a0\u00a0\u00a0\u00a0\u00a0Returns 0 (success) or non-zero (failure).</p><p>\u00a0</p><p><strong>PutOptionTypeIsCall(BOOL);</strong></p><p>Sets option type.\u00a0</p><p>Returns 0 (success) or non-zero (failure).</p><p>\u00a0</p><p><strong>PutUndPrice(double);</strong></p><p>Sets price of the underlying instrument.\u00a0</p><p>Returns 0 (success) or E_UNDERPICE (failure).</p><p>\u00a0</p><p><strong>PutStrikePrice(double);</strong></p><p>Sets option strike price.\u00a0</p><p>Returns 0 (success) or E_STRIKEPRICE (failure).</p><p>\u00a0</p><p><strong>PutVolatility(double);</strong></p><p>Sets volatility of the underlying instrument.\u00a0</p><p>Returns 0 (success) or E_VOLATILITY (failure).</p><p>\u00a0</p><p><strong>PutRiskFreeRate(double);</strong></p><p>Sets risk free interest rate.\u00a0</p><p>Returns 0 (success) or E_RISKFREERATE (failure).</p><p>\u00a0</p><p><strong>PutDivYield(double);</strong></p><p>Sets underlying instrument dividend yield.\u00a0</p><p>Returns 0 (success) or E_DIVYIELD (failure).</p><p>\u00a0</p><p><strong>PutExpirTime(double);</strong></p><p>Sets option expiration time.\u00a0</p><p>Returns 0 (success) or E_TIMETOEXPIR (failure).</p><p>\u00a0</p><p><strong>PutUnderlyingAssetType(short)</strong><strong>;</strong></p><p>Sets\u00a0Underlying Asset Type\u00a0for \u201cGreeks\u201d Calculations.</p><p>Parameter value:</p><p>0 for Futures (Default)</p><p>1 for Physicals.</p><p>Returns 0 (success) or non-zero (failure).</p><p>\u00a0</p><p><strong>PutAllGreeksFlag (bool);</strong></p><p>Sets flag for all Greeks Calculation.</p><p>Returns 0 (success) or non-zero (failure).</p><p>\u00a0</p><p><strong>PutDeltaFlag (bool);</strong></p><p>Sets flag for Delta Calculation.</p><p>Returns 0 (success) or non-zero (failure).</p><p>\u00a0</p><p><strong>PutVegaFlag (bool);</strong></p><p>Sets flag for Vega Calculation.</p><p>Returns 0 (success) or non-zero (failure).</p><p>\u00a0</p><p><strong>PutGammaFlag(bool);</strong></p><p>Sets flag for Gamma Calculation.</p><p>Returns 0 (success) or non-zero (failure).</p><p>\u00a0</p><p><strong>PutThetaFlag (bool);</strong></p><p>Sets flag for Theta Calculation.</p><p>Returns 0 (success) or non-zero (failure).</p><p>\u00a0</p><p><strong>PutRhoFlag (bool);</strong></p><p>Sets flag for Rho Calculation.</p><p>Parameter value:</p><p>Defaults for all \u201cGreek\u201d\u00a0<strong>Flags</strong>\u00a0set to\u00a0<strong>true</strong>\u00a0for Merton model, but\u00a0<strong>false</strong>\u00a0for Whaley and Cox-Ross-Rubinstein models because they are computationally expensive.</p><p>Returns 0 (success) or non-zero (failure).</p><p>\u00a0</p><p><strong>PutUndPriceChange(double);</strong></p><p>Sets price of the underlying instrument.\u00a0</p><p>Returns 0 (success) or E_UNDERPICE (failure) if Zero change.</p><p>\u00a0</p><p><strong>PutVolatilityChange (double);</strong></p><p>Sets volatility of the underlying instrument.\u00a0</p><p>Returns 0 (success) or E_VOLATILITY (failure) ) if Zero change.</p><p><strong>\u00a0</strong></p><p><strong>PutExpirTimeChange (double);</strong></p><p>Sets option expiration time.\u00a0</p><p>Returns 0 (success) or E_TIMETOEXPIR (failure) ) if Zero change.</p><p><strong>\u00a0</strong></p><p><strong>PutRiskFreeRateChange (double);</strong></p><p>Sets risk free interest rate.\u00a0</p><p>Returns 0 (success) or E_RISKFREERATE (failure) ) if Zero change.</p><p>\u00a0</p><p><strong>PutDivYieldChange (double);</strong></p><p>Sets underlying instrument dividend yield.\u00a0</p><p>Parameter value:</p><p>Defaults for Changes set to 0.01% for all\u00a0<strong>Change</strong>\u00a0methods.</p><p>Returns 0 (success) or E_DIVYIELD (failure) ) if Zero change.</p><p><strong>\u00a0</strong></p><p><strong>Calculate();</strong></p><p>Calculates<strong>\u00a0</strong>theoretical prices for an opiton.\u00a0</p><p>Returns 0 (success) or non-zero failure codes: E_FAIL , S_NOTCONVERGE, E_OUTOFMEMORY</p><p><strong>\u00a0</strong></p><p><strong>GetPrice(double*);</strong></p><p>Gets option theoretical price.\u00a0</p><p>Returns 0 (success) or non-zero (failure).</p><p><strong>\u00a0</strong></p><p><strong>GetDelta(double*);</strong></p><p>Gets option delta.\u00a0</p><p>Returns 0 (success) or non-zero (failure).</p><p>\u00a0</p><p><strong>GetVega(double*);</strong></p><p>Gets option vega.\u00a0</p><p>Returns 0 (success) or E_NOTIMPL (failure).</p><p>\u00a0</p><p><strong>GetTheta(double*);</strong></p><p>Gets option theta.\u00a0</p><p>Returns 0 (success) or E_NOTIMPL (failure).</p><p>\u00a0</p><p><strong>GetGamma(double*);</strong></p><p>Gets option gamma of the underlying instrument.\u00a0</p><p>Returns 0 (success) or E_NOTIMPL (failure).</p><p>\u00a0</p><p><strong>GetRho(double*);</strong></p><p>Gets option rho.\u00a0</p><p>Returns 0 (success) or E_NOTIMPL (failure).</p><p>\u00a0</p><p><strong>GetIntinsicValue(double*);</strong></p><p>Gets Intrinsic Value.\u00a0</p><p>Returns 0 (success) or non-zero (failure).</p><p>\u00a0</p><p><strong>GetCostOfCarry(double*);</strong></p><p>Gets CostOfCarry.\u00a0</p><p>Returns 0 (success) or non-zero (failure).</p><p>\u00a0</p><p><strong>GetExpirTime(double*);</strong></p><p>Gets option expiration time.\u00a0</p><p>Returns 0 (success) or non-zero (failure).</p><p>\u00a0</p><p><strong>ISpanMertonPricingModel: ISpanOptionPricingModel\u00a0</strong>interface has following methods used for analytical calculations of European Options prices on\u00a0\u00a0Equities or Futures:</p><p>\u00a0</p><p><strong>GetSpanNormalProbability(IspanNormalProbability*);</strong></p><p>Gets a pointer to the ISpanNormalProbability interface.</p><p>Returns 0 (success) or non-zero (failure).</p><p><strong>\u00a0</strong></p><p><strong>ISpanWhaleyPricingModel: ISpanOptionPricingModel\u00a0</strong>interface has following methods for numerical calculation of American Options on Futures:</p><p><strong>\u00a0</strong></p><p><strong>PutMaxIterations(long);</strong></p><p>Sets max number of iterations.\u00a0</p><p>Returns 0 (success) or non-zero (failure).</p><p><strong>\u00a0</strong></p><p><strong>PutConvergeTreshhold (double);</strong></p><p>Sets Convergence Treshhold.\u00a0</p><p>Returns 0 (success) or non-zero (failure).</p><p><strong>\u00a0</strong></p><p><strong>GetCriticalPrice();</strong></p><p>Gets critical price.\u00a0</p><p>Returns 0 (success) or non-zero (failure).</p><p><strong>\u00a0</strong></p><p><strong>GetModelIterations(long);</strong></p><p>Gets number of iterations.\u00a0</p><p>Returns 0 (success) or non-zero (failure).</p><p><strong>\u00a0</strong></p><p><strong>ISpanCoxRossRubPricingModel: ISpanOptionPricingModel\u00a0</strong>interface has following methods for numerical calculation of American Options on Futures and Equities</p><p><strong>\u00a0</strong></p><p><strong>PutTreeDimension(long);</strong></p><p>Returns 0 (success) or E_TREEDIM (failure).\u00a0</p><p><strong>\u00a0</strong></p><p><strong>ISpanOptionVolatilityModel: IDispatch\u00a0</strong>interface has following methods used for numerical calculations of Implied volatilities running backward\u00a0SpanOptionPricingModel:</p><p>\u00a0</p><p><strong>PutSpanOptionPricingModel(ISpanOptionModel*);</strong></p><p>Sets a pointer to the ISpanOptionPricingModel interface.</p><p>Returns 0 (success) or non-zero (failure).</p><p><strong>\u00a0</strong></p><p><strong>PutPrice(double*);</strong></p><p>Gets option theoretical price.\u00a0</p><p>Returns 0 (success) or E_OPTIONPRICE (failure)</p><p><strong>\u00a0</strong></p><p><strong>PutMaxIterations(long);</strong></p><p>Sets max number of iterations.\u00a0</p><p>Returns 0 (success) or non-zero (failure).</p><p><strong>\u00a0</strong></p><p><strong>PutConvergeTreshhold(double);</strong></p><p>Sets Convergence Treshhold.\u00a0</p><p>Returns 0 (success) or non-zero (failure).</p><p><strong>\u00a0</strong></p><p><strong>PutLoVolatility(double);</strong></p><p>Sets low level for volatility range.\u00a0</p><p>Returns 0 (success) or non-zero (failure).</p><p><strong>\u00a0</strong></p><p><strong>PutHiVolatility(double);</strong></p><p>Sets high level for volatility range.\u00a0</p><p>Returns 0 (success) or non-zero (failure).</p><p><strong>\u00a0</strong></p><p><strong>PutHiVolLimit(double);</strong></p><p>Sets high limit for volatility.\u00a0</p><p>Returns 0 (success) or non-zero (failure).</p><p><strong>\u00a0</strong></p><p><strong>Calculte();</strong></p><p>Calculates option volatility.<strong>\u00a0</strong></p><p>Returns 0 (success) or non-zero failure codes: E_LOVOLATILITY, E_HIVOLATILITY, or E_INTRINSICVAL.(failure)</p><p><strong>\u00a0</strong></p><p><strong>GetVolatility(double);</strong></p><p>Gets Implied volatility for the option.\u00a0</p><p>Returns 0 (success) or non-zero (failure).</p><p><strong>\u00a0</strong></p><p><strong>GetModelIterations(long);</strong></p><p>Gets number of iterations.\u00a0</p><p>Returns 0 (success) or non-zero (failure).</p><p><strong>\u00a0</strong></p><p><strong>ISpanNormalProbability: IDispatch\u00a0</strong>interface has following methods\u00a0</p><p><strong>\u00a0</strong></p><p><strong>PutProbabilityEventValue(double);</strong></p><p>Sets\u00a0probability event Value.\u00a0</p><p>Returns 0 (success) or non-zero (failure).</p><p><strong>\u00a0</strong></p><p><strong>Calculate();</strong></p><p>Calculates normal cumulative probability and probability density.\u00a0</p><p>Returns 0 (success) or non-zero (failure).</p><p><strong>\u00a0</strong></p><p><strong>GetProbabilityDensity(double*);</strong></p><p>Gets normal probability density.\u00a0</p><p>Returns 0 (success) or non-zero (failure).</p><p>\u00a0</p><p><strong>GetCumulativeProbability(double*);</strong></p><p>Gets normal cumulative probability.\u00a0\u00a0</p><p>Returns 0 (success) or non-zero (failure).</p><p><strong><u><br/></u></strong></p><p><strong><u>Calculation Status\u00a0</u></strong>is represented by an HRESULT generic return code</p><p>\u00a0Code Name\u00a0\u00a0\u00a0\u00a0\u00a0\u00a0\u00a0\u00a0\u00a0\u00a0\u00a0\u00a0\u00a0\u00a0\u00a0\u00a0\u00a0\u00a0\u00a0\u00a0\u00a0\u00a0\u00a0\u00a0\u00a0\u00a0\u00a0\u00a0\u00a0\u00a0\u00a0Code Value\u00a0\u00a0\u00a0\u00a0\u00a0\u00a0\u00a0\u00a0\u00a0\u00a0\u00a0\u00a0\u00a0\u00a0\u00a0\u00a0\u00a0\u00a0\u00a0Description\u00a0\u00a0\u00a0\u00a0\u00a0\u00a0\u00a0</p><p>S_OK\u00a0\u00a0\u00a0\u00a0\u00a0\u00a0\u00a0\u00a0\u00a0\u00a0\u00a0\u00a0\u00a0\u00a0\u00a0\u00a0\u00a0\u00a0\u00a0\u00a0\u00a0\u00a0\u00a0\u00a0\u00a0\u00a0\u00a0\u00a0\u00a0\u00a0\u00a0\u00a0\u00a0\u00a0\u00a0\u00a0\u00a0\u00a0\u00a00x00000000\u00a0\u00a0\u00a0\u00a0\u00a0\u00a0\u00a0\u00a0\u00a0\u00a0\u00a0\u00a0\u00a0\u00a0\u00a0\u00a0\u00a0\u00a0\u00a0Operation succesfull</p><p>S_NOTCONVERGE\u00a0\u00a0\u00a0\u00a0\u00a0\u00a0\u00a0\u00a0\u00a0\u00a0\u00a0\u00a0\u00a0\u00a0\u00a0\u00a0\u00a0\u00a0\u00a00x0000020B\u00a0\u00a0\u00a0\u00a0\u00a0\u00a0\u00a0\u00a0\u00a0\u00a0\u00a0\u00a0\u00a0\u00a0\u00a0\u00a0\u00a0\u00a0Operation succesfull\u00a0\u00a0but did not\u00a0converge because Max Iterations or Conversion treshhold is too low</p><p>\u00a0E_NOTIMPL\u00a0\u00a0\u00a0\u00a0\u00a0\u00a0\u00a0\u00a0\u00a0\u00a0\u00a0\u00a0\u00a0\u00a0\u00a0\u00a0\u00a0\u00a0\u00a0\u00a0\u00a0\u00a0\u00a0\u00a0\u00a0\u00a0\u00a0\u00a0\u00a0\u00a00x80004001\u00a0\u00a0\u00a0\u00a0\u00a0\u00a0\u00a0\u00a0\u00a0\u00a0\u00a0\u00a0\u00a0\u00a0\u00a0\u00a0\u00a0\u00a0\u00a0Not Imlemented</p><p>\u00a0E_INVALIDARG\u00a0\u00a0\u00a0\u00a0\u00a0\u00a0\u00a0\u00a0\u00a0\u00a0\u00a0\u00a0\u00a0\u00a0\u00a0\u00a0\u00a0\u00a0\u00a0\u00a0\u00a0\u00a0\u00a0\u00a0\u00a00x80070257\u00a0\u00a0\u00a0\u00a0\u00a0\u00a0\u00a0\u00a0\u00a0\u00a0\u00a0\u00a0\u00a0\u00a0\u00a0\u00a0\u00a0\u00a0\u00a0One or more arguments are invalid\u00a0\u00a0\u00a0\u00a0\u00a0\u00a0\u00a0\u00a0\u00a0\u00a0</p><p>\u00a0E_FAIL\u00a0\u00a0\u00a0\u00a0\u00a0\u00a0\u00a0\u00a0\u00a0\u00a0\u00a0\u00a0\u00a0\u00a0\u00a0\u00a0\u00a0\u00a0\u00a0\u00a0\u00a0\u00a0\u00a0\u00a0\u00a0\u00a0\u00a0\u00a0\u00a0\u00a0\u00a0\u00a0\u00a0\u00a0\u00a0\u00a0\u00a00x80040005\u00a0\u00a0\u00a0\u00a0\u00a0\u00a0\u00a0\u00a0\u00a0\u00a0\u00a0\u00a0\u00a0\u00a0\u00a0\u00a0\u00a0\u00a0\u00a0Unspecified failure</p><p>\u00a0E_OUTOFMEMORY\u00a0\u00a0\u00a0\u00a0\u00a0\u00a0\u00a0\u00a0\u00a0\u00a0\u00a0\u00a0\u00a0\u00a0\u00a0\u00a0\u00a0\u00a00x8007000E\u00a0\u00a0\u00a0\u00a0\u00a0\u00a0\u00a0\u00a0\u00a0\u00a0\u00a0\u00a0\u00a0\u00a0\u00a0\u00a0\u00a0\u00a0Failed to allocate necessary memory</p><p>\u00a0E_UNDERPICE\u00a0\u00a0\u00a0\u00a0\u00a0\u00a0\u00a0\u00a0\u00a0\u00a0\u00a0\u00a0\u00a0\u00a0\u00a0\u00a0\u00a0\u00a0\u00a0\u00a0\u00a0\u00a0\u00a0\u00a0\u00a00x80040201\u00a0\u00a0\u00a0\u00a0\u00a0\u00a0\u00a0\u00a0\u00a0\u00a0\u00a0\u00a0\u00a0\u00a0\u00a0\u00a0\u00a0\u00a0\u00a0Underlying Price &lt; 0 or (Underlying Price = 0 and Time to Expiration = 0)</p><p>E_STRIKEPRICE\u00a0\u00a0\u00a0\u00a0\u00a0\u00a0\u00a0\u00a0\u00a0\u00a0\u00a0\u00a0\u00a0\u00a0\u00a0\u00a0\u00a0\u00a0\u00a0\u00a0\u00a0\u00a0\u00a00x80040202\u00a0\u00a0\u00a0\u00a0\u00a0\u00a0\u00a0\u00a0\u00a0\u00a0\u00a0\u00a0\u00a0\u00a0\u00a0\u00a0\u00a0\u00a0\u00a0Strike Price &lt; 0 or (Strike Price = 0 and Time to Expiration = 0)</p><p>\u00a0E_TIMETOEXPIR\u00a0\u00a0\u00a0\u00a0\u00a0\u00a0\u00a0\u00a0\u00a0\u00a0\u00a0\u00a0\u00a0\u00a0\u00a0\u00a0\u00a0\u00a0\u00a0\u00a0\u00a0\u00a0\u00a00x80040203\u00a0\u00a0\u00a0\u00a0\u00a0\u00a0\u00a0\u00a0\u00a0\u00a0\u00a0\u00a0\u00a0\u00a0\u00a0\u00a0\u00a0\u00a0\u00a0Time to Expiration &lt; 0</p><p>\u00a0E_RISKFREERATE\u00a0\u00a0\u00a0\u00a0\u00a0\u00a0\u00a0\u00a0\u00a0\u00a0\u00a0\u00a0\u00a0\u00a0\u00a0\u00a0\u00a0\u00a0\u00a00x80040204\u00a0\u00a0\u00a0\u00a0\u00a0\u00a0\u00a0\u00a0\u00a0\u00a0\u00a0\u00a0\u00a0\u00a0\u00a0\u00a0\u00a0\u00a0\u00a0Risk free Rate &lt; 0</p><p>\u00a0E_DIVYIELD\u00a0\u00a0\u00a0\u00a0\u00a0\u00a0\u00a0\u00a0\u00a0\u00a0\u00a0\u00a0\u00a0\u00a0\u00a0\u00a0\u00a0\u00a0\u00a0\u00a0\u00a0\u00a0\u00a0\u00a0\u00a0\u00a0\u00a0\u00a0\u00a0\u00a00x80040205\u00a0\u00a0\u00a0\u00a0\u00a0\u00a0\u00a0\u00a0\u00a0\u00a0\u00a0\u00a0\u00a0\u00a0\u00a0\u00a0\u00a0\u00a0\u00a0Dividend Yield &lt; 0</p><p>\u00a0E_VOLATILITY\u00a0\u00a0\u00a0\u00a0\u00a0\u00a0\u00a0\u00a0\u00a0\u00a0\u00a0\u00a0\u00a0\u00a0\u00a0\u00a0\u00a0\u00a0\u00a0\u00a0\u00a0\u00a0\u00a0\u00a0\u00a0\u00a00x80040206\u00a0\u00a0\u00a0\u00a0\u00a0\u00a0\u00a0\u00a0\u00a0\u00a0\u00a0\u00a0\u00a0\u00a0\u00a0\u00a0\u00a0\u00a0\u00a0Volatility &lt; 0</p><p>\u00a0E_TREEDIM\u00a0\u00a0\u00a0\u00a0\u00a0\u00a0\u00a0\u00a0\u00a0\u00a0\u00a0\u00a0\u00a0\u00a0\u00a0\u00a0\u00a0\u00a0\u00a0\u00a0\u00a0\u00a0\u00a0\u00a0\u00a0\u00a0\u00a0\u00a0\u00a0\u00a00x8004020C\u00a0\u00a0\u00a0\u00a0\u00a0\u00a0\u00a0\u00a0\u00a0\u00a0\u00a0\u00a0\u00a0\u00a0\u00a0\u00a0\u00a0\u00a0number of time intervals on the binomial tree is &lt;= 0.</p><p>\u00a0E_OPTIONPRICE\u00a0\u00a0\u00a0\u00a0\u00a0\u00a0\u00a0\u00a0\u00a0\u00a0\u00a0\u00a0\u00a0\u00a0\u00a0\u00a0\u00a0\u00a0\u00a0\u00a0\u00a0\u00a00x80040207\u00a0\u00a0\u00a0\u00a0\u00a0\u00a0\u00a0\u00a0\u00a0\u00a0\u00a0\u00a0\u00a0\u00a0\u00a0\u00a0\u00a0\u00a0\u00a0Option Price &lt;= 0</p><p>\u00a0E_INTRINSICVAL\u00a0\u00a0\u00a0\u00a0\u00a0\u00a0\u00a0\u00a0\u00a0\u00a0\u00a0\u00a0\u00a0\u00a0\u00a0\u00a0\u00a0\u00a0\u00a0\u00a0\u00a0\u00a0\u00a00x80040208\u00a0\u00a0\u00a0\u00a0\u00a0\u00a0\u00a0\u00a0\u00a0\u00a0\u00a0\u00a0\u00a0\u00a0\u00a0\u00a0\u00a0\u00a0\u00a0Opiton Price not worth Intrinsic value</p><p>\u00a0E_LOVOLATILITY\u00a0\u00a0\u00a0\u00a0\u00a0\u00a0\u00a0\u00a0\u00a0\u00a0\u00a0\u00a0\u00a0\u00a0\u00a0\u00a0\u00a0\u00a0\u00a0\u00a0\u00a0\u00a00x80040209\u00a0\u00a0\u00a0\u00a0\u00a0\u00a0\u00a0\u00a0\u00a0\u00a0\u00a0\u00a0\u00a0\u00a0\u00a0\u00a0\u00a0\u00a0\u00a0\u201cLow Volatility Guess\u201d value is not sufficient to produce initial trial price lower than the actual price.\u00a0</p><p>\u00a0E_HIVOLATILITYLIM\u00a0\u00a0\u00a0\u00a0\u00a0\u00a0\u00a0\u00a0\u00a0\u00a0\u00a0\u00a0\u00a0\u00a0\u00a0\u00a0\u00a0\u00a00x8004020A\u00a0\u00a0\u00a0\u00a0\u00a0\u00a0\u00a0\u00a0\u00a0\u00a0\u00a0\u00a0\u00a0\u00a0\u00a0\u00a0\u00a0\u00a0Upper Limit Value that triggers stop in searching for the sufficient \u201cHigh Volatility Guess\u201d is not sufficient.\u00a0Value should be increased.</p><p>\u00a0E_MAXITERATIONS\u00a0\u00a0\u00a0\u00a0\u00a0\u00a0\u00a0\u00a0\u00a0\u00a0\u00a0\u00a0\u00a0\u00a0\u00a0\u00a0\u00a0\u00a0\u00a00x8004020FL\u00a0\u00a0\u00a0\u00a0\u00a0\u00a0\u00a0\u00a0\u00a0\u00a0\u00a0\u00a0\u00a0\u00a0\u00a0\u00a0\u00a0Upper bound value of iterations that triggers stop in iterations when exceeded is &lt;=0.</p><p>\u00a0E_LOVOLATILITYVAL\u00a0\u00a0\u00a0\u00a0\u00a0\u00a0\u00a0\u00a0\u00a0\u00a0\u00a0\u00a0\u00a0\u00a0\u00a0\u00a00x80040210L\u00a0\u00a0\u00a0\u00a0\u00a0\u00a0\u00a0\u00a0\u00a0\u00a0\u00a0\u00a0\u00a0\u00a0\u00a0\u00a0\u00a0Low volatility guess value sufficient to produce initial trial price lower than the actual price is &lt;0.</p><p>\u00a0E_HIVOLATILITYVAL\u00a0\u00a0\u00a0\u00a0\u00a0\u00a0\u00a0\u00a0\u00a0\u00a0\u00a0\u00a0\u00a0\u00a0\u00a0\u00a0\u00a00x80040211L\u00a0\u00a0\u00a0\u00a0\u00a0\u00a0\u00a0\u00a0\u00a0\u00a0\u00a0\u00a0\u00a0\u00a0\u00a0\u00a0\u00a0High volatility guess value sufficient to produce initial trial price higher than the actual price is &lt;=0.</p><p>\u00a0E_HIVOLATILITYLIMVAL\u00a0\u00a0\u00a0\u00a0\u00a0\u00a0\u00a0\u00a0\u00a0\u00a0\u00a0\u00a00x80040212L\u00a0\u00a0\u00a0\u00a0\u00a0\u00a0\u00a0\u00a0\u00a0\u00a0\u00a0\u00a0\u00a0\u00a0\u00a0\u00a0\u00a0Upper Limit Value that triggers stop in searching for the sufficient \u201cHigh Volatility Guess\u201d is &lt;= 0.</p><p>\u00a0E_CONVERGETRESHHOLD\u00a0\u00a0\u00a0\u00a0\u00a0\u00a00x80040213L\u00a0\u00a0\u00a0\u00a0\u00a0\u00a0\u00a0\u00a0\u00a0\u00a0\u00a0\u00a0\u00a0\u00a0\u00a0\u00a0\u00a0Conversion treshhold value that triggers stop in iterations when absolute difference between the trial price and the target price is less than treshhold is &lt;= 0.</p>"
        }
    },
    "status": "current",
    "title": "Option Pricing Models Interfaces and Methods",
    "spaceId": "457312811",
    "id": "457214519",
    "_links": {
        "editui": "/pages/resumedraft.action?draftId=457214519",
        "webui": "/spaces/pubsub/pages/457214519/Option+Pricing+Models+Interfaces+and+Methods",
        "edituiv2": "/spaces/pubsub/pages/edit-v2/457214519",
        "tinyui": "/x/N4pAGw",
        "base": "https://cmegroupclientsite.atlassian.net/wiki"
    }
}