{
    "data": [
        {
            "type": "heading",
            "text": "Notes:"
        },
        {
            "type": "confluence_tables",
            "text": [
                {
                    "headers": [
                        "Length",
                        "From",
                        "To",
                        "Datatype",
                        "Format",
                        "Description and Comments"
                    ],
                    "rows": [
                        {
                            "cells": [
                                "2",
                                "1",
                                "2",
                                "AN",
                                "X",
                                "Record ID - \"2 \""
                            ],
                            "links": []
                        },
                        {
                            "cells": [
                                "3",
                                "3",
                                "5",
                                "AN",
                                "X(3)",
                                "Exchange Acronym"
                            ],
                            "links": []
                        },
                        {
                            "cells": [
                                "1",
                                "6",
                                "6",
                                "-",
                                "-",
                                "Filler"
                            ],
                            "links": []
                        },
                        {
                            "cells": [
                                "6",
                                "7",
                                "12",
                                "AN",
                                "X(6)",
                                "Combined Commodity Code"
                            ],
                            "links": []
                        },
                        {
                            "cells": [
                                "1",
                                "13",
                                "13",
                                "N",
                                "9",
                                "Risk Exponent"
                            ],
                            "links": []
                        },
                        {
                            "cells": [
                                "3",
                                "14",
                                "16",
                                "AN",
                                "X(3)",
                                "Performance Bond Currency ISO Code"
                            ],
                            "links": []
                        },
                        {
                            "cells": [
                                "1",
                                "17",
                                "17",
                                "AN",
                                "X",
                                "Performance Bond Currency Code"
                            ],
                            "links": []
                        },
                        {
                            "cells": [
                                "1",
                                "18",
                                "18",
                                "AN",
                                "X",
                                "Option Margin Style (Valuation Method) --Pfor premium-style,Ffor futures-style, or blank -- if blank, premium-style is assumed."
                            ],
                            "links": []
                        },
                        {
                            "cells": [
                                "1",
                                "19",
                                "19",
                                "AN",
                                "X",
                                "Limit Option Value (Cap Available Net Option Value) Flag -Y,Nor blank -- if blank, no is assumed."
                            ],
                            "links": []
                        },
                        {
                            "cells": [
                                "1",
                                "20",
                                "20",
                                "AN",
                                "X",
                                "Combination Margining Method Flag -Sfor split-allocation,Dfor delta-split-allocation,Mfor modified split-allocation, or blank."
                            ],
                            "links": []
                        },
                        {
                            "cells": [
                                "2",
                                "21",
                                "22",
                                "-",
                                "-",
                                "Filler"
                            ],
                            "links": []
                        },
                        {
                            "cells": [
                                "10",
                                "23",
                                "32",
                                "AN",
                                "X(10)",
                                "Commodity (Product) Code 1"
                            ],
                            "links": []
                        },
                        {
                            "cells": [
                                "3",
                                "33",
                                "35",
                                "AN",
                                "X",
                                "Contract Type 1 -FUT, PHY, CMB, OOF, OOP, OOC"
                            ],
                            "links": []
                        },
                        {
                            "cells": [
                                "1",
                                "36",
                                "36",
                                "N",
                                "9",
                                "Risk Array Value Decimal Locator -- optional, if blank 0 is assumed"
                            ],
                            "links": []
                        },
                        {
                            "cells": [
                                "1",
                                "37",
                                "37",
                                "AN",
                                "X",
                                "Risk Array Value Decimal Sign --'+ 'or'-', -- optional, any other value means'+ '"
                            ],
                            "links": []
                        },
                        {
                            "cells": [
                                "1",
                                "38",
                                "38",
                                "-",
                                "-",
                                "Filler"
                            ],
                            "links": []
                        },
                        {
                            "cells": [
                                "10",
                                "39",
                                "48",
                                "AN",
                                "X(10)",
                                "Commodity (Product) Code 2"
                            ],
                            "links": []
                        },
                        {
                            "cells": [
                                "3",
                                "49",
                                "51",
                                "AN",
                                "X",
                                "Contract Type 2 -FUT, PHY, CMB, OOF, OOP, OOC"
                            ],
                            "links": []
                        },
                        {
                            "cells": [
                                "1",
                                "52",
                                "52",
                                "N",
                                "9",
                                "Risk Array Value Decimal Locator -- optional, if blank 0 is assumed"
                            ],
                            "links": []
                        },
                        {
                            "cells": [
                                "1",
                                "53",
                                "53",
                                "AN",
                                "X",
                                "Risk Array Value Decimal Sign --'+ 'or'-', -- optional, any other value means'+ '"
                            ],
                            "links": []
                        },
                        {
                            "cells": [
                                "1",
                                "54",
                                "54",
                                "-",
                                "-",
                                "Filler"
                            ],
                            "links": []
                        },
                        {
                            "cells": [
                                "10",
                                "55",
                                "64",
                                "AN",
                                "X(10)",
                                "Commodity (Product) Code 3"
                            ],
                            "links": []
                        },
                        {
                            "cells": [
                                "3",
                                "65",
                                "67",
                                "AN",
                                "X",
                                "Contract Type 3 -FUT, PHY, CMB, OOF, OOP, OOC"
                            ],
                            "links": []
                        },
                        {
                            "cells": [
                                "1",
                                "68",
                                "68",
                                "N",
                                "9",
                                "Risk Array Value Decimal Locator -- optional, if blank 0 is assumed"
                            ],
                            "links": []
                        },
                        {
                            "cells": [
                                "1",
                                "69",
                                "69",
                                "AN",
                                "X",
                                "Risk Array Value Decimal Sign --'+ 'or'-', -- optional, any other value means'+ '"
                            ],
                            "links": []
                        },
                        {
                            "cells": [
                                "1",
                                "70",
                                "70",
                                "-",
                                "-",
                                "Filler"
                            ],
                            "links": []
                        },
                        {
                            "cells": [
                                "10",
                                "71",
                                "80",
                                "AN",
                                "X(10)",
                                "Commodity (Product) Code 4"
                            ],
                            "links": []
                        },
                        {
                            "cells": [
                                "3",
                                "81",
                                "83",
                                "AN",
                                "X",
                                "Contract Type 4 -FUT, PHY, CMB, OOF, OOP, OOC"
                            ],
                            "links": []
                        },
                        {
                            "cells": [
                                "1",
                                "84",
                                "84",
                                "N",
                                "9",
                                "Risk Array Value Decimal Locator -- optional, if blank 0 is assumed"
                            ],
                            "links": []
                        },
                        {
                            "cells": [
                                "1",
                                "85",
                                "85",
                                "AN",
                                "X",
                                "Risk Array Value Decimal Sign --'+ 'or'-', -- optional, any other value means'+ '"
                            ],
                            "links": []
                        },
                        {
                            "cells": [
                                "1",
                                "86",
                                "86",
                                "-",
                                "-",
                                "Filler"
                            ],
                            "links": []
                        },
                        {
                            "cells": [
                                "10",
                                "87",
                                "96",
                                "AN",
                                "X(10)",
                                "Commodity (Product) Code 5"
                            ],
                            "links": []
                        },
                        {
                            "cells": [
                                "3",
                                "97",
                                "99",
                                "AN",
                                "X",
                                "Contract Type 5 -FUT, PHY, CMB, OOF, OOP, OOC"
                            ],
                            "links": []
                        },
                        {
                            "cells": [
                                "1",
                                "100",
                                "100",
                                "N",
                                "9",
                                "Risk Array Value Decimal Locator -- optional, if blank 0 is assumed"
                            ],
                            "links": []
                        },
                        {
                            "cells": [
                                "1",
                                "101",
                                "101",
                                "AN",
                                "X",
                                "Risk Array Value Decimal Sign --'+ 'or'-', -- optional, any other value means'+ '"
                            ],
                            "links": []
                        },
                        {
                            "cells": [
                                "1",
                                "102",
                                "102",
                                "-",
                                "-",
                                "Filler"
                            ],
                            "links": []
                        },
                        {
                            "cells": [
                                "10",
                                "103",
                                "112",
                                "AN",
                                "X(10)",
                                "Commodity (Product) Code 6"
                            ],
                            "links": []
                        },
                        {
                            "cells": [
                                "3",
                                "113",
                                "115",
                                "AN",
                                "X",
                                "Contract Type 6 -FUT, PHY, CMB, OOF, OOP, OOC"
                            ],
                            "links": []
                        },
                        {
                            "cells": [
                                "1",
                                "116",
                                "116",
                                "N",
                                "9",
                                "Risk Array Value Decimal Locator -- optional, if blank 0 is assumed"
                            ],
                            "links": []
                        },
                        {
                            "cells": [
                                "1",
                                "117",
                                "117",
                                "AN",
                                "X",
                                "Risk Array Value Decimal Sign --'+ 'or'-', -- optional, any other value means'+ '"
                            ],
                            "links": []
                        },
                        {
                            "cells": [
                                "15",
                                "118",
                                "132",
                                "-",
                                "-",
                                "Filler"
                            ],
                            "links": []
                        }
                    ]
                }
            ]
        }
    ],
    "page_id": "457215340",
    "child_page_ids": []
}