{
    "parentId": "457411024",
    "spaceId": "457312811",
    "ownerId": "60653f79352e1e0069fb728f",
    "lastOwnerId": null,
    "createdAt": "2024-12-21T16:42:40.395Z",
    "authorId": "60653f79352e1e0069fb728f",
    "parentType": "page",
    "position": 91553666,
    "version": {
        "number": 1,
        "message": "",
        "minorEdit": false,
        "authorId": "60653f79352e1e0069fb728f",
        "createdAt": "2024-12-21T16:42:42.156Z"
    },
    "body": {
        "export_view": {
            "representation": "export_view",
            "value": "<p>You can display the\u00a0<strong>Positions</strong>\u00a0tab of the\u00a0<strong>Portfolio</strong>\u00a0dialog box in several ways:</p><ul><li>Display the portfolio dialog box, then click on the\u00a0<strong>Positions\u00a0</strong>tab.</li><li>Press\u00a0<strong>Ctrl-E</strong>, the keyboard shortcut for editing positions.</li><li>Select\u00a0<strong>File</strong>, then\u00a0<strong>Edit Positions</strong>\u00a0from the menu.</li></ul><p>With the Positions tab of the Portfolio dialog box, you specify the positions in a portfolio.</p><p>There are four fields --\u00a0<strong>Exchange</strong>,\u00a0<strong>Product</strong>,\u00a0<strong>Product Type</strong>, and\u00a0<strong>Option Series</strong>\u00a0which you use to specify the set of contracts of interest.\u00a0 These are called\u00a0<strong>Type-Down Drop-Down\u00a0</strong>fields.\u00a0 You can\u00a0<strong>either</strong>\u00a0type values in them, or click on the down arrow at the right of the field to drop down a list of allowable values, and then select from the list.</p><p>For example, to enter positions in the CME's E-Mini S&amp;P 500 futures contracts, you would select\u00a0<strong>CME</strong>\u00a0for the exchange,\u00a0<strong>ES</strong>\u00a0for the product, and\u00a0<strong>Future</strong>\u00a0for the product type.\u00a0 To enter positions in options on these futures, you would change product type to\u00a0<strong>Option on Future</strong>\u00a0and then select the option series -- for example, the December 2017 options on the December 2017 future.</p><p>Once you have specified the values for these fields, you will see a spreadsheet-style grid of available contracts, with whatever positions are currently defined for them:</p><ul><li>To enter a position in a particular contract or to change the quantity for an existing position, merely click in the\u00a0<strong>Net</strong>\u00a0column by that contract to put the cursor there, and type the position quantity.</li><li>To delete a position, change the position quantity to zero.</li></ul><p>You can move around within the grid using the mouse, or via the\u00a0<strong>up arrow</strong>,\u00a0\u00a0<strong>down arrow</strong>, or\u00a0<strong>Enter</strong>\u00a0keys.\u00a0 If you are entering omnibus account positions, use the\u00a0<strong>Enter</strong>\u00a0key to move from the Total Long column to the Total Short column.</p><p>You can re-size the grid to suit your preferences just by dragging its edge with the mouse, just like you can resize any standard window.</p><p><strong>There are two &quot;check box&quot; fields on the Positions tab that you can use:</strong></p><ul><li>When you check\u00a0<strong>Contracts with Positions</strong>, for the selected product or option series, only contracts for which nonzero position quantities have been defined will display.</li><li>If you also check\u00a0<strong>All Positions for Selected Exchange Complex</strong>, you will see all positions in the portfolio for the exchange complex in which the specified exchange is contained.</li></ul><p>For a normal account, where only a single net position quantity is defined for each position, the grid will show only a single\u00a0<strong>Net</strong>\u00a0column.\u00a0\u00a0</p><p>For omnibus accounts, the grid has four colums -- for total long and total short, and for the naked long and naked short quantities as well.\u00a0 You enter the total long and total short quantities.\u00a0 The naked long and naked short quantities will be automatically updated when you calculate the performance bond requirement.</p><h3 id=\"DefiningPositions-The&#39;EditPositions&#39;buttononthetoolbar\">The 'Edit Positions' button on the toolbar</h3><p>You can use the\u00a0<strong>Edit Positions</strong>\u00a0button on the toolbar as a quick way to open the Portfolio dialog box on the Positions tab.\u00a0 This is equivalent to pressing\u00a0<strong>Ctrl-E</strong>.</p><p>If you have already selected a particular portfolio when you click this button, the dialog box will display immediately for that Portfolio.</p><p>If any other node is selected on the tree and there is more than one portfolio defined, a\u00a0<strong>Select Portfolio</strong>\u00a0dialog box will display to allow you select the specific portfolio for editing positions.</p>"
        }
    },
    "status": "current",
    "title": "Defining Positions",
    "id": "457214561",
    "_links": {
        "editui": "/pages/resumedraft.action?draftId=457214561",
        "webui": "/spaces/pubsub/pages/457214561/Defining+Positions",
        "edituiv2": "/spaces/pubsub/pages/edit-v2/457214561",
        "tinyui": "/x/YYpAGw",
        "base": "https://cmegroupclientsite.atlassian.net/wiki"
    }
}