{
    "data": [
        {
            "type": "heading",
            "text": "Risk Scenarios Report"
        },
        {
            "type": "heading",
            "text": "Rate ID:Span assigns an internal Scan Rate\u00a0 ID."
        },
        {
            "type": "heading",
            "text": "Type:\u00a0 Shows the scenarios as either Scanning or Composite Delta scenarios."
        },
        {
            "type": "heading",
            "text": "Scenario #:The Scenario #'s individually identify each one of the different scenarios."
        },
        {
            "type": "heading",
            "text": "Price:The Price Scan Definitions for the scenarios in the Risk Array.\u00a0 The price scan definition contains the following elements:"
        },
        {
            "type": "heading",
            "text": "Volatility:The Volatility Scan Definitions for the scenarios in the Risk Array.\u00a0 The volatility scan definition contains the following elements:"
        },
        {
            "type": "heading",
            "text": "Weight:The weighting factor - for a Scan point, the weighting factor is the percentage amount by which the scenario is multiplied to arrive at a result.\u00a0 For a Delta point, the factor is the probability weight given for that scenario."
        },
        {
            "type": "heading",
            "text": "Paired Scenario:With the exception of scenario #'s 15 and 16, each scenario has a paired scenario.\u00a0 In the paired scenarios, the underlying price moves are the same, but the volatility moves are opposites.\u00a0 For example, in paired scenarios 7 and 8, we see that in both scenarios, the underlying's price multiplier is .6667, or the price goes up 2/3 of the Price Scan Range.\u00a0 However, the volatilities for this pair move in opposite directions, up and down the Volatility Scan Range.\u00a0 The paired scenarios are grouped together for the Composite Delta scenarios."
        },
        {
            "type": "confluence_tables",
            "text": []
        }
    ],
    "page_id": "457215098",
    "child_page_ids": []
}