{
    "data": [
        {
            "type": "heading",
            "text": "Firm:The firm or entity as entered into Span"
        },
        {
            "type": "heading",
            "text": "Account:The specified Portfolio for the above firm.\u00a0 There can be many portfolios for a single firm."
        },
        {
            "type": "heading",
            "text": "Seg:\u00a0 Segregated Account:Specifies whether an account is of Customer or House origin."
        },
        {
            "type": "heading",
            "text": "PB Class:Specifies the different levels of performance bond requirements.\u00a0 This allows an exchange or clearing organization to divide it's performance bond requirement into different, acceptable forms of collateral."
        },
        {
            "type": "heading",
            "text": "Curr:The currency used for each product and for the overall portfolio.\u00a0 Span gives the option of using different currencies for overall portfolio requirements and\u00a0 for each product's performance bond requirements."
        },
        {
            "type": "heading",
            "text": "SpanReq:The requirement derived by Span which reflects the hypothetical single-day exposure given the Exchange or Clearing Organization's.\u00a0 It is calculated by taking the Scan Risk and adding to it any intracommodity, spot or Short Option Minimum charges, and deducting any intercommodity or interexchange credits."
        },
        {
            "type": "heading",
            "text": "Maint:\u00a0 Maintenance Requirement"
        },
        {
            "type": "heading",
            "text": "Init:\u00a0 Initial Requirement"
        },
        {
            "type": "heading",
            "text": "NOV :\u00a0\u00a0\u00a0 Available Net Option Value"
        },
        {
            "type": "heading",
            "text": "Total Span Requirement:Equal to the Span Requirement less the Available Net Option Value."
        },
        {
            "type": "confluence_tables",
            "text": []
        }
    ],
    "page_id": "457214888",
    "child_page_ids": []
}