{
    "parentId": "457312916",
    "ownerId": "60653f79352e1e0069fb728f",
    "lastOwnerId": null,
    "createdAt": "2024-12-21T16:42:00.613Z",
    "authorId": "60653f79352e1e0069fb728f",
    "parentType": "page",
    "position": 1121,
    "version": {
        "number": 1,
        "message": "",
        "minorEdit": false,
        "authorId": "60653f79352e1e0069fb728f",
        "createdAt": "2024-12-21T16:42:01.800Z"
    },
    "status": "current",
    "body": {
        "export_view": {
            "representation": "export_view",
            "value": "<p>Complimentary complimentary copies of PC-SPAN\u00ae software can be downloaded through CME Core by all users. To download a copy, log on to <a href=\"https://cmecore.cmegroup.com/core/\" class=\"external-link\" rel=\"nofollow\">CME Core</a> with your CME Group Login, or create a new one, and download the software.\u00a0 Please note SPAN Risk Manager is now complimentary and available via instance download from CME CORE.</p><p>For questions about downloading the software from CME CORE, please contact the CME CORE Support Team:</p><p><a href=\"mailto:cme.core@cmegroup.com\" class=\"external-link\" rel=\"nofollow\">cme.core@cmegroup.com</a>\u00a0</p><p>+1 (312) 580-5353</p><p>To purchase other versions of SPAN (SPAN Real-Time Component Interface) or SPAN Risk Manager Clearing) contact the SPAN Licensing team:</p><p><a href=\"mailto:SpanLicensing@cmegroup.com\" class=\"external-link\" rel=\"nofollow\">SpanLicensing@cmegroup.com</a>\u00a0</p>"
        }
    },
    "title": "Download SPAN",
    "spaceId": "457312811",
    "id": "457214350",
    "_links": {
        "editui": "/pages/resumedraft.action?draftId=457214350",
        "webui": "/spaces/pubsub/pages/457214350/Download+SPAN",
        "edituiv2": "/spaces/pubsub/pages/edit-v2/457214350",
        "tinyui": "/x/jolAGw",
        "base": "https://cmegroupclientsite.atlassian.net/wiki"
    }
}