{
    "parentId": "457083445",
    "ownerId": "60653f79352e1e0069fb728f",
    "lastOwnerId": null,
    "createdAt": "2024-12-21T16:43:04.420Z",
    "authorId": "60653f79352e1e0069fb728f",
    "parentType": "page",
    "version": {
        "number": 1,
        "message": "",
        "minorEdit": false,
        "authorId": "60653f79352e1e0069fb728f",
        "createdAt": "2024-12-21T16:43:05.915Z"
    },
    "position": 220515092,
    "body": {
        "export_view": {
            "representation": "export_view",
            "value": ""
        }
    },
    "status": "current",
    "title": "Expanded",
    "spaceId": "457312811",
    "id": "457214773",
    "_links": {
        "editui": "/pages/resumedraft.action?draftId=457214773",
        "webui": "/spaces/pubsub/pages/457214773/Expanded",
        "edituiv2": "/spaces/pubsub/pages/edit-v2/457214773",
        "tinyui": "/x/NYtAGw",
        "base": "https://cmegroupclientsite.atlassian.net/wiki"
    }
}