{
    "parentId": "457411114",
    "spaceId": "457312811",
    "ownerId": "60653f79352e1e0069fb728f",
    "lastOwnerId": null,
    "createdAt": "2024-12-21T16:43:38.191Z",
    "authorId": "60653f79352e1e0069fb728f",
    "parentType": "page",
    "version": {
        "number": 1,
        "message": "",
        "minorEdit": false,
        "authorId": "60653f79352e1e0069fb728f",
        "createdAt": "2024-12-21T16:43:39.524Z"
    },
    "position": 91140207,
    "body": {
        "export_view": {
            "representation": "export_view",
            "value": "<p><span class=\"confluence-embedded-file-wrapper\"><img class=\"confluence-embedded-image\" src=\"https://cmegroupclientsite.atlassian.net/wiki/download/attachments/457215098/riskscenarios.jpg?api=v2\"></span></p><p><strong><u>Risk Scenarios Report</u></strong></p><p>This report , under the Scan section, shows the different Risk Scenarios that comprise the risk array calculations, called scan points.\u00a0 Under the Delta section, the report shows the different Composite Delta scenarios.\u00a0 Additionally, it shows the all of the elements that make up the Price and Volatility Scan Range definitions</p><p><strong>Rate ID:\u00a0 </strong>Span assigns an internal Scan Rate\u00a0 ID.</p><p><strong>Type</strong>:\u00a0 Shows the scenarios as either Scanning or Composite Delta scenarios.</p><p><strong>Scenario #:\u00a0 </strong>The Scenario #'s individually identify each one of the different scenarios.</p><p><strong>Price:\u00a0 </strong>The Price Scan Definitions for the scenarios in the Risk Array.\u00a0 The price scan definition contains the following elements:</p><ul><li>Mult - The Price Scan Range multiplier</li><li>Num - The numerator element of the Price Scan Range</li><li>Denom - The denominator element of the Price Scan Range</li></ul><p><strong>Volatility:\u00a0 </strong>\u00a0The Volatility Scan Definitions for the scenarios in the Risk Array.\u00a0 The volatility scan definition contains the following elements:</p><ul><li>Mult - The Volatility Scan Range multiplier</li><li>Num - The numerator element of the Volatility Scan Range</li><li>Denom - The denominator element of the Volatility Scan Range</li></ul><p><strong>Weight:\u00a0 </strong>The weighting factor - for a Scan point, the weighting factor is the percentage amount by which the scenario is multiplied to arrive at a result.\u00a0 For a Delta point, the factor is the probability weight given for that scenario.</p><p><strong>Paired Scenario:\u00a0 </strong>With the exception of scenario #'s 15 and 16, each scenario has a paired scenario.\u00a0 In the paired scenarios, the underlying price moves are the same, but the volatility moves are opposites.\u00a0 For example, in paired scenarios 7 and 8, we see that in both scenarios, the underlying's price multiplier is .6667, or the price goes up 2/3 of the Price Scan Range.\u00a0 However, the volatilities for this pair move in opposite directions, up and down the Volatility Scan Range.\u00a0 The paired scenarios are grouped together for the Composite Delta scenarios.</p>"
        }
    },
    "status": "current",
    "title": "Risk Scenarios",
    "id": "457215098",
    "_links": {
        "editui": "/pages/resumedraft.action?draftId=457215098",
        "webui": "/spaces/pubsub/pages/457215098/Risk+Scenarios",
        "edituiv2": "/spaces/pubsub/pages/edit-v2/457215098",
        "tinyui": "/x/eoxAGw",
        "base": "https://cmegroupclientsite.atlassian.net/wiki"
    }
}