{
    "data": [
        {
            "type": "link",
            "text": "Component Interface for Version 4 of PC-SPAN, SPAN Risk Manager, and SPAN Risk Manager Clearing",
            "url": "https://cmegroupclientsite.atlassian.net/wiki/spaces/pubsub/pages/457313512/Component+Interface+for+Version+4+of+PC-SPAN+SPAN+Risk+Manager+and+SPAN+Risk+Manager+Clearing",
            "data-linked-resource-id": "457313512",
            "data-linked-resource-type": "page"
        },
        {
            "type": "link",
            "text": "Option Pricing Models Interfaces and Methods",
            "url": "https://cmegroupclientsite.atlassian.net/wiki/spaces/pubsub/pages/457214519/Option+Pricing+Models+Interfaces+and+Methods",
            "data-linked-resource-id": "457214519",
            "data-linked-resource-type": "page"
        },
        {
            "type": "link",
            "text": "Running PC-SPAN Reports and Export Datafiles in Batch",
            "url": "https://cmegroupclientsite.atlassian.net/wiki/spaces/pubsub/pages/457411097/Running+PC-SPAN+Reports+and+Export+Datafiles+in+Batch",
            "data-linked-resource-id": "457411097",
            "data-linked-resource-type": "page"
        },
        {
            "type": "link",
            "text": "Script Language for PC-SPAN v.4.05 and SPAN Risk Manager",
            "url": "https://cmegroupclientsite.atlassian.net/wiki/spaces/pubsub/pages/457083279/Script+Language+for+PC-SPAN+v.4.05+and+SPAN+Risk+Manager",
            "data-linked-resource-id": "457083279",
            "data-linked-resource-type": "page"
        },
        {
            "type": "link",
            "text": "Using PC-SPAN version 4.02 for TRAKRS",
            "url": "https://cmegroupclientsite.atlassian.net/wiki/spaces/pubsub/pages/457313662/Using+PC-SPAN+version+4.02+for+TRAKRS",
            "data-linked-resource-id": "457313662",
            "data-linked-resource-type": "page"
        },
        {
            "type": "confluence_tables",
            "text": []
        }
    ],
    "page_id": "457313476",
    "child_page_ids": [
        "457083279",
        "457214519",
        "457313512",
        "457411097",
        "457313662"
    ]
}