{
    "parentId": "457083187",
    "spaceId": "457312811",
    "ownerId": "60653f79352e1e0069fb728f",
    "createdAt": "2024-12-21T16:42:59.272Z",
    "authorId": "60653f79352e1e0069fb728f",
    "parentType": "page",
    "version": {
        "number": 1,
        "message": "",
        "minorEdit": false,
        "authorId": "60653f79352e1e0069fb728f",
        "createdAt": "2024-12-21T16:43:10.773Z"
    },
    "position": 27389353,
    "status": "current",
    "body": {
        "export_view": {
            "representation": "export_view",
            "value": "<p style=\"text-align: left;\">The Main Exposure screen allows you to produce a variety of custom exposures on any portfolio loaded in SpanRM.\u00a0 In this view, the risk measures of the individual components of the portfolio are aggregated to measure the total portfolio risk exposure.\u00a0 Using the controls on the form, the user sets ranges and increments for the risk sensitivities he or she wishes to display in the matrix.</p><p style=\"text-align: left;\"><style type='text/css'>/*<![CDATA[*/\ndiv.rbtoc1741792370675 {padding: 0px;}\ndiv.rbtoc1741792370675 ul {list-style: disc;margin-left: 0px;}\ndiv.rbtoc1741792370675 li {margin-left: 0px;padding-left: 0px;}\n\n/*]]>*/</style><div class='toc-macro rbtoc1741792370675'>\n<ul class='toc-indentation'>\n<li><a href='#MainExposure-UsingtheControls'>Using the Controls</a></li>\n<li><a href='#MainExposure-Notes'>Notes</a></li>\n</ul>\n</div></p><p style=\"text-align: left;\">The Main Exposure screen can be accessed in one of two ways:</p><p style=\"text-align: left;\">1) highlight the portfolio on the tree and click on the 'Analyze' button on the toolbar <span class=\"confluence-embedded-file-wrapper\"><img class=\"confluence-embedded-image\" src=\"https://cmegroupclientsite.atlassian.net/wiki/download/attachments/457313820/image2012-8-31%2011:34:50.png?api=v2\"></span>, or</p><p style=\"text-align: left;\">2)right-click on the portfolio and choosing Analyze from the menu, as in Figure 1.2.</p><p align=\"center\" style=\"text-align: left;\">\u00a0\u00a0\u00a0\u00a0\u00a0\u00a0\u00a0\u00a0\u00a0\u00a0\u00a0\u00a0\u00a0\u00a0\u00a0<span class=\"confluence-embedded-file-wrapper\"><img class=\"confluence-embedded-image\" src=\"https://cmegroupclientsite.atlassian.net/wiki/download/attachments/457313820/image2012-8-31%2011:34:56.png?api=v2\"></span></p><p align=\"center\" style=\"text-align: left;margin-left: 360.0px;\"><strong>Figure 1.2</strong></p><p style=\"text-align: left;\">\u00a0</p><p style=\"text-align: left;\">\u00a0</p><p style=\"text-align: left;\">The user is presented with a screen like the one shown in Figure 1.3.\u00a0</p><p align=\"center\" style=\"text-align: left;\"><span class=\"confluence-embedded-file-wrapper\"><img class=\"confluence-embedded-image\" src=\"https://cmegroupclientsite.atlassian.net/wiki/download/attachments/457313820/image2012-8-31%2011:35:26.png?api=v2\"></span></p><p style=\"text-align: left;\">\u00a0\u00a0\u00a0\u00a0\u00a0\u00a0\u00a0\u00a0\u00a0\u00a0\u00a0\u00a0\u00a0\u00a0\u00a0\u00a0\u00a0\u00a0\u00a0\u00a0\u00a0\u00a0\u00a0\u00a0\u00a0\u00a0\u00a0\u00a0\u00a0\u00a0\u00a0\u00a0\u00a0\u00a0\u00a0\u00a0\u00a0\u00a0\u00a0\u00a0\u00a0\u00a0\u00a0\u00a0\u00a0\u00a0\u00a0\u00a0\u00a0\u00a0\u00a0\u00a0\u00a0\u00a0\u00a0\u00a0\u00a0\u00a0\u00a0\u00a0\u00a0\u00a0\u00a0\u00a0\u00a0\u00a0\u00a0\u00a0\u00a0\u00a0\u00a0\u00a0\u00a0\u00a0\u00a0\u00a0\u00a0\u00a0\u00a0\u00a0\u00a0\u00a0\u00a0\u00a0\u00a0\u00a0\u00a0\u00a0\u00a0\u00a0<strong>\u00a0Figure 1.3</strong></p><p style=\"text-align: left;\">\u00a0</p><p align=\"left\" style=\"text-align: left;\">The data shown in the matrix (bottom portion of Figure 1.3) is what will be referred to as the 'exposure'.\u00a0 The exposure screen shows a portfolio's risk measures and dollar exposure to movements in the selected variable of the underlying contract.\u00a0 For example, Figure 1.3 shows different measures of the risk exposure in the price of the S&amp;P500 futures contract. The controls on the top half of the window allow the user to customize the ranges and variables shown in the exposure.</p><p style=\"text-align: left;\">The bolded column in the middle of the exposure indicates the settlement price or, if the price has been changed in the system, the last updated trade price of the underlying.\u00a0</p><p style=\"text-align: left;\">The price points to the left and to the right of the bolded column are the prices upon which each column's risk measures are based.\u00a0 The controls that are used to determine these increments and ranges will be explained in more detail in subsequent sections of this guide.\u00a0</p><p style=\"text-align: left;\">Rows in the Exposure</p><p style=\"text-align: left;\">There are eight primary rows in the exposure:</p><p style=\"text-align: left;\"><strong><em><u>1) Underlying</u>: </em></strong>\u00a0\u00a0\u00a0</p><p style=\"text-align: left;\">Shows the quantity of the underlying product for the selected Combined Commodity.\u00a0</p><p style=\"text-align: left;\"><strong>Filtering Underlying by Series</strong></p><p style=\"text-align: left;\">When a portfolio contains multiple months, or 'Series', for a particular Combined Commodity, you can use the Product drop-down box to filter for a specific Product Series. (Figure 1.6)</p><p style=\"text-align: left;margin-left: 480.0px;\"><span class=\"confluence-embedded-file-wrapper\"><img class=\"confluence-embedded-image\" src=\"https://cmegroupclientsite.atlassian.net/wiki/download/attachments/457313820/image2012-8-31%2011:36:13.png?api=v2\"></span><br/>Figure 1.6</p><p style=\"text-align: left;\">\u00a0</p><p style=\"text-align: left;\">The Underlying quantity row will display the quantity for that specific Product Series.\u00a0 After choosing a different Product series, you must recalculate by clicking 'Calculate Risk', or hit the enter key on your keyboard. This allows you to view the risk of\u00a0 the portfolio by individual quarterly expiration buckets independent of the total portfolio.</p><p style=\"text-align: left;\">\u00a0</p><p style=\"text-align: left;\">\u00a0</p><p style=\"text-align: left;\"><strong><em><u>2) Option Delta (Opt.Delta)</u> </em></strong></p><p style=\"text-align: left;\">\u00a0\u00a0\u00a0 This row displays the aggregate sum of the option deltas for the combined commodity being analyzed.\u00a0 The option delta shows the change in the value of the options for a change in the value of the underlying price.\u00a0 As you look across this row, you can see the change in the net delta as the price of the underlying changes.\u00a0 For example, in Figure 1.4, the net option delta at the futures price of 1147.20 is 55.1619, and, looking 2 columns to the right at a futures price of 1157.20, the net option delta is 56.0493.\u00a0</p><p style=\"text-align: left;\">\u00a0\u00a0\u00a0 Also, by using the '<strong>Product</strong>' drop-down box, you can filter for net delta by individual Product Series.</p><p style=\"text-align: left;\"><strong>Filtering Delta\u00a0 by Series</strong></p><p style=\"text-align: left;\">\u00a0\u00a0\u00a0 When there are more than one Product Series in the portfolio for the chosen Combined Commodity, and the Product drop-down box is used to filter for a specific Product Series, the Opt.Delta row will display the net delta for that specific Product Series only.\u00a0</p><p style=\"text-align: left;\"><strong><u><em>3) Net Delta</em></u></strong></p><p style=\"text-align: left;\">Net Delta is the sum of Underlying and Option Delta.</p><p style=\"text-align: left;\"><strong><u><em>4) Gamma</em></u></strong></p><p style=\"text-align: left;\">Gamma is the change in an option's delta (or portfolio of option deltas) for a one-unit change in the price of the underlying. This row displays the aggregate sum of the gammas for the combined commodity being analyzed.</p><p style=\"text-align: left;\"><strong><u><em>5) Vega</em></u></strong></p><p style=\"text-align: left;\">Vega is the change in the value of an option or portfolio of options for a 1 percentage point increase in implied volatility.\u00a0</p><p style=\"text-align: left;\"><strong><u><em>6) Theta</em></u></strong></p><p style=\"text-align: left;\">Theta is the rate of decay in the time value of an option or portfolio of options .\u00a0 It is usually expressed as the change in the value of an option for one day\u2019s passage of time.\u00a0</p><p style=\"text-align: left;\"><strong><u><em>7) Rho</em></u></strong></p><p style=\"text-align: left;\">Rho is the change in the value of an option for a 1 percentage point increase in interest rates.\u00a0</p><p style=\"text-align: left;\"><u><em><strong>8) Risk</strong></em></u></p><p style=\"text-align: left;\">The numbers in the risk row represent the theoretical gain or loss calculated using the incremented price of the underlying against the settlement price.</p><p align=\"center\" style=\"text-align: left;\"><strong>*Important note on Index-based and Yield-based implied volatility</strong></p><p><em>For short-term interest rate contracts that are priced at 100 minus the yield, such as the CME's Eurodollar, Span RiskManager internally stores implied volatilities as 'Index-based' (based on the implied volatility of the underlying price), as opposed to 'Yield-based' (the implied volatility based on the yield derived from that price (100 minus the underlying price).\u00a0 For example, with Eurodollar futures at 98.04, a 98 call option may have a 'yield-based' implied volatility of 28% .\u00a0 The 'Index-based' implied volatility equating to 28% would be .0056.\u00a0 This is calculated as [implied vol * yield] / Index price.\u00a0 You can set Span RiskManager to display either yield-based or index-based vols for add-on type interest rate contracts in the Preferences section.</em></p><h2 style=\"text-align: left;\" id=\"MainExposure-UsingtheControls\"><strong>Using the Controls</strong></h2><p style=\"text-align: left;\">\u00a0\u00a0\u00a0\u00a0\u00a0\u00a0\u00a0\u00a0\u00a0\u00a0\u00a0\u00a0\u00a0\u00a0\u00a0\u00a0\u00a0\u00a0\u00a0</p><p align=\"left\" style=\"text-align: left;\"><span class=\"confluence-embedded-file-wrapper\"><img class=\"confluence-embedded-image\" src=\"https://cmegroupclientsite.atlassian.net/wiki/download/attachments/457313820/image2012-8-31%2011:36:38.png?api=v2\"></span></p><p align=\"left\" style=\"text-align: left;\"><span class=\"confluence-embedded-file-wrapper\"><img class=\"confluence-embedded-image\" src=\"https://cmegroupclientsite.atlassian.net/wiki/download/attachments/457313820/image2012-8-31%2011:37:1.png?api=v2\"></span></p><p align=\"left\" style=\"text-align: left;\">\u00a0</p><p align=\"left\" style=\"text-align: left;\"><span class=\"confluence-embedded-file-wrapper\"><img class=\"confluence-embedded-image\" src=\"https://cmegroupclientsite.atlassian.net/wiki/download/attachments/457313820/image2012-8-31%2011:37:19.png?api=v2\"></span></p><p align=\"left\" style=\"text-align: left;\">\u00a0</p><p align=\"left\" style=\"text-align: left;\">\u00a0</p><p align=\"left\" style=\"text-align: left;\"><strong><u><em>Option Pricing Models</em></u></strong></p><p align=\"center\" style=\"text-align: left;\">\u00a0</p><p style=\"text-align: left;\">The Option Pricing Model drop-down allows you to easily switch between one of 4 different option pricing models.\u00a0 To change models, simply choose a model from the list and click on 'Calculate Risk'.\u00a0</p><p style=\"text-align: left;\">\u00a0</p><p style=\"text-align: left;\">\u00a0</p><p style=\"text-align: left;\"><strong><u><em>Main Variable</em></u></strong></p><p style=\"text-align: left;\">The 'Main Variable' controls which sensitivity factor (Price, Time to Expiration, Volatility, Interest Rate, or Dividend Yield) will be analyzed and displayed horizontally across the exposure.\u00a0 Price is the factor that is most often used in these types of analyses but the other factors can be used as the Main Variable to pinpoint any kind of risk.</p><p style=\"text-align: left;\">\u00a0\u00a0</p><p style=\"text-align: left;\">\u00a0\u00a0\u00a0 Figure 1.7 shows an example of the exposure using Implied Volatility as the Main Variable.\u00a0 It shows the Option Delta and risk of this portfolio recalculated down 2 vols, 4 vols, and 6 vols;\u00a0 and up 2,4,and 6 vols from the base volatility.</p><p style=\"text-align: left;\">\u00a0</p><blockquote><blockquote><ul><li><p align=\"left\"><em><strong>Using sensitivity factors other than Price as the Main Variable allows you to keep all other sensitivity factors constant and isolate changes in the greeks and risk for the given change in the Main Variable.\u00a0 You can do this analysis using any sensitivity factor as the Main Variable.\u00a0 </strong></em></p></li></ul></blockquote></blockquote><p align=\"center\" style=\"text-align: left;\">\u00a0</p><p style=\"text-align: left;\">\u00a0\u00a0\u00a0\u00a0\u00a0\u00a0\u00a0\u00a0\u00a0\u00a0\u00a0\u00a0\u00a0\u00a0\u00a0\u00a0\u00a0\u00a0\u00a0\u00a0\u00a0\u00a0\u00a0\u00a0\u00a0\u00a0\u00a0\u00a0\u00a0\u00a0\u00a0\u00a0\u00a0\u00a0\u00a0\u00a0\u00a0\u00a0\u00a0\u00a0\u00a0\u00a0\u00a0\u00a0\u00a0\u00a0\u00a0\u00a0\u00a0\u00a0\u00a0\u00a0\u00a0\u00a0\u00a0\u00a0\u00a0\u00a0\u00a0\u00a0\u00a0\u00a0\u00a0 \u00a0\u00a0\u00a0\u00a0\u00a0\u00a0\u00a0</p><p style=\"text-align: left;\"><span class=\"confluence-embedded-file-wrapper\"><img class=\"confluence-embedded-image\" src=\"https://cmegroupclientsite.atlassian.net/wiki/download/attachments/457313820/image2012-8-31%2011:37:54.png?api=v2\"></span></p><p style=\"text-align: left;\">\u00a0</p><p style=\"text-align: left;\"><strong><u><em>Secondary Variable</em></u></strong></p><p style=\"text-align: left;\">Use the Secondary Variable in conjunction with the main variable to gauge the effects of changes in price, implied volatility, time to expiration, interest rates or dividend yield with changes in the Main Variable.\u00a0 The Secondary Variable allows the user to gauge the effects of two variables changing at the same time.\u00a0 For example, Figure 1.8 shows the risk on a portfolio of S&amp;P futures and options with the price of the underlying moving in increments of 5 points and implied volatility increasing and decreasing by 4 vols (in 2 increments).</p><p style=\"text-align: left;\">You can use the scroll bar to see the effects of increases and decreases in implied volatility in conjunction with increases and decreases in the price of the underlying.</p><p style=\"text-align: left;\"><span class=\"confluence-embedded-file-wrapper\"><img class=\"confluence-embedded-image\" src=\"https://cmegroupclientsite.atlassian.net/wiki/download/attachments/457313820/image2012-8-31%2011:38:17.png?api=v2\"></span></p><p align=\"center\" style=\"text-align: left;\">\u00a0\u00a0\u00a0\u00a0\u00a0\u00a0\u00a0</p><p style=\"text-align: left;\">Below, in Figure 1.9, Time to Expiration is chosen as the Secondary Variable to show the effects on the portfolio of decreases in time to expiration (erosion).\u00a0 Figure 1.9 shows the effects of 2 days worth of erosion in conjunction with price moving in increments of 5 S&amp;P points.\u00a0 This portfolio is net short option value (short vega) so, holding price and volatility constant, this portfolio gains $ as time passes.\u00a0 You can see the combined effects of price movement and passage of time as you look horizontally across the bottom rows of the exposure.</p><p style=\"text-align: left;\"><span class=\"confluence-embedded-file-wrapper image-center-wrapper\"><img class=\"confluence-embedded-image image-center\" src=\"https://cmegroupclientsite.atlassian.net/wiki/download/attachments/457313820/image2012-8-31%2011:38:41.png?api=v2\"></span></p><p align=\"center\" style=\"text-align: left;\">Figure 1.9</p><p style=\"text-align: left;\">\u00a0</p><p style=\"text-align: left;\"><strong><em>Using Different Combinations of Main &amp; Secondary Variables</em></strong></p><p style=\"text-align: left;\">You can keep price movement constant and view the effects of changes in implied volatility in conjunction with changes in time to expiration by choosing implied volatility as the Main Variable and time to expiration as the Secondary Variable.\u00a0 Figure 1.10 shows implied volatility increasing and decreasing 1.5 vols in .5 vol increments in conjunction with the effects of 2 and 4 days reduced time to expiration (<em>row heights in the exposure can be re-sized or eliminated for convenience.\u00a0 In Figure 1.10, the bottom 2 rows have been eliminated for clarity</em>).\u00a0 This portfolio is net long Vega, therefore the portfolio loses value with a decrease in time to expiration.</p><p style=\"text-align: left;\">\u00a0</p><p style=\"text-align: left;\"><span class=\"confluence-embedded-file-wrapper\"><img class=\"confluence-embedded-image\" src=\"https://cmegroupclientsite.atlassian.net/wiki/download/attachments/457313820/image2012-8-31%2011:39:11.png?api=v2\"></span></p><p style=\"text-align: left;\"><strong><u>Display Graphics</u>\u00a0\u00a0<span class=\"confluence-embedded-file-wrapper\"><img class=\"confluence-embedded-image\" src=\"https://cmegroupclientsite.atlassian.net/wiki/download/attachments/457313820/image2012-8-31%2011:39:30.png?api=v2\"></span> </strong></p><p style=\"text-align: left;\">Click on the 'Risk Graph' button to view a graphical representation of the portfolio's risk.</p><p style=\"text-align: left;\"><span class=\"confluence-embedded-file-wrapper\"><img class=\"confluence-embedded-image\" src=\"https://cmegroupclientsite.atlassian.net/wiki/download/attachments/457313820/image2012-8-31%2011:39:34.png?api=v2\"></span></p><p align=\"left\" style=\"text-align: left;\">\u00a0</p><p align=\"left\" style=\"text-align: left;\"><strong><u>Exporting Data</u>\u00a0\u00a0<span class=\"confluence-embedded-file-wrapper\"><img class=\"confluence-embedded-image\" src=\"https://cmegroupclientsite.atlassian.net/wiki/download/attachments/457313820/image2012-8-31%2011:39:44.png?api=v2\"></span> </strong></p><p align=\"left\" style=\"text-align: left;\">Risk Manager allows you to easily convert the data in the exposure to a .csv file for easy importing into other applications.\u00a0 Click on 'Export Data' and designate a file name and location from the dialogue box.\u00a0 Save the file.\u00a0 Open an application such as Excel or Access and open the saved file:</p><p align=\"left\" style=\"text-align: left;\">\u00a0</p><p align=\"left\" style=\"text-align: left;\"><span class=\"confluence-embedded-file-wrapper\"><img class=\"confluence-embedded-image\" src=\"https://cmegroupclientsite.atlassian.net/wiki/download/attachments/457313820/image2012-8-31%2011:39:50.png?api=v2\"></span></p><p align=\"left\" style=\"text-align: left;\">\u00a0</p><p style=\"text-align: left;\">\u00a0</p><p style=\"text-align: left;\"><u><strong><em>Maintenance/Initial Margin:</em></strong></u></p><p style=\"text-align: left;\">Span Risk Manager displays the total portfolio Maintenance and Initial margin.\u00a0<span class=\"confluence-embedded-file-wrapper\"><img class=\"confluence-embedded-image\" src=\"https://cmegroupclientsite.atlassian.net/wiki/download/attachments/457313820/image2012-8-31%2011:39:57.png?api=v2\"></span></p><p align=\"center\" style=\"text-align: left;\">\u00a0</p><p style=\"text-align: left;\">To see the margin requirement for a particular combined commodity, exit the Analysis window and go the reports section in the main program.\u00a0 Click on the Requirements link.</p><p align=\"center\" style=\"text-align: left;\"><span class=\"confluence-embedded-file-wrapper\"><img class=\"confluence-embedded-image\" src=\"https://cmegroupclientsite.atlassian.net/wiki/download/attachments/457313820/image2012-8-31%2011:40:7.png?api=v2\"></span></p><p align=\"left\" style=\"text-align: left;\">A report will be generated like the one shown below:</p><p align=\"center\" style=\"text-align: left;\"><span class=\"confluence-embedded-file-wrapper\"><img class=\"confluence-embedded-image\" src=\"https://cmegroupclientsite.atlassian.net/wiki/download/attachments/457313820/image2012-8-31%2011:40:22.png?api=v2\"></span></p><p style=\"text-align: left;\">\u00a0\u00a0\u00a0\u00a0\u00a0\u00a0\u00a0\u00a0\u00a0\u00a0\u00a0\u00a0\u00a0\u00a0\u00a0\u00a0\u00a0\u00a0\u00a0\u00a0\u00a0\u00a0\u00a0\u00a0\u00a0\u00a0\u00a0\u00a0\u00a0\u00a0\u00a0\u00a0\u00a0\u00a0\u00a0\u00a0\u00a0\u00a0\u00a0\u00a0\u00a0\u00a0\u00a0\u00a0\u00a0\u00a0\u00a0\u00a0\u00a0\u00a0\u00a0\u00a0\u00a0\u00a0\u00a0\u00a0\u00a0\u00a0\u00a0\u00a0\u00a0\u00a0\u00a0\u00a0\u00a0\u00a0\u00a0\u00a0\u00a0\u00a0\u00a0\u00a0\u00a0\u00a0\u00a0\u00a0\u00a0\u00a0\u00a0 Figure 1.11</p><p style=\"text-align: left;\">\u00a0</p><p style=\"text-align: left;\"><u><strong>Position Details</strong></u></p><p style=\"text-align: left;\">The position detail screen allows you to view all positions in the portfolio in one screen.\u00a0</p><p style=\"text-align: left;\">\u00a0<span class=\"confluence-embedded-file-wrapper\"><img class=\"confluence-embedded-image\" src=\"https://cmegroupclientsite.atlassian.net/wiki/download/attachments/457313820/image2012-8-31%2011:40:33.png?api=v2\"></span><br/><span class=\"confluence-embedded-file-wrapper\"><img class=\"confluence-embedded-image\" src=\"https://cmegroupclientsite.atlassian.net/wiki/download/attachments/457313820/image2012-8-31%2011:40:43.png?api=v2\"></span></p><p style=\"text-align: left;\">\u00a0</p><p align=\"center\" style=\"text-align: left;\"><span class=\"confluence-embedded-file-wrapper\"><img class=\"confluence-embedded-image\" src=\"https://cmegroupclientsite.atlassian.net/wiki/download/attachments/457313820/image2012-8-31%2011:40:58.png?api=v2\"></span></p><p style=\"text-align: left;\">\u00a0\u00a0\u00a0\u00a0\u00a0\u00a0\u00a0\u00a0\u00a0\u00a0\u00a0\u00a0\u00a0\u00a0\u00a0\u00a0\u00a0\u00a0\u00a0\u00a0\u00a0\u00a0\u00a0\u00a0\u00a0\u00a0\u00a0\u00a0\u00a0\u00a0\u00a0\u00a0\u00a0\u00a0\u00a0\u00a0\u00a0\u00a0\u00a0\u00a0\u00a0\u00a0\u00a0\u00a0\u00a0\u00a0\u00a0\u00a0\u00a0\u00a0\u00a0\u00a0\u00a0\u00a0\u00a0\u00a0\u00a0\u00a0\u00a0\u00a0\u00a0\u00a0\u00a0\u00a0\u00a0\u00a0\u00a0\u00a0\u00a0\u00a0\u00a0\u00a0\u00a0\u00a0\u00a0\u00a0\u00a0\u00a0\u00a0\u00a0\u00a0\u00a0\u00a0\u00a0 \u00a0\u00a0 Figure 1.15</p><p style=\"text-align: left;\">\u00a0</p><p style=\"text-align: left;\"><span class=\"confluence-embedded-file-wrapper\"><img class=\"confluence-embedded-image\" src=\"https://cmegroupclientsite.atlassian.net/wiki/download/attachments/457313820/image2012-8-31%2011:41:8.png?api=v2\"></span></p><p align=\"center\" style=\"text-align: left;\">Figure 1.14</p><p style=\"text-align: left;\">The Analyze Option window allows you to do several different types of analyses such as:</p><ul style=\"text-align: left;\"><li><p>Pricing analysis</p></li><li><p>Price sensitivity analysis via the matrix</p></li><li><p>Discover how the option contributes to or reduces the overall risk of the portfolio</p></li><li><p>Fine tune the risk or hedge profile of the portfolio by finding the perfect option</p></li><li><p>Put/Call parity analysis</p></li></ul><p style=\"text-align: left;\"><strong>A) <u>Option Parameters</u></strong></p><p style=\"text-align: left;\">You can change any or all of the fields in the Options Parameters section and recalculate values based on the changed parameters. Simply change any parameter, click the 'Calculate Value/Greeks' button and the values in the 'Calculations' section will be based on the new parameters you entered.\u00a0 Click on the 'Calculate Array' button in the Matrix Parameters section and both the Matrix and Graphics sections will reflect values based on the new parameters you entered in the Option Parameters section.</p><p style=\"text-align: left;\"><span class=\"confluence-embedded-file-wrapper\"><img class=\"confluence-embedded-image\" src=\"https://cmegroupclientsite.atlassian.net/wiki/download/attachments/457313820/image2012-8-31%2011:41:21.png?api=v2\"></span>The 'Edit Prices' check box allows you to edit the underlying price and strike price in either 'contract\u00a0\u00a0\u00a0\u00a0\u00a0\u00a0\u00a0 value/strike value' format or the actual 'underlying price/strike price' itself.\u00a0\u00a0 Also, use this button to toggle between editing either Option Price or Value in the Calculations section.</p><p style=\"text-align: left;\">\u00a0</p><p style=\"text-align: left;\"><strong>B,C) <u>Matrix &amp; Matrix Parameters</u></strong></p><p style=\"text-align: left;\">The Matrix functions and displays much like the Exposure in the Main Analysis window, the difference being that whereas the matrix in the Main Analysis window operates on an entire portfolio, the matrix in the Analyze Option window operates on the individual option.</p><p style=\"text-align: left;\">The controls in the Matrix Parameters section determine how the matrix range and the intervals within that range will be displayed horizontally.\u00a0 The matrix is a powerful way to analyze the behavior and sensitivity of an option over a given set of variables.\u00a0 Also, you can change any of the pricing inputs in the Option Parameters section and/or the calculations section and see the results in the matrix by clicking on 'Calculate Array'.</p><p style=\"text-align: left;\"><strong>D) <u>Calculations</u></strong></p><p style=\"text-align: left;\">\u00a0</p><p style=\"text-align: left;\"><strong>CVM: </strong>Change the Contract Value Multiplier to change the scale of the option (useful for Emini options).</p><p style=\"text-align: left;\">\u00a0</p><p style=\"text-align: left;\"><strong>Price/Value:</strong> Change the Price (Value) to calculate implied volatility and recalculate the greeks based on the new Price/Value. Also, the Matrix can be recalculated based on the new Price/Value by clicking on the 'Calculate Array' button in the Matrix Parameter section.</p><p style=\"text-align: left;\">\u00a0</p><p style=\"text-align: left;\"><strong>Volatility:</strong> Use this field to analyze the effects of changes in implied volatility.</p><p style=\"text-align: left;\">\u00a0</p><p style=\"text-align: left;\"><strong>Pricing Model: </strong>Choose among 4 different option pricing models for option valuation:\u00a0\u00a0\u00a0</p><p style=\"text-align: left;\">\u00a0\u00a0\u00a0\u00a0\u00a0\u00a0\u00a0\u00a0\u00a0\u00a0\u00a0\u00a0\u00a0\u00a0\u00a0\u00a0\u00a0\u00a0\u00a0\u00a0\u00a0\u00a0\u00a0\u00a0\u00a0\u00a0 Black-Scholes\u00a0\u00a0\u00a0\u00a0\u00a0\u00a0\u00a0\u00a0\u00a0\u00a0\u00a0\u00a0\u00a0\u00a0\u00a0\u00a0\u00a0\u00a0\u00a0\u00a0\u00a0\u00a0\u00a0\u00a0\u00a0\u00a0\u00a0\u00a0\u00a0\u00a0\u00a0\u00a0\u00a0\u00a0\u00a0\u00a0\u00a0\u00a0\u00a0\u00a0\u00a0\u00a0\u00a0\u00a0\u00a0\u00a0\u00a0\u00a0\u00a0\u00a0\u00a0\u00a0\u00a0\u00a0\u00a0\u00a0\u00a0\u00a0\u00a0\u00a0\u00a0\u00a0\u00a0\u00a0\u00a0\u00a0\u00a0\u00a0\u00a0\u00a0\u00a0\u00a0\u00a0\u00a0\u00a0\u00a0\u00a0\u00a0\u00a0\u00a0\u00a0\u00a0\u00a0\u00a0\u00a0\u00a0\u00a0\u00a0\u00a0\u00a0\u00a0\u00a0\u00a0\u00a0\u00a0\u00a0\u00a0\u00a0\u00a0\u00a0\u00a0\u00a0\u00a0\u00a0\u00a0\u00a0\u00a0\u00a0\u00a0\u00a0\u00a0\u00a0\u00a0\u00a0\u00a0\u00a0\u00a0\u00a0\u00a0\u00a0\u00a0\u00a0\u00a0\u00a0\u00a0</p><p style=\"text-align: left;\">\u00a0\u00a0\u00a0\u00a0\u00a0\u00a0\u00a0\u00a0\u00a0\u00a0\u00a0\u00a0\u00a0\u00a0\u00a0\u00a0\u00a0\u00a0\u00a0\u00a0\u00a0\u00a0\u00a0\u00a0\u00a0\u00a0 Merton\u00a0\u00a0\u00a0\u00a0\u00a0\u00a0\u00a0\u00a0\u00a0\u00a0\u00a0\u00a0\u00a0\u00a0\u00a0\u00a0\u00a0\u00a0\u00a0\u00a0\u00a0\u00a0\u00a0\u00a0\u00a0\u00a0\u00a0\u00a0\u00a0\u00a0\u00a0\u00a0\u00a0\u00a0\u00a0\u00a0\u00a0\u00a0\u00a0\u00a0\u00a0\u00a0\u00a0\u00a0\u00a0\u00a0\u00a0\u00a0\u00a0\u00a0\u00a0\u00a0\u00a0\u00a0\u00a0\u00a0\u00a0\u00a0\u00a0\u00a0\u00a0\u00a0\u00a0\u00a0\u00a0\u00a0\u00a0\u00a0\u00a0\u00a0\u00a0\u00a0\u00a0\u00a0\u00a0\u00a0\u00a0\u00a0\u00a0\u00a0\u00a0\u00a0\u00a0\u00a0\u00a0\u00a0\u00a0\u00a0\u00a0\u00a0\u00a0\u00a0\u00a0\u00a0\u00a0\u00a0\u00a0\u00a0\u00a0\u00a0\u00a0\u00a0\u00a0\u00a0\u00a0\u00a0\u00a0\u00a0\u00a0\u00a0\u00a0\u00a0\u00a0\u00a0\u00a0\u00a0\u00a0\u00a0\u00a0\u00a0\u00a0\u00a0\u00a0\u00a0\u00a0\u00a0\u00a0\u00a0</p><p style=\"text-align: left;\">\u00a0\u00a0\u00a0\u00a0\u00a0\u00a0\u00a0\u00a0\u00a0\u00a0\u00a0\u00a0\u00a0\u00a0\u00a0\u00a0\u00a0\u00a0\u00a0\u00a0\u00a0\u00a0\u00a0\u00a0\u00a0\u00a0 Adesi-Whaley\u00a0\u00a0\u00a0\u00a0\u00a0\u00a0\u00a0\u00a0\u00a0\u00a0\u00a0\u00a0\u00a0\u00a0\u00a0\u00a0\u00a0\u00a0\u00a0\u00a0\u00a0\u00a0\u00a0\u00a0\u00a0\u00a0\u00a0\u00a0\u00a0\u00a0\u00a0\u00a0\u00a0\u00a0\u00a0\u00a0\u00a0\u00a0\u00a0\u00a0\u00a0\u00a0\u00a0\u00a0\u00a0\u00a0\u00a0\u00a0\u00a0\u00a0\u00a0\u00a0\u00a0\u00a0\u00a0\u00a0\u00a0\u00a0\u00a0\u00a0\u00a0\u00a0\u00a0\u00a0\u00a0\u00a0\u00a0\u00a0\u00a0\u00a0\u00a0\u00a0\u00a0\u00a0\u00a0\u00a0\u00a0\u00a0\u00a0\u00a0\u00a0\u00a0\u00a0\u00a0\u00a0\u00a0\u00a0\u00a0\u00a0\u00a0\u00a0\u00a0\u00a0\u00a0\u00a0\u00a0\u00a0\u00a0\u00a0\u00a0\u00a0\u00a0\u00a0\u00a0\u00a0\u00a0\u00a0\u00a0\u00a0\u00a0\u00a0\u00a0\u00a0\u00a0\u00a0\u00a0\u00a0\u00a0\u00a0\u00a0\u00a0\u00a0\u00a0\u00a0\u00a0\u00a0\u00a0\u00a0</p><p style=\"text-align: left;\">\u00a0\u00a0\u00a0\u00a0\u00a0\u00a0\u00a0\u00a0\u00a0\u00a0\u00a0\u00a0\u00a0\u00a0\u00a0\u00a0\u00a0\u00a0\u00a0\u00a0\u00a0\u00a0\u00a0\u00a0\u00a0\u00a0 Cox-Ross-Rubinstein</p><p style=\"text-align: left;\">\u00a0\u00a0\u00a0\u00a0\u00a0\u00a0\u00a0\u00a0\u00a0\u00a0\u00a0\u00a0\u00a0\u00a0\u00a0\u00a0\u00a0\u00a0\u00a0\u00a0\u00a0\u00a0\u00a0\u00a0\u00a0\u00a0\u00a0\u00a0\u00a0\u00a0\u00a0\u00a0\u00a0\u00a0\u00a0\u00a0\u00a0\u00a0\u00a0\u00a0\u00a0\u00a0\u00a0\u00a0\u00a0\u00a0\u00a0\u00a0\u00a0\u00a0\u00a0\u00a0\u00a0\u00a0\u00a0\u00a0\u00a0\u00a0\u00a0\u00a0\u00a0\u00a0\u00a0\u00a0\u00a0</p><p style=\"text-align: left;\"><strong>Exercise Style:</strong> Choose between American or European.\u00a0\u00a0\u00a0\u00a0\u00a0\u00a0\u00a0\u00a0\u00a0\u00a0\u00a0\u00a0\u00a0\u00a0\u00a0\u00a0\u00a0\u00a0\u00a0\u00a0\u00a0\u00a0\u00a0\u00a0\u00a0\u00a0\u00a0\u00a0\u00a0\u00a0\u00a0\u00a0\u00a0\u00a0\u00a0\u00a0\u00a0\u00a0\u00a0\u00a0\u00a0\u00a0\u00a0\u00a0\u00a0\u00a0\u00a0\u00a0\u00a0\u00a0\u00a0\u00a0\u00a0\u00a0\u00a0\u00a0\u00a0\u00a0\u00a0\u00a0\u00a0\u00a0\u00a0\u00a0</p><p style=\"text-align: left;\">\u00a0</p><p style=\"text-align: left;\">Change any of the editable fields in this section to recalculate values based on the changed parameters.\u00a0 Click on 'Calculate Array' in the Matrix Parameters section to display the changed results in the Matrix.\u00a0 Click 'Calculate Volatility' to solve for volatility.</p><p style=\"text-align: left;\"><strong>E) <u>Graphics:</u></strong>\u00a0 Display the matrix values graphically.</p><p style=\"text-align: left;\"><span class=\"confluence-embedded-file-wrapper\"><img class=\"confluence-embedded-image\" src=\"https://cmegroupclientsite.atlassian.net/wiki/download/attachments/457313820/image2012-8-31%2011:41:37.png?api=v2\"></span></p><h2 style=\"text-align: left;\" id=\"MainExposure-Notes\"><strong>Notes</strong></h2><p style=\"text-align: left;\">If the <em>'Use dollar-denominated greeks' </em>option is turned on in the preferences section as shown in Figure 1.5, the quantities in this row display a dollar amount which is calculated as {quantity * contract value multiplier}.\u00a0 As an example, if a portfolio contains only 3 contracts in S&amp;P 500 futures, the 'Underlying' row will show 750 (3*250).</p><p align=\"center\" style=\"text-align: left;\"><em>Tools&gt;&gt;Preferences&gt;&gt;Calculation Parameters</em></p><p align=\"center\" style=\"text-align: left;\"><span class=\"confluence-embedded-file-wrapper\"><img class=\"confluence-embedded-image\" src=\"https://cmegroupclientsite.atlassian.net/wiki/download/attachments/457313820/image2012-8-31%2011:41:49.png?api=v2\"></span></p><p style=\"text-align: left;\">\u00a0\u00a0\u00a0\u00a0\u00a0\u00a0\u00a0\u00a0\u00a0\u00a0\u00a0\u00a0\u00a0\u00a0\u00a0\u00a0\u00a0\u00a0\u00a0\u00a0\u00a0\u00a0\u00a0\u00a0\u00a0\u00a0\u00a0\u00a0\u00a0\u00a0\u00a0\u00a0\u00a0\u00a0\u00a0\u00a0\u00a0\u00a0\u00a0\u00a0\u00a0\u00a0\u00a0\u00a0\u00a0\u00a0\u00a0\u00a0\u00a0\u00a0\u00a0\u00a0\u00a0\u00a0\u00a0\u00a0\u00a0\u00a0\u00a0\u00a0\u00a0\u00a0\u00a0\u00a0\u00a0\u00a0\u00a0\u00a0\u00a0\u00a0\u00a0\u00a0\u00a0\u00a0 Figure 1.5</p><p style=\"text-align: left;\">\u00a0</p><p style=\"text-align: left;\">*<strong>Important note on Underlying quantity and E-minis</strong>:\u00a0 When E-minis are present in a portfolio, the quantity in the underlying row will not show fractional contracts.\u00a0 For example, if a portfolio contains a long position in 3 full-size S&amp;P500 contracts and a short position in 1 E-mini S&amp;P, the underlying row will show a quantity of long 2.\u00a0 It is recommended that when E-minis are present in a portfolio, you check the 'Use dollar-denominated greeks' checkbox in the preferences section.\u00a0 When this option is turned on, the quantity in the 'Underlying' row will be displayed as (quantity * contract value multiplier).</p><p style=\"text-align: left;\">Using the previous example of +3 full-size S&amp;P's and -1 E-Mini S&amp;P, with the 'Dollar-denominated greeks' option turned on the underlying row would display: $700 calculated as: (3*250)-(1*50).</p><p style=\"text-align: left;\">*<strong>Important note on delta and E-minis</strong>:\u00a0</p><p style=\"text-align: left;\">\u00a0\u00a0\u00a0\u00a0\u00a0 When E-mini options are present in a portfolio, the quantity in the delta row does not distinguish fractional contracts unless 'Use Dollar-denominated greeks' is turned on in the Preferences section.\u00a0 As an example, assume a portfolio contains +10 March S&amp;P 1045 puts with a .1487 delta and\u00a0 +10 March S&amp;P E-mini 1045 puts also with a delta of .1487.\u00a0 Theoretically, both deltas are .1487, but the E-Mini contract is scaled 1/5th the size of the Big S&amp;P contract.\u00a0 When not using the 'dollar-denominated greek' feature, the net delta for the above position would be -2.9745, which is simply the sum of the deltas of the full-size S&amp;P options and the E-mini options, and would not be the proper hedge ratio.\u00a0 The solution to this is to check the 'Use dollar-denominated greeks' checkbox in the preferences section.\u00a0 With this option checked, the option delta is calculated using the contract value multiplier of the respective contract times the delta.\u00a0 In this case, the net delta would show as $446.17, calculated as:</p><p style=\"text-align: left;\">\u00a0</p><p style=\"text-align: left;\">(full-size S&amp;P:) .1487*10*<strong>250</strong>\u00a0 +\u00a0 (E-mini S&amp;P:) .1487*10*<strong>50</strong></p><p style=\"text-align: left;\">=371.75 + 74.35</p><p style=\"text-align: left;\">= 446.10.\u00a0</p><p style=\"text-align: left;\">To arrive at the proper hedge ratio, simply divide by the contract value multiplier of the contract being used to hedge the position:</p><p style=\"text-align: left;\">Full-size S&amp;P contract value multiplier = 250</p><p style=\"text-align: left;\">E-mini contract value multiplier= 50\u00a0</p><p style=\"text-align: left;\">446.17 / 250 = 1.78 big contracts or,</p><p style=\"text-align: left;\">446.17 / 50 = 8.9 E-minis</p>"
        }
    },
    "lastOwnerId": null,
    "title": "Main Exposure",
    "id": "457313820",
    "_links": {
        "editui": "/pages/resumedraft.action?draftId=457313820",
        "webui": "/spaces/pubsub/pages/457313820/Main+Exposure",
        "edituiv2": "/spaces/pubsub/pages/edit-v2/457313820",
        "tinyui": "/x/HA5CGw",
        "base": "https://cmegroupclientsite.atlassian.net/wiki"
    }
}