{
    "data": [
        {
            "type": "heading",
            "text": "Spread Type:"
        },
        {
            "type": "heading",
            "text": "Spread #"
        },
        {
            "type": "heading",
            "text": "# of Spreads Formed"
        },
        {
            "type": "heading",
            "text": "Rate ID:Identifies the class to which charges or credits are applied."
        },
        {
            "type": "heading",
            "text": "Curr:The currency used for each spread."
        },
        {
            "type": "heading",
            "text": "Comb Comm:\u00a0\u00a0\u00a0 Combined Commodity"
        },
        {
            "type": "heading",
            "text": "Tier No.:A tier is a set of consecutive contract expirations for one Combined Commodity.\u00a0 The tier number refers to a series of contract expirations within a tier.\u00a0 Overall is used to identify all contract expirations in a Combined Commodity.\u00a0 A period is a particular contract month."
        },
        {
            "type": "heading",
            "text": "Delta Available:Total delta available for a contract before the identified spread has been calculated."
        },
        {
            "type": "heading",
            "text": "Delta Remaining:Total delta left for a contract after the identified spread has been calculated"
        },
        {
            "type": "heading",
            "text": "Charge/Credit:\u00a0 Intracommodity Charge/InterCommodity Credit"
        },
        {
            "type": "confluence_tables",
            "text": []
        }
    ],
    "page_id": "457313633",
    "child_page_ids": []
}