{
    "parentId": "457214773",
    "spaceId": "457312811",
    "ownerId": "60653f79352e1e0069fb728f",
    "lastOwnerId": null,
    "createdAt": "2024-12-21T16:44:15.435Z",
    "authorId": "60653f79352e1e0069fb728f",
    "parentType": "page",
    "position": 452768721,
    "version": {
        "number": 1,
        "message": "",
        "minorEdit": false,
        "authorId": "60653f79352e1e0069fb728f",
        "createdAt": "2024-12-21T16:44:16.750Z"
    },
    "body": {
        "export_view": {
            "representation": "export_view",
            "value": "<div class=\"table-wrap\"><table class=\"wrapped confluenceTable\"><colgroup><col/><col/><col/><col/><col/><col/></colgroup><tbody><tr><th scope=\"col\" class=\"confluenceTh\"><p align=\"center\">Length</p></th><th scope=\"col\" class=\"confluenceTh\"><p align=\"center\">From</p></th><th scope=\"col\" class=\"confluenceTh\"><p align=\"center\">To</p></th><th scope=\"col\" class=\"confluenceTh\"><p align=\"center\">Datatype</p></th><th scope=\"col\" class=\"confluenceTh\"><p align=\"center\">Format</p></th><th scope=\"col\" class=\"confluenceTh\">Description and Comments</th></tr><tr><td class=\"confluenceTd\"><p align=\"right\">2</p></td><td class=\"confluenceTd\"><p align=\"right\">1</p></td><td class=\"confluenceTd\"><p align=\"right\">2</p></td><td class=\"confluenceTd\"><p>AN</p></td><td class=\"confluenceTd\"><p>X</p></td><td class=\"confluenceTd\"><p>Record ID - &quot;6&quot; plus a space</p></td></tr><tr><td class=\"confluenceTd\"><p align=\"right\">3</p></td><td class=\"confluenceTd\"><p align=\"right\">3</p></td><td class=\"confluenceTd\"><p align=\"right\">5</p></td><td class=\"confluenceTd\"><p>AN</p></td><td class=\"confluenceTd\"><p>X(3)</p></td><td class=\"confluenceTd\"><p>Commodity Group Code</p></td></tr><tr><td class=\"confluenceTd\"><p align=\"right\">4</p></td><td class=\"confluenceTd\"><p align=\"right\">6</p></td><td class=\"confluenceTd\"><p align=\"right\">9</p></td><td class=\"confluenceTd\"><p>N</p></td><td class=\"confluenceTd\"><p>9(4)</p></td><td class=\"confluenceTd\"><p>Spread Priority\u00a0<sup><a href=\"http://www.cme-ch.com/span/spanl316.htm#note1\" class=\"external-link\" rel=\"nofollow\">2</a></sup></p></td></tr><tr><td class=\"confluenceTd\"><p align=\"right\">7</p></td><td class=\"confluenceTd\"><p align=\"right\">10</p></td><td class=\"confluenceTd\"><p align=\"right\">16</p></td><td class=\"confluenceTd\"><p>N</p></td><td class=\"confluenceTd\"><p>9(3)V9(4)</p></td><td class=\"confluenceTd\"><p>Spread Credit Rate, in percent\u00a0<sup><a href=\"http://www.cme-ch.com/span/spanl316.htm#note2\" class=\"external-link\" rel=\"nofollow\">8</a></sup></p></td></tr><tr><td class=\"confluenceTd\"><p align=\"right\">3</p></td><td class=\"confluenceTd\"><p align=\"right\">17</p></td><td class=\"confluenceTd\"><p align=\"right\">19</p></td><td class=\"confluenceTd\"><p>AN</p></td><td class=\"confluenceTd\"><p>X(3)</p></td><td class=\"confluenceTd\"><p>Exchange Acronym Leg 1</p></td></tr><tr><td class=\"confluenceTd\"><p align=\"right\">1</p></td><td class=\"confluenceTd\"><p align=\"right\">20</p></td><td class=\"confluenceTd\"><p align=\"right\">20</p></td><td class=\"confluenceTd\"><p>AN</p></td><td class=\"confluenceTd\"><p>X(1)</p></td><td class=\"confluenceTd\"><p>Leg 1 Required for Scanning-Based Spread flag (&quot;N&quot; means not required, any other value means required)</p></td></tr><tr><td class=\"confluenceTd\"><p align=\"right\">6</p></td><td class=\"confluenceTd\"><p align=\"right\">21</p></td><td class=\"confluenceTd\"><p align=\"right\">26</p></td><td class=\"confluenceTd\"><p>AN</p></td><td class=\"confluenceTd\"><p>X(6)</p></td><td class=\"confluenceTd\"><p>Combined Commodity Code Leg 1</p></td></tr><tr><td class=\"confluenceTd\"><p align=\"right\">7</p></td><td class=\"confluenceTd\"><p align=\"right\">27</p></td><td class=\"confluenceTd\"><p align=\"right\">33</p></td><td class=\"confluenceTd\"><p>N</p></td><td class=\"confluenceTd\"><p>9(3)V9(4)</p></td><td class=\"confluenceTd\"><p>Delta/Spread Ratio Leg 1\u00a0<sup><a href=\"http://www.cme-ch.com/span/spanl316.htm#note4\" class=\"external-link\" rel=\"nofollow\">9</a></sup></p></td></tr><tr><td class=\"confluenceTd\"><p align=\"right\">1</p></td><td class=\"confluenceTd\"><p align=\"right\">34</p></td><td class=\"confluenceTd\"><p align=\"right\">34</p></td><td class=\"confluenceTd\"><p>AN</p></td><td class=\"confluenceTd\"><p>X</p></td><td class=\"confluenceTd\"><p>Spread Side Leg 1 (&quot;A&quot;,&quot;B&quot;)\u00a0<sup><a href=\"http://www.cme-ch.com/span/spanl316.htm#note3\" class=\"external-link\" rel=\"nofollow\">7</a></sup></p></td></tr><tr><td class=\"confluenceTd\"><p align=\"right\">3</p></td><td class=\"confluenceTd\"><p align=\"right\">35</p></td><td class=\"confluenceTd\"><p align=\"right\">37</p></td><td class=\"confluenceTd\"><p>AN</p></td><td class=\"confluenceTd\"><p>X(3)</p></td><td class=\"confluenceTd\"><p>Exchange Acronym Leg 2</p></td></tr><tr><td class=\"confluenceTd\"><p align=\"right\">1</p></td><td class=\"confluenceTd\"><p align=\"right\">38</p></td><td class=\"confluenceTd\"><p align=\"right\">38</p></td><td class=\"confluenceTd\"><p>AN</p></td><td class=\"confluenceTd\"><p>X(1)</p></td><td class=\"confluenceTd\"><p>Leg 2 Required for Scanning-Based Spread Flag</p></td></tr><tr><td class=\"confluenceTd\"><p align=\"right\">6</p></td><td class=\"confluenceTd\"><p align=\"right\">39</p></td><td class=\"confluenceTd\"><p align=\"right\">44</p></td><td class=\"confluenceTd\"><p>AN</p></td><td class=\"confluenceTd\"><p>X(6)</p></td><td class=\"confluenceTd\"><p>Combined Commodity Code Leg 2</p></td></tr><tr><td class=\"confluenceTd\"><p align=\"right\">7</p></td><td class=\"confluenceTd\"><p align=\"right\">45</p></td><td class=\"confluenceTd\"><p align=\"right\">51</p></td><td class=\"confluenceTd\"><p>N</p></td><td class=\"confluenceTd\"><p>9(3)V9(4)</p></td><td class=\"confluenceTd\"><p>Delta/Spread Ratio Leg 2</p></td></tr><tr><td class=\"confluenceTd\"><p align=\"right\">1</p></td><td class=\"confluenceTd\"><p align=\"right\">52</p></td><td class=\"confluenceTd\"><p align=\"right\">52</p></td><td class=\"confluenceTd\"><p>AN</p></td><td class=\"confluenceTd\"><p>X</p></td><td class=\"confluenceTd\"><p>Spread Side Leg 2 (&quot;A&quot;,&quot;B&quot;)</p></td></tr><tr><td class=\"confluenceTd\"><p align=\"right\">3</p></td><td class=\"confluenceTd\"><p align=\"right\">53</p></td><td class=\"confluenceTd\"><p align=\"right\">55</p></td><td class=\"confluenceTd\"><p>AN</p></td><td class=\"confluenceTd\"><p>X(3)</p></td><td class=\"confluenceTd\"><p>Exchange Acronym Leg 3</p></td></tr><tr><td class=\"confluenceTd\"><p align=\"right\">1</p></td><td class=\"confluenceTd\"><p align=\"right\">56</p></td><td class=\"confluenceTd\"><p align=\"right\">56</p></td><td class=\"confluenceTd\"><p>AN</p></td><td class=\"confluenceTd\"><p>X(1)</p></td><td class=\"confluenceTd\"><p>Leg 3 Required for Scanning-Based Spread Flag</p></td></tr><tr><td class=\"confluenceTd\"><p align=\"right\">6</p></td><td class=\"confluenceTd\"><p align=\"right\">57</p></td><td class=\"confluenceTd\"><p align=\"right\">62</p></td><td class=\"confluenceTd\"><p>AN</p></td><td class=\"confluenceTd\"><p>X(6)</p></td><td class=\"confluenceTd\"><p>Combined Commodity Code Leg 3</p></td></tr><tr><td class=\"confluenceTd\"><p align=\"right\">7</p></td><td class=\"confluenceTd\"><p align=\"right\">63</p></td><td class=\"confluenceTd\"><p align=\"right\">69</p></td><td class=\"confluenceTd\"><p>N</p></td><td class=\"confluenceTd\"><p>9(3)V9(4)</p></td><td class=\"confluenceTd\"><p>Delta/Spread Ratio Leg 3</p></td></tr><tr><td class=\"confluenceTd\"><p align=\"right\">1</p></td><td class=\"confluenceTd\"><p align=\"right\">70</p></td><td class=\"confluenceTd\"><p align=\"right\">70</p></td><td class=\"confluenceTd\"><p>AN</p></td><td class=\"confluenceTd\"><p>X</p></td><td class=\"confluenceTd\"><p>Spread Side Leg 3 (&quot;A&quot;,&quot;B&quot;)</p></td></tr><tr><td class=\"confluenceTd\"><p align=\"right\">3</p></td><td class=\"confluenceTd\"><p align=\"right\">71</p></td><td class=\"confluenceTd\"><p align=\"right\">73</p></td><td class=\"confluenceTd\"><p>AN</p></td><td class=\"confluenceTd\"><p>X(3)</p></td><td class=\"confluenceTd\"><p>Exchange Acronym Leg 4</p></td></tr><tr><td class=\"confluenceTd\"><p align=\"right\">1</p></td><td class=\"confluenceTd\"><p align=\"right\">74</p></td><td class=\"confluenceTd\"><p align=\"right\">74</p></td><td class=\"confluenceTd\"><p>AN</p></td><td class=\"confluenceTd\"><p>X(1)</p></td><td class=\"confluenceTd\"><p>Leg 4 Required for Scanning-Based Spread Flag</p></td></tr><tr><td class=\"confluenceTd\"><p align=\"right\">6</p></td><td class=\"confluenceTd\"><p align=\"right\">75</p></td><td class=\"confluenceTd\"><p align=\"right\">80</p></td><td class=\"confluenceTd\"><p>AN</p></td><td class=\"confluenceTd\"><p>X(6)</p></td><td class=\"confluenceTd\"><p>Combined Commodity Code Leg 4</p></td></tr><tr><td class=\"confluenceTd\"><p align=\"right\">7</p></td><td class=\"confluenceTd\"><p align=\"right\">81</p></td><td class=\"confluenceTd\"><p align=\"right\">87</p></td><td class=\"confluenceTd\"><p>N</p></td><td class=\"confluenceTd\"><p>9(3)V9(4)</p></td><td class=\"confluenceTd\"><p>Delta/Spread Ratio Leg 4</p></td></tr><tr><td class=\"confluenceTd\"><p align=\"right\">1</p></td><td class=\"confluenceTd\"><p align=\"right\">88</p></td><td class=\"confluenceTd\"><p align=\"right\">88</p></td><td class=\"confluenceTd\"><p>AN</p></td><td class=\"confluenceTd\"><p>X</p></td><td class=\"confluenceTd\"><p>Spread Side Leg 4 (&quot;A&quot;,&quot;B&quot;)</p></td></tr><tr><td class=\"confluenceTd\"><p align=\"right\">2</p></td><td class=\"confluenceTd\"><p align=\"right\">89</p></td><td class=\"confluenceTd\"><p align=\"right\">90</p></td><td class=\"confluenceTd\"><p>N</p></td><td class=\"confluenceTd\"><p>9(2)</p></td><td class=\"confluenceTd\"><p>Intercommodity Spread Method Code\u00a0<sup><a href=\"http://www.cme-ch.com/span/spanl316.htm#note5\" class=\"external-link\" rel=\"nofollow\">5</a></sup></p></td></tr><tr><td class=\"confluenceTd\"><p align=\"right\">3</p></td><td class=\"confluenceTd\"><p align=\"right\">91</p></td><td class=\"confluenceTd\"><p align=\"right\">93</p></td><td class=\"confluenceTd\"><p>AN</p></td><td class=\"confluenceTd\"><p>X(3)</p></td><td class=\"confluenceTd\"><p>Method 4: Target Exchange Acronym</p></td></tr><tr><td class=\"confluenceTd\"><p align=\"right\">1</p></td><td class=\"confluenceTd\"><p align=\"right\">94</p></td><td class=\"confluenceTd\"><p align=\"right\">94</p></td><td class=\"confluenceTd\"><p>AN</p></td><td class=\"confluenceTd\"><p>X(1)</p></td><td class=\"confluenceTd\"><p>Method 4:\u00a0 Target Leg Required Flag</p></td></tr><tr><td class=\"confluenceTd\"><p align=\"right\">6</p></td><td class=\"confluenceTd\"><p align=\"right\">95</p></td><td class=\"confluenceTd\"><p align=\"right\">100</p></td><td class=\"confluenceTd\"><p>AN</p></td><td class=\"confluenceTd\"><p>X(6)</p></td><td class=\"confluenceTd\"><p>Method 4: Target Combined Commodity Code</p></td></tr><tr><td class=\"confluenceTd\"><p align=\"right\">1</p></td><td class=\"confluenceTd\"><p align=\"right\">101</p></td><td class=\"confluenceTd\"><p align=\"right\">101</p></td><td class=\"confluenceTd\"><p>AN</p></td><td class=\"confluenceTd\"><p>X(1)</p></td><td class=\"confluenceTd\"><p>Credit Calculation Method: blank or\u00a0<strong>W</strong>\u00a0means regular weighted futures price risk method.\u00a0<strong>F</strong> means a flat credit method \u2013 in this case Spread Credit Rate is treated as dollar amount and decimal point moves two positions to the right (9(5)V9(2)).\u00a0\u00a0</p></td></tr><tr><td class=\"confluenceTd\"><p align=\"right\">2</p></td><td class=\"confluenceTd\"><p align=\"right\">102</p></td><td class=\"confluenceTd\"><p align=\"right\">103</p></td><td class=\"confluenceTd\"><p>N</p></td><td class=\"confluenceTd\"><p>9(2)</p></td><td class=\"confluenceTd\"><p>Tier Number Leg 1</p></td></tr><tr><td class=\"confluenceTd\"><p align=\"right\">2</p></td><td class=\"confluenceTd\"><p align=\"right\">104</p></td><td class=\"confluenceTd\"><p align=\"right\">105</p></td><td class=\"confluenceTd\"><p>N</p></td><td class=\"confluenceTd\"><p>9(2)</p></td><td class=\"confluenceTd\"><p>Tier Number Leg 2</p></td></tr><tr><td class=\"confluenceTd\"><p align=\"right\">2</p></td><td class=\"confluenceTd\"><p align=\"right\">106</p></td><td class=\"confluenceTd\"><p align=\"right\">107</p></td><td class=\"confluenceTd\"><p>N</p></td><td class=\"confluenceTd\"><p>9(2)</p></td><td class=\"confluenceTd\"><p>Tier Number Leg 3</p></td></tr><tr><td class=\"confluenceTd\"><p align=\"right\">2</p></td><td class=\"confluenceTd\"><p align=\"right\">108</p></td><td class=\"confluenceTd\"><p align=\"right\">109</p></td><td class=\"confluenceTd\"><p>N</p></td><td class=\"confluenceTd\"><p>9(2)</p></td><td class=\"confluenceTd\"><p>Tier Number Leg 4</p></td></tr><tr><td class=\"confluenceTd\"><p align=\"right\">1</p></td><td class=\"confluenceTd\"><p align=\"right\">110</p></td><td class=\"confluenceTd\"><p align=\"right\">110</p></td><td class=\"confluenceTd\"><p>AN</p></td><td class=\"confluenceTd\"><p>X(1)</p></td><td class=\"confluenceTd\"><p>Spread Group Flag:\u00a0 blank or\u00a0<strong>N</strong>\u00a0means normal intercommodity or interexchange spread.\u00a0\u00a0<strong>S</strong>\u00a0means super-intercommodity or super-interexchange spread --\u00a0<em>ie</em>, a spread evaluated before rather than after normal intracommodity spreading.</p></td></tr><tr><td class=\"confluenceTd\"><p align=\"right\">7</p></td><td class=\"confluenceTd\"><p align=\"right\">111</p></td><td class=\"confluenceTd\"><p align=\"right\">117</p></td><td class=\"confluenceTd\"><p>N</p></td><td class=\"confluenceTd\"><p>9(3)V9(4)</p></td><td class=\"confluenceTd\"><p>Method 4:\u00a0 Target Leg Delta per Spread Ratio</p></td></tr><tr><td class=\"confluenceTd\"><p align=\"right\">4</p></td><td class=\"confluenceTd\"><p align=\"right\">118</p></td><td class=\"confluenceTd\"><p align=\"right\">121</p></td><td class=\"confluenceTd\"><p>N</p></td><td class=\"confluenceTd\"><p>9(4)</p></td><td class=\"confluenceTd\"><p>Method 4:\u00a0 Minimum Number of Legs Required to Form Spread.\u00a0 If not defined, the default value is two.</p></td></tr><tr><td class=\"confluenceTd\"><p align=\"right\">1</p></td><td class=\"confluenceTd\"><p align=\"right\">122</p></td><td class=\"confluenceTd\"><p align=\"right\">122</p></td><td class=\"confluenceTd\"><p>AN</p></td><td class=\"confluenceTd\"><p>X(1)</p></td><td class=\"confluenceTd\"><p>Spread Credit Rate Defined separately for each leg: blank or\u00a0<strong>N</strong>\u00a0means use the same credit rate for all legs.\u00a0<strong>Y</strong>\u00a0means use separate credit rate for each leg (credit rates defined below)</p></td></tr><tr><td class=\"confluenceTd\"><p align=\"right\">7</p></td><td class=\"confluenceTd\"><p align=\"right\">123</p></td><td class=\"confluenceTd\"><p align=\"right\">129</p></td><td class=\"confluenceTd\"><p>N</p></td><td class=\"confluenceTd\"><p>9(3)V9(4)</p></td><td class=\"confluenceTd\"><p>Spread Credit Rate Leg 1</p></td></tr><tr><td class=\"confluenceTd\"><p align=\"right\">7</p></td><td class=\"confluenceTd\"><p align=\"right\">130</p></td><td class=\"confluenceTd\"><p align=\"right\">136</p></td><td class=\"confluenceTd\"><p>N</p></td><td class=\"confluenceTd\"><p>9(3)V9(4)</p></td><td class=\"confluenceTd\"><p>Spread Credit Rate Leg 2</p></td></tr><tr><td class=\"confluenceTd\"><p align=\"right\">7</p></td><td class=\"confluenceTd\"><p align=\"right\">137</p></td><td class=\"confluenceTd\"><p align=\"right\">143</p></td><td class=\"confluenceTd\"><p>N</p></td><td class=\"confluenceTd\"><p>9(3)V9(4)</p></td><td class=\"confluenceTd\"><p>Spread Credit Rate Leg 3</p></td></tr><tr><td class=\"confluenceTd\"><p align=\"right\">7</p></td><td class=\"confluenceTd\"><p align=\"right\">144</p></td><td class=\"confluenceTd\"><p align=\"right\">150</p></td><td class=\"confluenceTd\"><p>N</p></td><td class=\"confluenceTd\"><p>9(3)V9(4)</p></td><td class=\"confluenceTd\"><p>Spread Credit Rate Leg 4</p></td></tr><tr><td class=\"confluenceTd\">1</td><td class=\"confluenceTd\">151</td><td class=\"confluenceTd\">151</td><td class=\"confluenceTd\">AN</td><td class=\"confluenceTd\">X(1)</td><td class=\"confluenceTd\">Regulatory Status Eligibility Code --\u00a0<strong>N</strong>\u00a0means not eligible for customer-seg positions --\u00a0<em>ie,\u00a0</em>credits cannot be granted for customer accounts for any leg for which positions quality for segregated customer status.\u00a0\u00a0<strong>H</strong>\u00a0means the spread may be evaluated only for house accounts, but not for customer accounts.\u00a0 Any other value means credits can be granted for all legs and without regard to the origin of the account.</td></tr></tbody></table></div><p><strong>Notes:</strong></p><ol><li>This record is used to list the allowable intercommodity spreads for each record type, and to provide parameters for each such spread.</li><li>For a given commodity spread group, the &quot;6&quot; records are sorted in order by spread priority.</li><li>Each &quot;6&quot; record can contain data for up to four legs of a spread. There is no upper bound on the number of legs for a spread. There can be as many &quot;6&quot; records as needed for a particular spread. If a particular spread has more than four legs, the additional &quot;6&quot; record(s) for that spread follow the first one immediately.</li><li>In the expanded file, the spread priority field is 4 bytes wide, and there is no need to keep track of the number of times spread priority &quot;00&quot; has been encountered.</li><li>Currently supported values for intercommodity spread method code are &quot;01&quot;, &quot;02&quot;, &quot;03&quot;, &quot;04&quot;, or &quot;20&quot;. \u00a0 If this field is blank, not present, or contains any value other than these four, &quot;01&quot; is assumed.</li><ul><li>Method &quot;01&quot; is the original method in which spreads are formed on a delta-basis using delta from all months for the combined commodity for each leg.</li><li>Method &quot;02&quot; is the Chicago Board of Trade catastrophic insurance intercommodity spreading. This is a form of tiered intercommodity spreading in which intercommodity spreading is always between corresponding contract months.</li><li>Method &quot;03&quot; is the Chicago Board of Trade / Mid-America Commodity Exchange &quot;crush&quot; intercommodity spread. This is a form of tiered intercommodity spreading in which soybeans spread against soy meal and soy oil for corresponding contract months.</li><li>Method &quot;04&quot; is the &quot;scanning-based spreading&quot; method in which the legs of the spread are scanned together with gains limited by the &quot;gain allowance factor.&quot;</li><li>Method &quot;20&quot; is generic\u00a0<strong>delta-basd tier intercommodity spreading</strong>.</li></ul><li>For any method other than 4, each intercommodity spread must have at least two legs. For method 4, since the target combined commodity functions as a leg, there need only be one spread leg.</li><li>For each leg the Spread Side indicates the relative side of the market for that leg. Possible values are &quot;A&quot; or &quot;B&quot;. In order to form spreads, all &quot;A&quot; legs must be on one side of the market, and all &quot;B&quot; legs on the other side. For example, if an &quot;A&quot; leg has positive remaining delta, then all &quot;A&quot; legs must have positive remaining delta and all &quot;B&quot; legs must have negative remaining delta. If an &quot;A&quot; leg has negative remaining delta, then all &quot;A&quot; legs must have negative remaining delta and all &quot;B&quot; legs must have positive remaining delta. Spreads need not have at least one leg on each side of the market -- same-sided spreads are possible.</li><li>In the expanded format file, the Spread Credit Rate is defined as a percentage out to four decimal places of a percent of precision. There is no need to redefine this field to capture spread credit rates which are not in integer percentages. Similarly, there is no separate &quot;gain allowance factor&quot; for method &quot;4&quot; spreads; this field is used for the Gain Allowance Factor for such spreads.</li><li>Delta per spread ratios can now go out to four decimal digits of precision.</li><li>If any of the legs of a spread are for an exchange which is not part of the exchange complex (clearing organization or cross-margin agreement) for this SPAN file, then this spread is an\u00a0<strong>interexchange</strong>\u00a0spread. Interexchange spreading is a new feature of SPAN first supported in PC-SPAN version 3.12. Only method &quot;1&quot; spreads are supported for interexchange spreads. Spread credit rates for interexchange spreads pertain only to the spread legs which are part of the exchange complex providing the SPAN file.</li><li>If the spread method code is\u00a0<strong>20</strong>\u00a0for generic delta-based tiered intercommodity spreading, then the specific intercommodity spread tier numbers for each leg are provided in bytes 102-109.\u00a0 A tier number of zero means that the spread is formed using delta from all contract months for this combined commodity, while a specific positive tier number means that the spread is formed using delta just from that tier.<br/>\u00a0</li><li>For method &quot;04&quot;, scanning-based, spreads, there is a set of fields which specify for each leg whether that particular leg must be present in the portfolio in order for the spread to be formed.\u00a0 A value of &quot;N&quot; means that leg need not be present, and any other value means that leg must be present.\u00a0 This behavior of scanning-based spreads is different from that of delta-based spreads, where all legs must be present in order for the spread to be formed.<br/><br/>For the target leg, it must be present for the spread to be formed if\u00a0<strong>either</strong>\u00a0(a) the target-leg-required flag is set to 'Y', or (b) the target leg is specified as one of the ordinary legs.<br/><br/>Note that a new delta per spread ratio field for the target leg has been added to the layout.\u00a0 If the target leg is specified as an ordinary leg, then the delta per spread ratio for it may be read either from the regular delta per spread ratio field for that leg, or from the special delta per spread ratio field for the target leg.</li></ol>"
        }
    },
    "status": "current",
    "title": "Type 6 - Expanded",
    "id": "457314509",
    "_links": {
        "editui": "/pages/resumedraft.action?draftId=457314509",
        "webui": "/spaces/pubsub/pages/457314509/Type+6+-+Expanded",
        "edituiv2": "/spaces/pubsub/pages/edit-v2/457314509",
        "tinyui": "/x/zRBCGw",
        "base": "https://cmegroupclientsite.atlassian.net/wiki"
    }
}