{
    "parentId": "457214773",
    "spaceId": "457312811",
    "ownerId": "60653f79352e1e0069fb728f",
    "lastOwnerId": null,
    "createdAt": "2024-12-21T16:43:56.266Z",
    "authorId": "60653f79352e1e0069fb728f",
    "parentType": "page",
    "position": 452765063,
    "version": {
        "number": 1,
        "message": "",
        "minorEdit": false,
        "authorId": "60653f79352e1e0069fb728f",
        "createdAt": "2024-12-21T16:43:57.508Z"
    },
    "body": {
        "export_view": {
            "representation": "export_view",
            "value": "<div class=\"table-wrap\"><table class=\"confluenceTable\"><tbody><tr><th class=\"confluenceTh\">Length</th><th class=\"confluenceTh\">From</th><th class=\"confluenceTh\">To</th><th class=\"confluenceTh\">Datatype</th><th class=\"confluenceTh\">Format</th><th class=\"confluenceTh\">Description and Comments</th></tr><tr><td class=\"confluenceTd\">2</td><td class=\"confluenceTd\">1</td><td class=\"confluenceTd\">2</td><td class=\"confluenceTd\">AN</td><td class=\"confluenceTd\">X(2)</td><td class=\"confluenceTd\">Record ID - &quot;81&quot;</td></tr><tr><td class=\"confluenceTd\">3</td><td class=\"confluenceTd\">3</td><td class=\"confluenceTd\">5</td><td class=\"confluenceTd\">AN</td><td class=\"confluenceTd\">X(3)</td><td class=\"confluenceTd\">Exchange Acronym</td></tr><tr><td class=\"confluenceTd\">12</td><td class=\"confluenceTd\">6</td><td class=\"confluenceTd\">17</td><td class=\"confluenceTd\">AN</td><td class=\"confluenceTd\">X(12)</td><td class=\"confluenceTd\">Commodity (Product) Code</td></tr><tr><td class=\"confluenceTd\">12</td><td class=\"confluenceTd\">18</td><td class=\"confluenceTd\">29</td><td class=\"confluenceTd\">AN</td><td class=\"confluenceTd\">X(12)</td><td class=\"confluenceTd\">Underlying Commodity (Product) Code</td></tr><tr><td class=\"confluenceTd\">5</td><td class=\"confluenceTd\">30</td><td class=\"confluenceTd\">34</td><td class=\"confluenceTd\">AN</td><td class=\"confluenceTd\">X(5)</td><td class=\"confluenceTd\">Product Type Code</td></tr><tr><td class=\"confluenceTd\">1</td><td class=\"confluenceTd\">35</td><td class=\"confluenceTd\">35</td><td class=\"confluenceTd\">AN</td><td class=\"confluenceTd\">X</td><td class=\"confluenceTd\">Option Right Code - for an option only:\u00a0<strong>P</strong>\u00a0for Put or\u00a0<strong>C</strong>\u00a0for Call</td></tr><tr><td class=\"confluenceTd\">6</td><td class=\"confluenceTd\">36</td><td class=\"confluenceTd\">41</td><td class=\"confluenceTd\">N</td><td class=\"confluenceTd\">9(6)</td><td class=\"confluenceTd\">Futures Contract Month as\u00a0<strong>CCYYMM</strong></td></tr><tr><td class=\"confluenceTd\">2</td><td class=\"confluenceTd\">42</td><td class=\"confluenceTd\">43</td><td class=\"confluenceTd\">AN</td><td class=\"confluenceTd\">X(2)</td><td class=\"confluenceTd\">Futures Contract Day or Week Code</td></tr><tr><td class=\"confluenceTd\">1</td><td class=\"confluenceTd\">44</td><td class=\"confluenceTd\">44</td><td class=\"confluenceTd\">-</td><td class=\"confluenceTd\">-</td><td class=\"confluenceTd\">Filler</td></tr><tr><td class=\"confluenceTd\">6</td><td class=\"confluenceTd\">45</td><td class=\"confluenceTd\">50</td><td class=\"confluenceTd\">N</td><td class=\"confluenceTd\">9(6)</td><td class=\"confluenceTd\">Option Contract Month as CCYYMM</td></tr><tr><td class=\"confluenceTd\">2</td><td class=\"confluenceTd\">51</td><td class=\"confluenceTd\">52</td><td class=\"confluenceTd\">AN</td><td class=\"confluenceTd\">X(2)</td><td class=\"confluenceTd\">Option Contract Day or Week Code</td></tr><tr><td class=\"confluenceTd\">1</td><td class=\"confluenceTd\">53</td><td class=\"confluenceTd\">53</td><td class=\"confluenceTd\">-</td><td class=\"confluenceTd\">-</td><td class=\"confluenceTd\">Filler</td></tr><tr><td class=\"confluenceTd\">14</td><td class=\"confluenceTd\">54</td><td class=\"confluenceTd\">67</td><td class=\"confluenceTd\">N</td><td class=\"confluenceTd\">9(14)</td><td class=\"confluenceTd\">Option Strike Price</td></tr><tr><td class=\"confluenceTd\">1</td><td class=\"confluenceTd\">68</td><td class=\"confluenceTd\">68</td><td class=\"confluenceTd\">N</td><td class=\"confluenceTd\">9</td><td class=\"confluenceTd\">Strike Decimal Locator</td></tr><tr><td class=\"confluenceTd\">1</td><td class=\"confluenceTd\">69</td><td class=\"confluenceTd\">69</td><td class=\"confluenceTd\">N</td><td class=\"confluenceTd\">9</td><td class=\"confluenceTd\">Array Value Decimal Locator</td></tr><tr><td class=\"confluenceTd\">8</td><td class=\"confluenceTd\">70</td><td class=\"confluenceTd\">77</td><td class=\"confluenceTd\">N</td><td class=\"confluenceTd\">9(8)</td><td class=\"confluenceTd\">Array Value\u00a0<strong>1</strong>: Futures\u00a0<strong>No Change / Volatility Up</strong><sup><a href=\"http://www.cme-ch.com/span/spanl328.htm#note1\" class=\"external-link\" rel=\"nofollow\">1</a></sup></td></tr><tr><td class=\"confluenceTd\">1</td><td class=\"confluenceTd\">78</td><td class=\"confluenceTd\">78</td><td class=\"confluenceTd\">AN</td><td class=\"confluenceTd\">X</td><td class=\"confluenceTd\">Sign for Array Value 1 (&quot;+&quot; or &quot;-&quot;)</td></tr><tr><td class=\"confluenceTd\">8</td><td class=\"confluenceTd\">79</td><td class=\"confluenceTd\">86</td><td class=\"confluenceTd\">N</td><td class=\"confluenceTd\">9(8)</td><td class=\"confluenceTd\">Array Value\u00a0<strong>2</strong>: Futures\u00a0<strong>No Change / Volatility Down</strong></td></tr><tr><td class=\"confluenceTd\">1</td><td class=\"confluenceTd\">87</td><td class=\"confluenceTd\">87</td><td class=\"confluenceTd\">AN</td><td class=\"confluenceTd\">X</td><td class=\"confluenceTd\">Sign for Array Value 2 (&quot;+&quot; or &quot;-&quot;)</td></tr><tr><td class=\"confluenceTd\">8</td><td class=\"confluenceTd\">88</td><td class=\"confluenceTd\">95</td><td class=\"confluenceTd\">N</td><td class=\"confluenceTd\">9(8)</td><td class=\"confluenceTd\">Array Value\u00a0<strong>3</strong>: Futures\u00a0<strong>Up 1/3 / Volatility Up</strong></td></tr><tr><td class=\"confluenceTd\">1</td><td class=\"confluenceTd\">96</td><td class=\"confluenceTd\">96</td><td class=\"confluenceTd\">AN</td><td class=\"confluenceTd\">X</td><td class=\"confluenceTd\">Sign for Array Value 3 (&quot;+&quot; or &quot;-&quot;)</td></tr><tr><td class=\"confluenceTd\">8</td><td class=\"confluenceTd\">97</td><td class=\"confluenceTd\">104</td><td class=\"confluenceTd\">N</td><td class=\"confluenceTd\">9(8)</td><td class=\"confluenceTd\">Array Value\u00a0<strong>4</strong>: Futures\u00a0<strong>Up 1/3 / Volatility Down</strong></td></tr><tr><td class=\"confluenceTd\">1</td><td class=\"confluenceTd\">105</td><td class=\"confluenceTd\">105</td><td class=\"confluenceTd\">AN</td><td class=\"confluenceTd\">X</td><td class=\"confluenceTd\">Sign for Array Value 4 (&quot;+&quot; or &quot;-&quot;)</td></tr><tr><td class=\"confluenceTd\">8</td><td class=\"confluenceTd\">106</td><td class=\"confluenceTd\">113</td><td class=\"confluenceTd\">N</td><td class=\"confluenceTd\">9(8)</td><td class=\"confluenceTd\">Array Value\u00a0<strong>5</strong>: Futures\u00a0<strong>Down 1/3 / Volatility Up</strong></td></tr><tr><td class=\"confluenceTd\">1</td><td class=\"confluenceTd\">114</td><td class=\"confluenceTd\">114</td><td class=\"confluenceTd\">AN</td><td class=\"confluenceTd\">X</td><td class=\"confluenceTd\">Sign for Array Value 5 (&quot;+&quot; or &quot;-&quot;)</td></tr><tr><td class=\"confluenceTd\">8</td><td class=\"confluenceTd\">115</td><td class=\"confluenceTd\">122</td><td class=\"confluenceTd\">N</td><td class=\"confluenceTd\">9(8)</td><td class=\"confluenceTd\">Array Value\u00a0<strong>6</strong>: Futures\u00a0<strong>Down 1/3 / Volatility Down</strong></td></tr><tr><td class=\"confluenceTd\">1</td><td class=\"confluenceTd\">123</td><td class=\"confluenceTd\">123</td><td class=\"confluenceTd\">AN</td><td class=\"confluenceTd\">X</td><td class=\"confluenceTd\">Sign for Array Value 6 (&quot;+&quot; or &quot;-&quot;)</td></tr><tr><td class=\"confluenceTd\">8</td><td class=\"confluenceTd\">124</td><td class=\"confluenceTd\">131</td><td class=\"confluenceTd\">N</td><td class=\"confluenceTd\">9(8)</td><td class=\"confluenceTd\">Array Value\u00a0<strong>7</strong>: Futures\u00a0<strong>Up 2/3 / Volatility Up</strong></td></tr><tr><td class=\"confluenceTd\">1</td><td class=\"confluenceTd\">132</td><td class=\"confluenceTd\">132</td><td class=\"confluenceTd\">AN</td><td class=\"confluenceTd\">X</td><td class=\"confluenceTd\">Sign for Array Value 7 (&quot;+&quot; or &quot;-&quot;)</td></tr></tbody></table></div><p><span class=\"legacy-color-text-default\">\u00a0</span></p><hr/><h4 id=\"Type8-ParisExpanded-Type&quot;82&quot;record-SecondPhysicalrecord-ParisExpandedFormat\">Type &quot;82&quot; record - Second Physical record - Paris Expanded Format</h4><p /><div class=\"table-wrap\"><table class=\"confluenceTable\"><tbody><tr><th class=\"confluenceTh\">Length</th><th class=\"confluenceTh\">From</th><th class=\"confluenceTh\">To</th><th class=\"confluenceTh\">Datatype</th><th class=\"confluenceTh\">Format</th><th class=\"confluenceTh\">Description and Comments</th></tr><tr><td class=\"confluenceTd\">2</td><td class=\"confluenceTd\">1</td><td class=\"confluenceTd\">2</td><td class=\"confluenceTd\">AN</td><td class=\"confluenceTd\">X(2)</td><td class=\"confluenceTd\">Record ID - &quot;82&quot;</td></tr><tr><td class=\"confluenceTd\">3</td><td class=\"confluenceTd\">3</td><td class=\"confluenceTd\">5</td><td class=\"confluenceTd\">AN</td><td class=\"confluenceTd\">X(3)</td><td class=\"confluenceTd\">Exchange Acronym</td></tr><tr><td class=\"confluenceTd\">12</td><td class=\"confluenceTd\">6</td><td class=\"confluenceTd\">17</td><td class=\"confluenceTd\">AN</td><td class=\"confluenceTd\">X(12)</td><td class=\"confluenceTd\">Commodity (Product) Code</td></tr><tr><td class=\"confluenceTd\">12</td><td class=\"confluenceTd\">18</td><td class=\"confluenceTd\">29</td><td class=\"confluenceTd\">AN</td><td class=\"confluenceTd\">X(12)</td><td class=\"confluenceTd\">Underlying Commodity (Product) Code</td></tr><tr><td class=\"confluenceTd\">5</td><td class=\"confluenceTd\">30</td><td class=\"confluenceTd\">34</td><td class=\"confluenceTd\">AN</td><td class=\"confluenceTd\">X(5)</td><td class=\"confluenceTd\">Product Type Code</td></tr><tr><td class=\"confluenceTd\">1</td><td class=\"confluenceTd\">35</td><td class=\"confluenceTd\">35</td><td class=\"confluenceTd\">AN</td><td class=\"confluenceTd\">X</td><td class=\"confluenceTd\">Option Right Code - for an option only:\u00a0<strong>P</strong>\u00a0for Put or\u00a0<strong>C</strong>\u00a0for Call</td></tr><tr><td class=\"confluenceTd\">6</td><td class=\"confluenceTd\">36</td><td class=\"confluenceTd\">41</td><td class=\"confluenceTd\">N</td><td class=\"confluenceTd\">9(6)</td><td class=\"confluenceTd\">Futures Contract Month as\u00a0<strong>CCYYMM</strong></td></tr><tr><td class=\"confluenceTd\">2</td><td class=\"confluenceTd\">42</td><td class=\"confluenceTd\">43</td><td class=\"confluenceTd\">AN</td><td class=\"confluenceTd\">X(2)</td><td class=\"confluenceTd\">Futures Contract Day or Week Code</td></tr><tr><td class=\"confluenceTd\">1</td><td class=\"confluenceTd\">44</td><td class=\"confluenceTd\">44</td><td class=\"confluenceTd\">-</td><td class=\"confluenceTd\">-</td><td class=\"confluenceTd\">Filler</td></tr><tr><td class=\"confluenceTd\">6</td><td class=\"confluenceTd\">45</td><td class=\"confluenceTd\">50</td><td class=\"confluenceTd\">N</td><td class=\"confluenceTd\">9(6)</td><td class=\"confluenceTd\">Option Contract Month as CCYYMM</td></tr><tr><td class=\"confluenceTd\">2</td><td class=\"confluenceTd\">51</td><td class=\"confluenceTd\">52</td><td class=\"confluenceTd\">AN</td><td class=\"confluenceTd\">X(2)</td><td class=\"confluenceTd\">Option Contract Day or Week Code</td></tr><tr><td class=\"confluenceTd\">1</td><td class=\"confluenceTd\">53</td><td class=\"confluenceTd\">53</td><td class=\"confluenceTd\">-</td><td class=\"confluenceTd\">-</td><td class=\"confluenceTd\">Filler</td></tr><tr><td class=\"confluenceTd\">14</td><td class=\"confluenceTd\">54</td><td class=\"confluenceTd\">67</td><td class=\"confluenceTd\">N</td><td class=\"confluenceTd\">9(14)</td><td class=\"confluenceTd\">Option Strike Price</td></tr><tr><td class=\"confluenceTd\">1</td><td class=\"confluenceTd\">68</td><td class=\"confluenceTd\">68</td><td class=\"confluenceTd\">N</td><td class=\"confluenceTd\">9</td><td class=\"confluenceTd\">Strike Decimal Locator</td></tr><tr><td class=\"confluenceTd\">1</td><td class=\"confluenceTd\">69</td><td class=\"confluenceTd\">69</td><td class=\"confluenceTd\">N</td><td class=\"confluenceTd\">9</td><td class=\"confluenceTd\">Array Value Decimal Locator</td></tr><tr><td class=\"confluenceTd\">8</td><td class=\"confluenceTd\">70</td><td class=\"confluenceTd\">77</td><td class=\"confluenceTd\">N</td><td class=\"confluenceTd\">9(8)</td><td class=\"confluenceTd\">Array Value\u00a0<strong>8</strong>: Futures\u00a0<strong>Up 2/3 / Volatility Down</strong></td></tr><tr><td class=\"confluenceTd\">1</td><td class=\"confluenceTd\">78</td><td class=\"confluenceTd\">78</td><td class=\"confluenceTd\">AN</td><td class=\"confluenceTd\">X</td><td class=\"confluenceTd\">Sign for Array Value 8 (&quot;+&quot; or &quot;-&quot;)</td></tr><tr><td class=\"confluenceTd\">8</td><td class=\"confluenceTd\">79</td><td class=\"confluenceTd\">86</td><td class=\"confluenceTd\">N</td><td class=\"confluenceTd\">9(8)</td><td class=\"confluenceTd\">Array Value\u00a0<strong>9</strong>: Futures\u00a0<strong>Down 2/3 / Volatility Up</strong></td></tr><tr><td class=\"confluenceTd\">1</td><td class=\"confluenceTd\">87</td><td class=\"confluenceTd\">87</td><td class=\"confluenceTd\">AN</td><td class=\"confluenceTd\">X</td><td class=\"confluenceTd\">Sign for Array Value 9 (&quot;+&quot; or &quot;-&quot;)</td></tr><tr><td class=\"confluenceTd\">8</td><td class=\"confluenceTd\">88</td><td class=\"confluenceTd\">95</td><td class=\"confluenceTd\">N</td><td class=\"confluenceTd\">9(8)</td><td class=\"confluenceTd\">Array Value\u00a0<strong>10</strong>: Futures\u00a0<strong>Down 2/3 / Volatility Down</strong></td></tr><tr><td class=\"confluenceTd\">1</td><td class=\"confluenceTd\">96</td><td class=\"confluenceTd\">96</td><td class=\"confluenceTd\">AN</td><td class=\"confluenceTd\">X</td><td class=\"confluenceTd\">Sign for Array Value 10 (&quot;+&quot; or &quot;-&quot;)</td></tr><tr><td class=\"confluenceTd\">8</td><td class=\"confluenceTd\">97</td><td class=\"confluenceTd\">104</td><td class=\"confluenceTd\">N</td><td class=\"confluenceTd\">9(8)</td><td class=\"confluenceTd\">Array Value\u00a0<strong>11</strong>: Futures\u00a0<strong>Up 3/3 / Volatility Up</strong></td></tr><tr><td class=\"confluenceTd\">1</td><td class=\"confluenceTd\">105</td><td class=\"confluenceTd\">105</td><td class=\"confluenceTd\">AN</td><td class=\"confluenceTd\">X</td><td class=\"confluenceTd\">Sign for Array Value 11 (&quot;+&quot; or &quot;-&quot;)</td></tr><tr><td class=\"confluenceTd\">8</td><td class=\"confluenceTd\">106</td><td class=\"confluenceTd\">113</td><td class=\"confluenceTd\">N</td><td class=\"confluenceTd\">9(8)</td><td class=\"confluenceTd\">Array Value\u00a0<strong>12</strong>: Futures\u00a0<strong>Up 3/3 / Volatility Down</strong></td></tr><tr><td class=\"confluenceTd\">1</td><td class=\"confluenceTd\">114</td><td class=\"confluenceTd\">114</td><td class=\"confluenceTd\">AN</td><td class=\"confluenceTd\">X</td><td class=\"confluenceTd\">Sign for Array Value 12 (&quot;+&quot; or &quot;-&quot;)</td></tr><tr><td class=\"confluenceTd\">8</td><td class=\"confluenceTd\">115</td><td class=\"confluenceTd\">122</td><td class=\"confluenceTd\">N</td><td class=\"confluenceTd\">9(8)</td><td class=\"confluenceTd\">Array Value\u00a0<strong>13</strong>: Futures\u00a0<strong>Down 3/3 / Volatility Up</strong></td></tr><tr><td class=\"confluenceTd\">1</td><td class=\"confluenceTd\">123</td><td class=\"confluenceTd\">123</td><td class=\"confluenceTd\">AN</td><td class=\"confluenceTd\">X</td><td class=\"confluenceTd\">Sign for Array Value 13 (&quot;+&quot; or &quot;-&quot;)</td></tr><tr><td class=\"confluenceTd\">8</td><td class=\"confluenceTd\">124</td><td class=\"confluenceTd\">131</td><td class=\"confluenceTd\">N</td><td class=\"confluenceTd\">9(8)</td><td class=\"confluenceTd\">Array Value\u00a0<strong>14</strong>: Futures\u00a0<strong>Down 3/3 / Volatility Down</strong></td></tr><tr><td class=\"confluenceTd\">1</td><td class=\"confluenceTd\">132</td><td class=\"confluenceTd\">132</td><td class=\"confluenceTd\">AN</td><td class=\"confluenceTd\">X</td><td class=\"confluenceTd\">Sign for Array Value 14 (&quot;+&quot; or &quot;-&quot;)</td></tr></tbody></table></div><p><span class=\"legacy-color-text-default\">\u00a0</span></p><hr/><h4 id=\"Type8-ParisExpanded-Type&quot;83&quot;record-ThirdPhysicalrecord-ParisExpandedFormat\">Type &quot;83&quot; record - Third Physical record - Paris Expanded Format</h4><p /><div class=\"table-wrap\"><table class=\"confluenceTable\"><tbody><tr><th class=\"confluenceTh\">Length</th><th class=\"confluenceTh\">From</th><th class=\"confluenceTh\">To</th><th class=\"confluenceTh\">Datatype</th><th class=\"confluenceTh\">Format</th><th class=\"confluenceTh\">Description and Comments</th></tr><tr><td class=\"confluenceTd\">2</td><td class=\"confluenceTd\">1</td><td class=\"confluenceTd\">2</td><td class=\"confluenceTd\">AN</td><td class=\"confluenceTd\">X(2)</td><td class=\"confluenceTd\">Record ID - &quot;83&quot;</td></tr><tr><td class=\"confluenceTd\">3</td><td class=\"confluenceTd\">3</td><td class=\"confluenceTd\">5</td><td class=\"confluenceTd\">AN</td><td class=\"confluenceTd\">X(3)</td><td class=\"confluenceTd\">Exchange Acronym</td></tr><tr><td class=\"confluenceTd\">12</td><td class=\"confluenceTd\">6</td><td class=\"confluenceTd\">17</td><td class=\"confluenceTd\">AN</td><td class=\"confluenceTd\">X(12)</td><td class=\"confluenceTd\">Commodity (Product) Code</td></tr><tr><td class=\"confluenceTd\">12</td><td class=\"confluenceTd\">18</td><td class=\"confluenceTd\">29</td><td class=\"confluenceTd\">AN</td><td class=\"confluenceTd\">X(12)</td><td class=\"confluenceTd\">Underlying Commodity (Product) Code</td></tr><tr><td class=\"confluenceTd\">5</td><td class=\"confluenceTd\">30</td><td class=\"confluenceTd\">34</td><td class=\"confluenceTd\">AN</td><td class=\"confluenceTd\">X(5)</td><td class=\"confluenceTd\">Product Type Code</td></tr><tr><td class=\"confluenceTd\">1</td><td class=\"confluenceTd\">35</td><td class=\"confluenceTd\">35</td><td class=\"confluenceTd\">AN</td><td class=\"confluenceTd\">X</td><td class=\"confluenceTd\">Option Right Code - for an option only:\u00a0<strong>P</strong>\u00a0for Put or\u00a0<strong>C</strong>\u00a0for Call</td></tr><tr><td class=\"confluenceTd\">6</td><td class=\"confluenceTd\">36</td><td class=\"confluenceTd\">41</td><td class=\"confluenceTd\">N</td><td class=\"confluenceTd\">9(6)</td><td class=\"confluenceTd\">Futures Contract Month as\u00a0<strong>CCYYMM</strong></td></tr><tr><td class=\"confluenceTd\">2</td><td class=\"confluenceTd\">42</td><td class=\"confluenceTd\">43</td><td class=\"confluenceTd\">AN</td><td class=\"confluenceTd\">X(2)</td><td class=\"confluenceTd\">Futures Contract Day or Week Code</td></tr><tr><td class=\"confluenceTd\">1</td><td class=\"confluenceTd\">44</td><td class=\"confluenceTd\">44</td><td class=\"confluenceTd\">-</td><td class=\"confluenceTd\">-</td><td class=\"confluenceTd\">Filler</td></tr><tr><td class=\"confluenceTd\">6</td><td class=\"confluenceTd\">45</td><td class=\"confluenceTd\">50</td><td class=\"confluenceTd\">N</td><td class=\"confluenceTd\">9(6)</td><td class=\"confluenceTd\">Option Contract Month as CCYYMM</td></tr><tr><td class=\"confluenceTd\">2</td><td class=\"confluenceTd\">51</td><td class=\"confluenceTd\">52</td><td class=\"confluenceTd\">AN</td><td class=\"confluenceTd\">X(2)</td><td class=\"confluenceTd\">Option Contract Day or Week Code</td></tr><tr><td class=\"confluenceTd\">1</td><td class=\"confluenceTd\">53</td><td class=\"confluenceTd\">53</td><td class=\"confluenceTd\">-</td><td class=\"confluenceTd\">-</td><td class=\"confluenceTd\">Filler</td></tr><tr><td class=\"confluenceTd\">14</td><td class=\"confluenceTd\">54</td><td class=\"confluenceTd\">67</td><td class=\"confluenceTd\">N</td><td class=\"confluenceTd\">9(14)</td><td class=\"confluenceTd\">Option Strike Price</td></tr><tr><td class=\"confluenceTd\">1</td><td class=\"confluenceTd\">68</td><td class=\"confluenceTd\">68</td><td class=\"confluenceTd\">N</td><td class=\"confluenceTd\">9</td><td class=\"confluenceTd\">Strike Decimal Locator</td></tr><tr><td class=\"confluenceTd\">1</td><td class=\"confluenceTd\">69</td><td class=\"confluenceTd\">69</td><td class=\"confluenceTd\">N</td><td class=\"confluenceTd\">9</td><td class=\"confluenceTd\">Array Value Decimal Locator</td></tr><tr><td class=\"confluenceTd\">8</td><td class=\"confluenceTd\">70</td><td class=\"confluenceTd\">77</td><td class=\"confluenceTd\">N</td><td class=\"confluenceTd\">9(8)</td><td class=\"confluenceTd\">Array Value\u00a0<strong>15</strong>: Futures\u00a0<strong>Up Extreme - Cover Fraction</strong></td></tr><tr><td class=\"confluenceTd\">1</td><td class=\"confluenceTd\">78</td><td class=\"confluenceTd\">78</td><td class=\"confluenceTd\">AN</td><td class=\"confluenceTd\">X</td><td class=\"confluenceTd\">Sign for Array Value 15 (&quot;+&quot; or &quot;-&quot;)</td></tr><tr><td class=\"confluenceTd\">8</td><td class=\"confluenceTd\">79</td><td class=\"confluenceTd\">86</td><td class=\"confluenceTd\">N</td><td class=\"confluenceTd\">9(8)</td><td class=\"confluenceTd\">Array Value\u00a0<strong>16</strong>: Futures\u00a0<strong>Down Extreme - Cover Fraction</strong></td></tr><tr><td class=\"confluenceTd\">1</td><td class=\"confluenceTd\">87</td><td class=\"confluenceTd\">87</td><td class=\"confluenceTd\">AN</td><td class=\"confluenceTd\">X</td><td class=\"confluenceTd\">Sign for Array Value 16 (&quot;+&quot; or &quot;-&quot;)</td></tr><tr><td class=\"confluenceTd\">5</td><td class=\"confluenceTd\">88</td><td class=\"confluenceTd\">92</td><td class=\"confluenceTd\">N</td><td class=\"confluenceTd\">9(5)</td><td class=\"confluenceTd\">Composite Delta</td></tr><tr><td class=\"confluenceTd\">1</td><td class=\"confluenceTd\">93</td><td class=\"confluenceTd\">93</td><td class=\"confluenceTd\">AN</td><td class=\"confluenceTd\">X</td><td class=\"confluenceTd\">Sign for Composite Delta (&quot;+&quot; or &quot;-&quot;)</td></tr><tr><td class=\"confluenceTd\">1</td><td class=\"confluenceTd\">94</td><td class=\"confluenceTd\">94</td><td class=\"confluenceTd\">N</td><td class=\"confluenceTd\">9</td><td class=\"confluenceTd\">Composite Delta Decimal Locator</td></tr><tr><td class=\"confluenceTd\">8</td><td class=\"confluenceTd\">95</td><td class=\"confluenceTd\">102</td><td class=\"confluenceTd\">N</td><td class=\"confluenceTd\">9(8)</td><td class=\"confluenceTd\">Implied Volatility as decimal fraction</td></tr><tr><td class=\"confluenceTd\">1</td><td class=\"confluenceTd\">103</td><td class=\"confluenceTd\">103</td><td class=\"confluenceTd\">N</td><td class=\"confluenceTd\">9</td><td class=\"confluenceTd\">Implied Volatility Decimal Locator</td></tr><tr><td class=\"confluenceTd\">14</td><td class=\"confluenceTd\">104</td><td class=\"confluenceTd\">117</td><td class=\"confluenceTd\">N</td><td class=\"confluenceTd\">9(14)</td><td class=\"confluenceTd\">Settlement Price</td></tr><tr><td class=\"confluenceTd\">1</td><td class=\"confluenceTd\">118</td><td class=\"confluenceTd\">118</td><td class=\"confluenceTd\">AN</td><td class=\"confluenceTd\">X</td><td class=\"confluenceTd\">Sign for Settlement Price (blank, &quot;+&quot; or &quot;-&quot;)</td></tr><tr><td class=\"confluenceTd\">1</td><td class=\"confluenceTd\">119</td><td class=\"confluenceTd\">119</td><td class=\"confluenceTd\">N</td><td class=\"confluenceTd\">9</td><td class=\"confluenceTd\">Settlement Price Decimal Locator</td></tr><tr><td class=\"confluenceTd\">11</td><td class=\"confluenceTd\">120</td><td class=\"confluenceTd\">130</td><td class=\"confluenceTd\">N</td><td class=\"confluenceTd\">9(11)</td><td class=\"confluenceTd\">Contract Value Factor (Multiplier)</td></tr><tr><td class=\"confluenceTd\">1</td><td class=\"confluenceTd\">131</td><td class=\"confluenceTd\">131</td><td class=\"confluenceTd\">N</td><td class=\"confluenceTd\">9</td><td class=\"confluenceTd\">Contract Value Factor Decimal Locator</td></tr><tr><td class=\"confluenceTd\">1</td><td class=\"confluenceTd\">132</td><td class=\"confluenceTd\">132</td><td class=\"confluenceTd\">-</td><td class=\"confluenceTd\">-</td><td class=\"confluenceTd\">Filler</td></tr></tbody></table></div><p><span class=\"legacy-color-text-default\">\u00a0</span></p><hr/><p><strong>Notes:</strong></p><p /><ol><li>By convention, a\u00a0<strong>positive</strong>\u00a0risk array value represents a\u00a0<strong>loss</strong>\u00a0for a\u00a0<strong>single long position</strong>, and a\u00a0<strong>negative</strong>\u00a0risk array value represents a\u00a0<strong>gain</strong>\u00a0for a\u00a0<strong>single long position</strong>. &quot;Long&quot; in this context means long the instrument, not the market; a long put is a long position.</li></ol>"
        }
    },
    "status": "current",
    "title": "Type 8 - Paris Expanded",
    "id": "457314428",
    "_links": {
        "editui": "/pages/resumedraft.action?draftId=457314428",
        "webui": "/spaces/pubsub/pages/457314428/Type+8+-+Paris+Expanded",
        "edituiv2": "/spaces/pubsub/pages/edit-v2/457314428",
        "tinyui": "/x/fBBCGw",
        "base": "https://cmegroupclientsite.atlassian.net/wiki"
    }
}