{
    "parentId": "457411024",
    "spaceId": "457312811",
    "ownerId": "60653f79352e1e0069fb728f",
    "lastOwnerId": null,
    "createdAt": "2024-12-21T16:42:31.368Z",
    "authorId": "60653f79352e1e0069fb728f",
    "parentType": "page",
    "version": {
        "number": 1,
        "message": "",
        "minorEdit": false,
        "authorId": "60653f79352e1e0069fb728f",
        "createdAt": "2024-12-21T16:42:32.625Z"
    },
    "position": 91552398,
    "status": "current",
    "body": {
        "export_view": {
            "representation": "export_view",
            "value": "<h3 id=\"UserTips-UsingtheToolsMenu\">Using the Tools Menu</h3><p>From the\u00a0<strong>Tools</strong>\u00a0menu, you can select either the\u00a0<strong>Organization Master</strong>\u00a0maintenance dialog, or the\u00a0<strong>Preferences</strong>\u00a0dialog.\u00a0 The\u00a0<strong>Organization Master</strong>\u00a0is the PC-SPAN 4 equivalent of previous versions' screens for maintaining master data.\u00a0\u00a0 The\u00a0<strong>Preferences</strong>\u00a0dialog is the equivalent of previous versions' screen for maintaining overall system parameters.</p><h3 id=\"UserTips-MaintainingtheOrganizationMaster\">Maintaining the Organization Master</h3><p>The Organization Master dialog allows you to view and/or maintain the data contained in the Organization Master file.\u00a0 This consists of master definitions for:</p><ul><li>Segregation Types</li><li>Account Types</li><li><strong>Clearing Organizations</strong>, and for each, their\u00a0<strong>Exchanges\u00a0</strong>and\u00a0<strong>Products</strong></li><li>Other\u00a0<strong>Business Functions</strong>\u00a0(such as particular cross-margin agreements) and, for each, the\u00a0<strong>clearing organizations</strong>,\u00a0<strong>exchanges,</strong>\u00a0and\u00a0<strong>products</strong>\u00a0which participate in those business functions.</li><li><strong>Currencies</strong></li></ul><p>The Organization Master dialog uses a standard tree view to allow you to browse among the various elements of master data, and to select particular ones to display.\u00a0\u00a0<strong>To modify any particular entity</strong>, double click on it to bring up the dialog box associated with that entity.</p><p>Organization master data is contained in a file named\u00a0<strong>OrgMast.mst</strong>.\u00a0 This is the equivalent of previous versions' master files.\u00a0 As changes are made to the Organization Master data -- for example, exchanges launch new products or new exchanges adopt SPAN - you can either maintain the Organization Master data yourself, or you can download the updated file from the CME's SPAN Pages on the Internet.</p><h3 id=\"UserTips-MaintainingPreferences\">Maintaining Preferences</h3><p>The\u00a0<strong>Preferences</strong>\u00a0dialog box has two tabbed sections --\u00a0<strong>General Parameters</strong>\u00a0and\u00a0<strong>Calculation Parameters</strong>.</p><p>The\u00a0<strong>General Parameters</strong>\u00a0section allows you to specify:</p><ul><li>The\u00a0<strong>SPAN File Directory</strong>\u00a0--\u00a0<em>ie</em>, the default location where PC-SPAN version 4 looks for SPAN risk parameter files to load.</li><li>The\u00a0<strong>SPAN Document Directory</strong>\u00a0--\u00a0<em>ie,\u00a0</em>the default location where PC-SPAN will save SPAN documents.</li><li>The\u00a0<strong>Organization Master File</strong>\u00a0--\u00a0<em>ie</em>, the full path and file name for the the Organization Master file.</li><li>The\u00a0<strong>SPAN Report Module</strong>\u00a0and the\u00a0<strong>SPAN Documentation Module</strong>\u00a0--\u00a0<em>ie,\u00a0</em>the full path and file name for the main page for each of these two modules.</li><li>For\u00a0<strong>Parameter File Loading</strong>, two check boxes which allow you to:<br/><ul><li>specify that products &quot;marked for skipping&quot; in the Organization Master File, are to be ignored when SPAN files are loaded.\u00a0 If you are always interested in only a specific subset of products for a particular exchange complex, you can use this feature to load only those products.</li><li>specify that products in SPAN files which have prices equal to zero, are to be ignored when those files are loaded.</li></ul></li></ul><p>Generally, you would leave all of these parameters at their default values, with one exception:\u00a0 if you have installed PC-SPAN version 4 on a PC where you also have a copy of version 3, you may wish to change to the SPAN File Directory to\u00a0<strong>c:\\span\\data</strong>, the default value for the version 3 &quot;data file directory.&quot;\u00a0 Doing this will make it easy to load SPAN risk parameter files into either version 3 or version 4.</p><p>The\u00a0<strong>Calculation Parameters</strong>\u00a0section allows you to specify currency conversion parameters and logging parameters.</p><p><strong>Currency conversion parameters</strong>\u00a0allow you to specify how PC-SPAN does currency conversions:</p><ul><li>The\u00a0<strong>native currency</strong>\u00a0is the default value for portfolio currency.\u00a0 For example, if most or all of the time you want the overall requirement for each portfolio to be denominated in Canadian Dollars, change the native currency to\u00a0<strong>CAD</strong>.</li><li>The\u00a0<strong>conversion currency\u00a0</strong>is the single currency through which &quot;cross-rate&quot; currency conversion are done.<br/>For example, suppose the performance bond currency for a combined commodity in a portfolio is CAD, the portfolio currency for that portfolio is GBP, and the conversion currency is USD.\u00a0 The CAD-denominated performance bond requirement for the combined commodity will first be converted to USD, and then from USD to GBP.</li><li>The\u00a0<strong>To Convert to Native Currency\u00a0</strong>fields allow you to specify how PC-SPAN should obtain the conversion rate from the conversion currency to the native currency.\u00a0 Either:<br/><ul><li>Select\u00a0<strong>Use Rate from SPAN File</strong>\u00a0to select this currency conversion rate contained in the SPAN\u00a0file for the\u00a0exchange complex in which this combined commodity is contained.</li><li>Select\u00a0<strong>Use This Rate</strong>\u00a0and enter the desired conversion rate if you prefer to specify this rate yourself.</li></ul></li></ul><p>The\u00a0<strong>logging parameters</strong>\u00a0allow you to specify what events get logged:</p><ul><li>The\u00a0<strong>Log What</strong>\u00a0radio buttons allows you to specify which processes are logged, and at what level of detail.\u00a0 PC-SPAN version 4 always logs unusual events which occur during risk parameter file loading and position file loading.\u00a0 However, you can choose whether in addition you want to log the performance bond calculation, and if so, to choose between two levels of detail.</li><li>The\u00a0<strong>Severity</strong>\u00a0radio buttons allow you to specify how errors and warnings which may occur during the performance bond calculation should be treated, even if you aren't logging the calculations.\u00a0 If so, you can choose to have either errors logged, or both errors and warnings logged.</li></ul>"
        }
    },
    "title": "User Tips",
    "id": "457313493",
    "_links": {
        "editui": "/pages/resumedraft.action?draftId=457313493",
        "webui": "/spaces/pubsub/pages/457313493/User+Tips",
        "edituiv2": "/spaces/pubsub/pages/edit-v2/457313493",
        "tinyui": "/x/1QxCGw",
        "base": "https://cmegroupclientsite.atlassian.net/wiki"
    }
}