{
    "data": [
        {
            "type": "heading",
            "text": "Combined Commodities"
        },
        {
            "type": "heading",
            "text": "Comb Comm:Combined Commodity"
        },
        {
            "type": "heading",
            "text": "Name:The name of the Combined Commodity"
        },
        {
            "type": "heading",
            "text": "Group:Shows the Exchange Complex under which the Combined Commodity falls."
        },
        {
            "type": "heading",
            "text": "Cur:Gives the margining currency for each Combined Commodity"
        },
        {
            "type": "heading",
            "text": "Risk Exp.:Risk Exponent"
        },
        {
            "type": "heading",
            "text": "Limits on Avail NOV:Limits on Available Net Option Value"
        },
        {
            "type": "heading",
            "text": "Process Meth:The Process Method defines the manner in which Span performs scanning risk for a Combined Commodity."
        },
        {
            "type": "heading",
            "text": "WPR:The Weighted Price Risk Method calculation determines the amount of Intercommodity Spread offsets available, either by per delta or per scan range amount.\u00a0 The WPR Method can be calculated by one of three ways:\u00a0 Normal, Scan Range or Scan Range Cap Method."
        },
        {
            "type": "heading",
            "text": "Spot Method:The Spot Method is a method that allows Span to assess a charge that covers the additional risk associated with contracts in the spot month (nearing expiration).\u00a0 The Spot Method is calculated by one of three methods:\u00a0 Normal, Gross or Basis."
        },
        {
            "type": "heading",
            "text": "SOM Method:\u00a0 SPAN utilizes a Short Option Minimum charge to cover the risk associated with deep out-of-the-money short options.\u00a0 The Short Option Minimum sets a floor level risk requirement for a short option in every Combined Commodity.\u00a0 For example, if the Short Option Minimum for EC is $40, then a portfolio that is short 20 EC put options will have a minimum performance bond requirement of $800."
        },
        {
            "type": "heading",
            "text": "Combo Method:"
        },
        {
            "type": "confluence_tables",
            "text": []
        }
    ],
    "page_id": "457313720",
    "child_page_ids": []
}