{
    "parentId": "457083133",
    "ownerId": "60653f79352e1e0069fb728f",
    "lastOwnerId": null,
    "createdAt": "2024-12-21T16:42:55.124Z",
    "authorId": "60653f79352e1e0069fb728f",
    "parentType": "page",
    "position": 403444079,
    "version": {
        "number": 1,
        "message": "",
        "minorEdit": false,
        "authorId": "60653f79352e1e0069fb728f",
        "createdAt": "2024-12-21T16:42:56.235Z"
    },
    "body": {
        "export_view": {
            "representation": "export_view",
            "value": "<div class=\"rptHeader\"><p>This report shows the end-calculation of each component used to derive the PB Requirement.\u00a0\u00a0 The upper portion of the report gives a general overview of the Total Requirements, while the lower portion give a more detailed view of requirements overall, per Exchange Complex and per Combined Commodity. \u00a0\u00a0</p><p><strong>Overall for Portfolio:\u00a0 </strong>The portfolio's total equity broken down by Ledger Balance, Open Trade Equity and Securities on Deposit</p><p><strong>Core Maintenance Requirement/Total Requirement:\u00a0\u00a0\u00a0 </strong>Equal to the Span Maintenance Requirement less the Available Net Option Value</p><p><strong>Excess Over (Deficit Under):\u00a0 </strong>(Net Liquidating Value + Securities) - (Maintenance Span Requirement)\u00a0</p><p><strong>Core Initial Requirement/Total Requirement:\u00a0\u00a0\u00a0 </strong>Equal to the Span Initial Requirement less the Available Net Option Value</p><p><strong>Excess Over (Deficit Under):\u00a0 </strong>(Net Liquidating Value + Securities) - (Initial Span Requirement)\u00a0</p><p><strong>Net Liquidating Value + Securities:</strong>\u00a0 Total Equity plus Available Net Option Value</p><p>The lower portion of the report contains the Overall Long and Short Option Values, Overall Maintenance and Initial Requirements, and Requirements per Exchange and Combined Commodity.\u00a0 These elements are further broken down by the actual Span Requirement, the Average Net option Value, Scan Risk /Risk Scenario, Intra-commodity Charge, Spot Charge, Inter-commodity Credit/Delta Remaining, Inter-Exchange Credit and Short Option Minimum.</p><p><strong>Level:</strong>\u00a0\u00a0\u00a0 The breakdown of performance bond requirements at the overall level, and by each currency in the portfolio.</p><p><strong>Curr:</strong>\u00a0\u00a0\u00a0 The currency used for each product and for the overall portfolio.\u00a0 Span gives the option of using different currencies for overall portfolio requirements and\u00a0 for each product's performance bond requirements.</p><p><strong>LOV:\u00a0\u00a0\u00a0 </strong>Long Option Value</p><p>The total value of all the long options in the portfolio</p><p><strong>SOV:\u00a0 </strong>\u00a0 Short Option Value</p><p>The total value of all the short options in the portfolio</p><p><strong>Class:\u00a0\u00a0\u00a0 </strong>Specifies the different levels of performance bond requirements.\u00a0 This allows an exchange or clearing organization to divide it's performance bond requirement into different, acceptable forms of collateral.</p><p><strong>Maint/Init:\u00a0\u00a0 </strong>Identifies whether a performance bond requirement is a Maintenance Requirement or an Initial Requirement.</p><p><strong>SpanReq:</strong>\u00a0\u00a0\u00a0 The requirement derived by Span which reflects the hypothetical single-day exposure given the Exchange or Clearing Organization's parameters.\u00a0 It is calculated by taking the Scan Risk and adding to it any intra-commodity, spot or Short Option Minimum charges, and deducting any inter-commodity or inter-exchange credits.</p><p><strong>Av NOV :\u00a0\u00a0\u00a0 </strong>Available Net Option Value</p><p>The Long Option value less the Short Option Value less any restrictions on Long Option Value.</p><p><strong>Scan/Scen</strong>:\u00a0\u00a0\u00a0 <strong>The Scan Risk/Risk Scenario </strong></p><p>Scan Risk:\u00a0\u00a0 The per product risk calculation Span generates to identify the greatest loss from a combined commodity under one of the set of Risk Arrays (usually sixteen).\u00a0</p><p>Risk Scenario:\u00a0 The actual Risk Array number (one of the usual sixteen) for each combined commodity is shown, along with its associated price, volatility and weighting factors.</p><p><strong>Intracom Charge:\u00a0\u00a0\u00a0 Intra-commodity Charge</strong></p><p>Additional charge that covers the calendar basis risk that may exist for portfolios containing futures and options with different expirations.</p><p><strong>Spot:\u00a0\u00a0\u00a0\u00a0 Spot Charge</strong></p><p>Additional charge that covers the risk that may of products nearing expiration.</p><p><strong>Inter/Delta:\u00a0\u00a0\u00a0 The Inter-Commodity Credit/Delta Remaining</strong></p><p>Inter-Commodity Credit:\u00a0 Performance Bond reduction resulting from offsetting positions in related instruments.</p><p>Delta Remaining:\u00a0 Total delta left in a product after all the inter-commodity/inter-exchange spreading has been calculated</p><p><strong>Intex:\u00a0\u00a0\u00a0 Inter-Exchange Credit</strong></p><p>Performance Bond reduction resulting from offsetting positions at different exchanges.</p><p><strong>SOM:\u00a0\u00a0\u00a0 Short Option Minimum</strong></p><p>To cover the risks associated with deep-out-of-the-money short options positions, SPAN assesses a minimum portfolio requirement based on the\u00a0 short options contained in the portfolio.\u00a0 The performance bond requirement cannot fall below this floor level.</p></div>"
        }
    },
    "status": "current",
    "spaceId": "457312811",
    "title": "PB Requirements Report",
    "id": "457313739",
    "_links": {
        "editui": "/pages/resumedraft.action?draftId=457313739",
        "webui": "/spaces/pubsub/pages/457313739/PB+Requirements+Report",
        "edituiv2": "/spaces/pubsub/pages/edit-v2/457313739",
        "tinyui": "/x/yw1CGw",
        "base": "https://cmegroupclientsite.atlassian.net/wiki"
    }
}