{
    "data": [
        {
            "type": "heading",
            "text": "Exch Cmplx:\u00a0\u00a0\u00a0 Exchange Complex"
        },
        {
            "type": "heading",
            "text": "Comb Comm:\u00a0\u00a0\u00a0 Combined Commodity"
        },
        {
            "type": "heading",
            "text": "Product:"
        },
        {
            "type": "heading",
            "text": "Contract:"
        },
        {
            "type": "heading",
            "text": "Net Posn:The net position of each contract in\u00a0 portfolio."
        },
        {
            "type": "heading",
            "text": "Active Value:The scan risk for the active scenario per each single product contract."
        },
        {
            "type": "heading",
            "text": "Scan Contribution:The Span-calculated per net contract performance bond scan risk value by total position.\u00a0 Equal to the Net Position multiplied by the Active Value."
        },
        {
            "type": "confluence_tables",
            "text": []
        }
    ],
    "page_id": "457314069",
    "child_page_ids": []
}