{
    "parentId": "457083087",
    "spaceId": "457312811",
    "ownerId": "60653f79352e1e0069fb728f",
    "lastOwnerId": null,
    "createdAt": "2024-12-21T16:42:46.709Z",
    "authorId": "60653f79352e1e0069fb728f",
    "parentType": "page",
    "version": {
        "number": 1,
        "message": "",
        "minorEdit": false,
        "authorId": "60653f79352e1e0069fb728f",
        "createdAt": "2024-12-21T16:42:48.344Z"
    },
    "position": 281247860,
    "body": {
        "export_view": {
            "representation": "export_view",
            "value": "<p>See also the layout of the original\u00a0<a href=\"http://www.cme-ch.com/span/spanl202.htm\" class=\"external-link\" rel=\"nofollow\">(&quot;standard&quot;) portfolio data file layout</a>.</p><p>The record types are:</p><p><style type='text/css'>/*<![CDATA[*/\ndiv.rbtoc1741792354703 {padding: 0px;}\ndiv.rbtoc1741792354703 ul {list-style: disc;margin-left: 0px;}\ndiv.rbtoc1741792354703 li {margin-left: 0px;padding-left: 0px;}\n\n/*]]>*/</style><div class='toc-macro rbtoc1741792354703'>\n<ul class='toc-indentation'>\n<li><a href='#ExpandedPortfolioDataFileLayout-Recordtype1-HeaderRecord'>Record type 1 - Header Record</a></li>\n<li><a href='#ExpandedPortfolioDataFileLayout-Recordtype2-PortfolioRecord'>Record type 2 - Portfolio Record</a></li>\n<li><a href='#ExpandedPortfolioDataFileLayout-Recordtype3-PositionRecord'>Record type 3 - Position Record</a></li>\n<li><a href='#ExpandedPortfolioDataFileLayout-Recordtype5-ExpandedPositionRecord'>Record type 5 - Expanded Position Record</a></li>\n</ul>\n</div></p><p>The record type 5 -- the Expanded Position Record -- suppports a 14-byte strike price and has additional filler bytes added so that in future the CUSIP or ISIN number of the underlying of an option on an equity can be added.\u00a0 The expansion of the strike price field to 14 bytes is needed for the options on equities traded at the Monep market in Paris.</p><hr/><h3 id=\"ExpandedPortfolioDataFileLayout-Recordtype1-HeaderRecord\">Record type 1 - Header Record</h3><div class=\"table-wrap\"><table class=\"wrapped confluenceTable\"><colgroup><col/><col/><col/><col/><col/><col/></colgroup><tbody><tr><th class=\"confluenceTh\">Length</th><th class=\"confluenceTh\">From</th><th class=\"confluenceTh\">To</th><th class=\"confluenceTh\">Datatype</th><th class=\"confluenceTh\">Format</th><th class=\"confluenceTh\">Description and Comments</th></tr><tr><td class=\"confluenceTd\">1</td><td class=\"confluenceTd\">1</td><td class=\"confluenceTd\">1</td><td class=\"confluenceTd\">AN</td><td class=\"confluenceTd\">X(1)</td><td class=\"confluenceTd\">Record ID - &quot;1&quot;</td></tr><tr><td class=\"confluenceTd\">2</td><td class=\"confluenceTd\">2</td><td class=\"confluenceTd\">3</td><td class=\"confluenceTd\">-</td><td class=\"confluenceTd\">-</td><td class=\"confluenceTd\">Filler</td></tr><tr><td class=\"confluenceTd\">8</td><td class=\"confluenceTd\">4</td><td class=\"confluenceTd\">11</td><td class=\"confluenceTd\">N</td><td class=\"confluenceTd\">9(8)</td><td class=\"confluenceTd\">Business Date as YYYYMMDD</td></tr><tr><td class=\"confluenceTd\">1</td><td class=\"confluenceTd\">12</td><td class=\"confluenceTd\">12</td><td class=\"confluenceTd\">A</td><td class=\"confluenceTd\">X</td><td class=\"confluenceTd\">File identifier -\u00a0<strong>S</strong>\u00a0for final settlement,\u00a0<strong>E</strong>\u00a0for early (preliminary) settlement,\u00a0<strong>G</strong>\u00a0for electronic (GLOBEX) trading hours, or\u00a0<strong>I</strong>\u00a0for intra-day.</td></tr><tr><td class=\"confluenceTd\">4</td><td class=\"confluenceTd\">13</td><td class=\"confluenceTd\">16</td><td class=\"confluenceTd\">N</td><td class=\"confluenceTd\">9(4)</td><td class=\"confluenceTd\">Business Time as HHMM</td></tr><tr><td class=\"confluenceTd\">8</td><td class=\"confluenceTd\">17</td><td class=\"confluenceTd\">24</td><td class=\"confluenceTd\">N</td><td class=\"confluenceTd\">9(8)</td><td class=\"confluenceTd\">File Creation Date as YYYYMMDD</td></tr><tr><td class=\"confluenceTd\">4</td><td class=\"confluenceTd\">25</td><td class=\"confluenceTd\">28</td><td class=\"confluenceTd\">N</td><td class=\"confluenceTd\">9(4)</td><td class=\"confluenceTd\">File Creation Time as HHMM</td></tr><tr><td class=\"confluenceTd\">1</td><td class=\"confluenceTd\">29</td><td class=\"confluenceTd\">29</td><td class=\"confluenceTd\">AN</td><td class=\"confluenceTd\">X(1)</td><td class=\"confluenceTd\">File format - &quot;E&quot; for &quot;expanded&quot;.\u00a0 Blank, null or any value other than &quot;E&quot; implies standard format.</td></tr></tbody></table></div><hr/><p><span class=\"legacy-color-text-default\">\u00a0</span></p><h3 id=\"ExpandedPortfolioDataFileLayout-Recordtype2-PortfolioRecord\">Record type 2 - Portfolio Record</h3><p><br/></p><div class=\"table-wrap\"><table class=\"wrapped confluenceTable\"><colgroup><col/><col/><col/><col/><col/><col/></colgroup><tbody><tr><th class=\"confluenceTh\">Length</th><th class=\"confluenceTh\">From</th><th class=\"confluenceTh\">To</th><th class=\"confluenceTh\">Datatype</th><th class=\"confluenceTh\">Format</th><th class=\"confluenceTh\">Description and Comments</th></tr><tr><td class=\"confluenceTd\">1</td><td class=\"confluenceTd\">1</td><td class=\"confluenceTd\">1</td><td class=\"confluenceTd\">AN</td><td class=\"confluenceTd\">X(1)</td><td class=\"confluenceTd\">Record ID - &quot;2&quot;</td></tr><tr><td class=\"confluenceTd\">3</td><td class=\"confluenceTd\">2</td><td class=\"confluenceTd\">4</td><td class=\"confluenceTd\">AN</td><td class=\"confluenceTd\">X(3)</td><td class=\"confluenceTd\">Clearing Member Firm</td></tr><tr><td class=\"confluenceTd\">20</td><td class=\"confluenceTd\">5</td><td class=\"confluenceTd\">24</td><td class=\"confluenceTd\">AN</td><td class=\"confluenceTd\">X(20)</td><td class=\"confluenceTd\">Account Number / ID</td></tr><tr><td class=\"confluenceTd\">1</td><td class=\"confluenceTd\">25</td><td class=\"confluenceTd\">25</td><td class=\"confluenceTd\">A</td><td class=\"confluenceTd\">X</td><td class=\"confluenceTd\"><p>Account Type.\u00a0</p><p>For client account types when clearing firms are calculating requirements for individual accounts:\u00a0<strong>M</strong>\u00a0for Member Account,\u00a0<strong>H</strong>\u00a0for Hedger Account,\u00a0<strong>S</strong>\u00a0for Spec Account,\u00a0<strong>O</strong>\u00a0for Omnibus Account,\u00a0<strong>Q</strong> for Omnibus Hedge account.\u00a0</p><p>In addition, in 2020 support will be added for\u00a0<strong>R</strong> for Heightened Risk Profile and\u00a0<strong>X</strong> for Non-Heightened Risk Profile.\u00a0 Also account type\u00a0<strong>O</strong> will be redefined as meaning an Omnibus Account with a Heightened Risk Profile and account type\u00a0<strong>Q</strong> will be redefined as an omnibus account with a Non-Heightened Risk Profile.</p><p>Account type\u00a0<strong>F</strong> is used to specify a clearing firm account when a CCP is margining a clearing firm.</p></td></tr><tr><td class=\"confluenceTd\">5</td><td class=\"confluenceTd\">26</td><td class=\"confluenceTd\">30</td><td class=\"confluenceTd\">AN</td><td class=\"confluenceTd\">X(5)</td><td class=\"confluenceTd\">Segregation Type (Origin) -\u00a0<strong>CUST</strong>\u00a0or\u00a0<strong>HOUS</strong></td></tr><tr><td class=\"confluenceTd\">20</td><td class=\"confluenceTd\">31</td><td class=\"confluenceTd\">50</td><td class=\"confluenceTd\">AN</td><td class=\"confluenceTd\">X(20)</td><td class=\"confluenceTd\">Subaccount of: If this record is a Hedge or Spec Subaccount of an Omnibus Account, this field should contain the Omnibus Account number. The\u00a0<strong>2</strong>\u00a0record for the omnibus account must precede the\u00a0<strong>2</strong>\u00a0record for its subaccounts (or the omnibus account portfolio record must already be defined in the PC-SPAN database.)</td></tr><tr><td class=\"confluenceTd\">1</td><td class=\"confluenceTd\">51</td><td class=\"confluenceTd\">51</td><td class=\"confluenceTd\">A</td><td class=\"confluenceTd\">X</td><td class=\"confluenceTd\">new Portfolio flag:\u00a0<strong>Y</strong>\u00a0or\u00a0<strong>N</strong></td></tr><tr><td class=\"confluenceTd\">12</td><td class=\"confluenceTd\">52</td><td class=\"confluenceTd\">63</td><td class=\"confluenceTd\">N</td><td class=\"confluenceTd\">9(10)V9(2)</td><td class=\"confluenceTd\">Ledger Balance, right justified, with two implied decimal places representing hundredths of a currency unit. For accounts only, not relevant to firms. If negative, with a leading minus sign. If this record is for a firm, enter zero.</td></tr><tr><td class=\"confluenceTd\">12</td><td class=\"confluenceTd\">64</td><td class=\"confluenceTd\">75</td><td class=\"confluenceTd\">N</td><td class=\"confluenceTd\">9(10)V9(2)</td><td class=\"confluenceTd\">Open Trade Equity, right justified, with two implied decimal places. For accounts only, not relevant to firms. If negative, with a leading minus sign. If this record is for a firm, enter zero.</td></tr><tr><td class=\"confluenceTd\">12</td><td class=\"confluenceTd\">76</td><td class=\"confluenceTd\">87</td><td class=\"confluenceTd\">N</td><td class=\"confluenceTd\">9(10)V9(2)</td><td class=\"confluenceTd\">Securities on Deposit, right justified, with two implied decimal places. For accounts only, not relevant to firms. If this record is for a firm, enter zero.</td></tr><tr><td class=\"confluenceTd\">1</td><td class=\"confluenceTd\">88</td><td class=\"confluenceTd\">88</td><td class=\"confluenceTd\">A</td><td class=\"confluenceTd\">X</td><td class=\"confluenceTd\">Apply User Scaleups? Flag - either\u00a0<strong>Y</strong>\u00a0or\u00a0<strong>N</strong>. If it has been specified on the\u00a0<strong>Maintain System Parameters</strong>\u00a0screen that User Scaleups apply only to\u00a0<strong>designated</strong>\u00a0accounts, this field specifies whether scaleups apply to this particular account.</td></tr><tr><td class=\"confluenceTd\">5</td><td class=\"confluenceTd\">89</td><td class=\"confluenceTd\">93</td><td class=\"confluenceTd\">AN</td><td class=\"confluenceTd\">X(5)</td><td class=\"confluenceTd\">Business Function:\u00a0 for SPAN 4 -- specifies the business function for which this position is defined</td></tr><tr><td class=\"confluenceTd\">5</td><td class=\"confluenceTd\">94</td><td class=\"confluenceTd\">98</td><td class=\"confluenceTd\">AN</td><td class=\"confluenceTd\">X(5)</td><td class=\"confluenceTd\">Clearing Member Firm -- for SPAN 4 -- provides the full five bytes for the clearing member firm ID</td></tr><tr><td class=\"confluenceTd\">15</td><td class=\"confluenceTd\">99</td><td class=\"confluenceTd\">113</td><td class=\"confluenceTd\">AN</td><td class=\"confluenceTd\">X(15)</td><td class=\"confluenceTd\">Performance Bond Account ID:\u00a0 for SPAN 4 -- specifies the PB account</td></tr><tr><td class=\"confluenceTd\">5</td><td class=\"confluenceTd\">114</td><td class=\"confluenceTd\">118</td><td class=\"confluenceTd\">AN</td><td class=\"confluenceTd\">X(5)</td><td class=\"confluenceTd\">Position Segregation Type (Origin):\u00a0 for SPAN 4 -- further identifies the performance bond account to which this position pertains</td></tr><tr><td class=\"confluenceTd\">3</td><td class=\"confluenceTd\">119</td><td class=\"confluenceTd\">121</td><td class=\"confluenceTd\">AN</td><td class=\"confluenceTd\">X(3)</td><td class=\"confluenceTd\">Portfolio Currency - for example,\u00a0<strong>USD</strong>,\u00a0<strong>CAD</strong>, ...- Overall currency for PB requirement</td></tr><tr><td class=\"confluenceTd\">1</td><td class=\"confluenceTd\">122</td><td class=\"confluenceTd\">122</td><td class=\"confluenceTd\">AN</td><td class=\"confluenceTd\">X(1)</td><td class=\"confluenceTd\"><strong>Customer-Clearing Portfolio Use Long Option Value Flag</strong>\u00a0-\u00a0<strong>N</strong>\u00a0for No, or\u00a0<strong>Y\u00a0</strong>or any other value for Yes.\u00a0\u00a0<strong>Applies only to calculations for clearing-level customer-origin portfolios.</strong>\u00a0 Added for the Common Clearing Link to support specification of whether CBOT positions in customer-origin clearing portfolios should be margined net but without use of Long Option Value, or according to submitted spreads and with full use of Long Option Value.\u00a0 Set to Y if the firm wants CME-style customer-origin margining with full use of LOV, or CBT-style customer-origin margining without use of LOV.</td></tr></tbody></table></div><p><span class=\"legacy-color-text-default\">\u00a0</span></p><hr/><h3 id=\"ExpandedPortfolioDataFileLayout-Recordtype3-PositionRecord\">Record type 3 - Position Record</h3><div class=\"table-wrap\"><table class=\"wrapped confluenceTable\"><colgroup><col/><col/><col/><col/><col/><col/></colgroup><tbody><tr><th class=\"confluenceTh\">Length</th><th class=\"confluenceTh\">From</th><th class=\"confluenceTh\">To</th><th class=\"confluenceTh\">Datatype</th><th class=\"confluenceTh\">Format</th><th class=\"confluenceTh\">Description and Comments</th></tr><tr><td class=\"confluenceTd\">1</td><td class=\"confluenceTd\">1</td><td class=\"confluenceTd\">1</td><td class=\"confluenceTd\">AN</td><td class=\"confluenceTd\">X(1)</td><td class=\"confluenceTd\">Record ID - &quot;3&quot;</td></tr><tr><td class=\"confluenceTd\">3</td><td class=\"confluenceTd\">2</td><td class=\"confluenceTd\">4</td><td class=\"confluenceTd\">AN</td><td class=\"confluenceTd\">X(3)</td><td class=\"confluenceTd\">Clearing Member Firm</td></tr><tr><td class=\"confluenceTd\">20</td><td class=\"confluenceTd\">5</td><td class=\"confluenceTd\">24</td><td class=\"confluenceTd\">AN</td><td class=\"confluenceTd\">X(20)</td><td class=\"confluenceTd\">Account Number / ID</td></tr><tr><td class=\"confluenceTd\">3</td><td class=\"confluenceTd\">25</td><td class=\"confluenceTd\">27</td><td class=\"confluenceTd\">AN</td><td class=\"confluenceTd\">X(3)</td><td class=\"confluenceTd\">Exchange Acronym</td></tr><tr><td class=\"confluenceTd\">2</td><td class=\"confluenceTd\">28</td><td class=\"confluenceTd\">29</td><td class=\"confluenceTd\">-</td><td class=\"confluenceTd\">-</td><td class=\"confluenceTd\">Filler</td></tr><tr><td class=\"confluenceTd\">6</td><td class=\"confluenceTd\">30</td><td class=\"confluenceTd\">35</td><td class=\"confluenceTd\">AN</td><td class=\"confluenceTd\">X(6)</td><td class=\"confluenceTd\">Combined Commodity Code</td></tr><tr><td class=\"confluenceTd\">10</td><td class=\"confluenceTd\">36</td><td class=\"confluenceTd\">45</td><td class=\"confluenceTd\">AN</td><td class=\"confluenceTd\">X(10)</td><td class=\"confluenceTd\">Commodity (Product) Code</td></tr><tr><td class=\"confluenceTd\">3</td><td class=\"confluenceTd\">46</td><td class=\"confluenceTd\">48</td><td class=\"confluenceTd\">AN</td><td class=\"confluenceTd\">X(3)</td><td class=\"confluenceTd\">Contract Type -\u00a0<strong>PHY</strong>\u00a0for Physical,\u00a0<strong>FUT</strong>\u00a0for Future,\u00a0<strong>CMB</strong>\u00a0for Combination,\u00a0<strong>OOP</strong>\u00a0for Option on Physical,\u00a0<strong>OOF</strong>\u00a0for Option on Future,\u00a0<strong>OOC</strong>\u00a0for Option on Combination</td></tr><tr><td class=\"confluenceTd\">1</td><td class=\"confluenceTd\">49</td><td class=\"confluenceTd\">49</td><td class=\"confluenceTd\">A</td><td class=\"confluenceTd\">X</td><td class=\"confluenceTd\">Put / Call Code -\u00a0<strong>P</strong>\u00a0or\u00a0<strong>C</strong></td></tr><tr><td class=\"confluenceTd\">8</td><td class=\"confluenceTd\">50</td><td class=\"confluenceTd\">57</td><td class=\"confluenceTd\">AN</td><td class=\"confluenceTd\">9(6)X(2)</td><td class=\"confluenceTd\">Futures Contract Period as\u00a0<strong>CCYYMMXX</strong>\u00a0where\u00a0<strong>XX</strong>\u00a0is blank for standard monthly futures, a specific day of the month for futures expirations to the day,\u00a0<strong>W1</strong>,\u00a0<strong>W2</strong>\u00a0etc. for weekly futures, or other identifier.</td></tr><tr><td class=\"confluenceTd\">1</td><td class=\"confluenceTd\">58</td><td class=\"confluenceTd\">58</td><td class=\"confluenceTd\">AN</td><td class=\"confluenceTd\">X</td><td class=\"confluenceTd\">Account type override.\u00a0 Optional.\u00a0 Used to specify an account type for this position different from the account type for the account as a whole specified on the type &quot;2&quot; record.\u00a0 Relevant only for non-omnibus accounts.\u00a0 Allowable values are <strong>M</strong> for member, <strong>H</strong> for hedge, or <strong>S</strong> for spec.</td></tr><tr><td class=\"confluenceTd\">8</td><td class=\"confluenceTd\">59</td><td class=\"confluenceTd\">66</td><td class=\"confluenceTd\">AN</td><td class=\"confluenceTd\">9(6)X(2)</td><td class=\"confluenceTd\">Option Contract Period as\u00a0<strong>CCYYMMXX</strong>\u00a0where\u00a0<strong>XX</strong>\u00a0is blank for standard monthly options, a specific day of the month for option expirations to the day,\u00a0<strong>W1</strong>,\u00a0<strong>W2</strong>\u00a0etc. for weekly options, or other identifier.</td></tr><tr><td class=\"confluenceTd\">1</td><td class=\"confluenceTd\">67</td><td class=\"confluenceTd\">67</td><td class=\"confluenceTd\">AN</td><td class=\"confluenceTd\">X(1)</td><td class=\"confluenceTd\">Strike price sign.\u00a0 + or -.\u00a0 Any value besides - means positive.</td></tr><tr><td class=\"confluenceTd\">7</td><td class=\"confluenceTd\">68</td><td class=\"confluenceTd\">74</td><td class=\"confluenceTd\">N</td><td class=\"confluenceTd\">9(7)</td><td class=\"confluenceTd\">Strike Price</td></tr><tr><td class=\"confluenceTd\">8</td><td class=\"confluenceTd\">75</td><td class=\"confluenceTd\">82</td><td class=\"confluenceTd\">N</td><td class=\"confluenceTd\">9(8)</td><td class=\"confluenceTd\">Net Position, with leading minus sign if short. This field applies to account positions for non-omnibus accounts, or to clearing firm positions at clearing organizations (or for cross-margin agreements) which calculate performance bonds on a net position basis. (For omnibus accounts or gross-basis clearing firm positions, enter zero.)</td></tr><tr><td class=\"confluenceTd\">8</td><td class=\"confluenceTd\">83</td><td class=\"confluenceTd\">90</td><td class=\"confluenceTd\">N</td><td class=\"confluenceTd\">9(8)</td><td class=\"confluenceTd\">Total Long Positions. Only for omnibus accounts or for clearing firm portfolios which are margined on a gross basis. (For all others, enter zeros or omit.)</td></tr><tr><td class=\"confluenceTd\">8</td><td class=\"confluenceTd\">91</td><td class=\"confluenceTd\">98</td><td class=\"confluenceTd\">N</td><td class=\"confluenceTd\">9(8)</td><td class=\"confluenceTd\">Total Short Positions. Only for omnibus accounts or for clearing firm portfolios which are margined on a gross basis. (For all others, enter zeros or omit.)</td></tr><tr><td class=\"confluenceTd\">8</td><td class=\"confluenceTd\">99</td><td class=\"confluenceTd\">106</td><td class=\"confluenceTd\">N</td><td class=\"confluenceTd\">9(8)</td><td class=\"confluenceTd\">Intra-commodity Spreadable Long Positions. Only for clearing firm portfolios which are margined on a gross basis. (For all others, enter zeros or omit.)</td></tr><tr><td class=\"confluenceTd\">8</td><td class=\"confluenceTd\">107</td><td class=\"confluenceTd\">114</td><td class=\"confluenceTd\">N</td><td class=\"confluenceTd\">9(8)</td><td class=\"confluenceTd\">Intra-commodity Spreadable Short Positions. Only for clearing firm portfolios which are margined on a gross basis. (For all others, enter zeros or omit.)</td></tr><tr><td class=\"confluenceTd\">8</td><td class=\"confluenceTd\">115</td><td class=\"confluenceTd\">122</td><td class=\"confluenceTd\">N</td><td class=\"confluenceTd\">9(8)</td><td class=\"confluenceTd\">Inter-commodity Spreadable Long Positions. Only for clearing firm portfolios which are margined on a gross basis. (For all others, enter zeros or omit.)</td></tr><tr><td class=\"confluenceTd\">8</td><td class=\"confluenceTd\">123</td><td class=\"confluenceTd\">130</td><td class=\"confluenceTd\">N</td><td class=\"confluenceTd\">9(8)</td><td class=\"confluenceTd\">Inter-commodity Spreadable Short Positions. Only for clearing firm portfolios which are margined on a gross basis. (For all others, enter zeros or omit.)</td></tr><tr><td class=\"confluenceTd\">9</td><td class=\"confluenceTd\">131</td><td class=\"confluenceTd\">139</td><td class=\"confluenceTd\">N</td><td class=\"confluenceTd\">9(9)</td><td class=\"confluenceTd\">Product Family ID Number:\u00a0 for SPAN 4 -- specifies the unique internal ID number for this product family</td></tr><tr><td class=\"confluenceTd\">9</td><td class=\"confluenceTd\">140</td><td class=\"confluenceTd\">148</td><td class=\"confluenceTd\">N</td><td class=\"confluenceTd\">9(9)</td><td class=\"confluenceTd\">Contract ID Number:\u00a0 for SPAN 4 -- specifies the unique internal ID number for this contract</td></tr><tr><td class=\"confluenceTd\">5</td><td class=\"confluenceTd\">149</td><td class=\"confluenceTd\">153</td><td class=\"confluenceTd\">AN</td><td class=\"confluenceTd\">X(5)</td><td class=\"confluenceTd\">Business Function:\u00a0 for SPAN 4 -- specifies the business function for which this position is defined</td></tr><tr><td class=\"confluenceTd\">5</td><td class=\"confluenceTd\">154</td><td class=\"confluenceTd\">158</td><td class=\"confluenceTd\">AN</td><td class=\"confluenceTd\">X(5)</td><td class=\"confluenceTd\">Clearing Member Firm -- for SPAN 4 -- provides the full five bytes for the clearing member firm ID</td></tr><tr><td class=\"confluenceTd\">15</td><td class=\"confluenceTd\">159</td><td class=\"confluenceTd\">173</td><td class=\"confluenceTd\">AN</td><td class=\"confluenceTd\">X(15)</td><td class=\"confluenceTd\">Performance Bond Account ID:\u00a0 for SPAN 4 -- specifies the PB account</td></tr><tr><td class=\"confluenceTd\">5</td><td class=\"confluenceTd\">174</td><td class=\"confluenceTd\">178</td><td class=\"confluenceTd\">AN</td><td class=\"confluenceTd\">X(5)</td><td class=\"confluenceTd\">Position Segregation Type (Origin):\u00a0 for SPAN 4 -- further identifies the performance bond account to which this position pertains</td></tr></tbody></table></div><p><span class=\"legacy-color-text-default\">\u00a0</span></p><h3 id=\"ExpandedPortfolioDataFileLayout-Recordtype5-ExpandedPositionRecord\"><strong>Record type 5 - Expanded Position Record</strong></h3><div class=\"table-wrap\"><table class=\"wrapped confluenceTable\"><tbody><tr><th class=\"confluenceTh\">Length</th><th class=\"confluenceTh\">From</th><th class=\"confluenceTh\">To</th><th class=\"confluenceTh\">Datatype</th><th class=\"confluenceTh\">Format</th><th class=\"confluenceTh\">Description and Comments</th></tr><tr><td class=\"confluenceTd\">1</td><td class=\"confluenceTd\">1</td><td class=\"confluenceTd\">1</td><td class=\"confluenceTd\">AN</td><td class=\"confluenceTd\">X(1)</td><td class=\"confluenceTd\">Record ID - &quot;5&quot;</td></tr><tr><td class=\"confluenceTd\">3</td><td class=\"confluenceTd\">2</td><td class=\"confluenceTd\">4</td><td class=\"confluenceTd\">AN</td><td class=\"confluenceTd\">X(3)</td><td class=\"confluenceTd\">Clearing Member Firm</td></tr><tr><td class=\"confluenceTd\">20</td><td class=\"confluenceTd\">5</td><td class=\"confluenceTd\">24</td><td class=\"confluenceTd\">AN</td><td class=\"confluenceTd\">X(20)</td><td class=\"confluenceTd\">Account Number / ID</td></tr><tr><td class=\"confluenceTd\">3</td><td class=\"confluenceTd\">25</td><td class=\"confluenceTd\">27</td><td class=\"confluenceTd\">AN</td><td class=\"confluenceTd\">X(3)</td><td class=\"confluenceTd\">Exchange Acronym</td></tr><tr><td class=\"confluenceTd\">2</td><td class=\"confluenceTd\">28</td><td class=\"confluenceTd\">29</td><td class=\"confluenceTd\">-</td><td class=\"confluenceTd\">-</td><td class=\"confluenceTd\">Filler</td></tr><tr><td class=\"confluenceTd\">6</td><td class=\"confluenceTd\">30</td><td class=\"confluenceTd\">35</td><td class=\"confluenceTd\">AN</td><td class=\"confluenceTd\">X(6)</td><td class=\"confluenceTd\">Combined Commodity Code</td></tr><tr><td class=\"confluenceTd\">10</td><td class=\"confluenceTd\">36</td><td class=\"confluenceTd\">45</td><td class=\"confluenceTd\">AN</td><td class=\"confluenceTd\">X(10)</td><td class=\"confluenceTd\">Commodity (Product) Code</td></tr><tr><td class=\"confluenceTd\">3</td><td class=\"confluenceTd\">46</td><td class=\"confluenceTd\">48</td><td class=\"confluenceTd\">AN</td><td class=\"confluenceTd\">X(3)</td><td class=\"confluenceTd\">Contract Type -\u00a0<strong>PHY</strong>\u00a0for Physical,\u00a0<strong>FUT</strong>\u00a0for Future,\u00a0<strong>CMB</strong>\u00a0for Combination,\u00a0<strong>OOP</strong>\u00a0for Option on Physical,\u00a0<strong>OOF</strong>\u00a0for Option on Future,\u00a0<strong>OOC</strong>\u00a0for Option on Combination</td></tr><tr><td class=\"confluenceTd\">1</td><td class=\"confluenceTd\">49</td><td class=\"confluenceTd\">49</td><td class=\"confluenceTd\">A</td><td class=\"confluenceTd\">X</td><td class=\"confluenceTd\">Put / Call Code -\u00a0<strong>P</strong>\u00a0or\u00a0<strong>C</strong></td></tr><tr><td class=\"confluenceTd\">8</td><td class=\"confluenceTd\">50</td><td class=\"confluenceTd\">57</td><td class=\"confluenceTd\">AN</td><td class=\"confluenceTd\">9(6)X(2)</td><td class=\"confluenceTd\">Futures (Underlying) Contract Period as\u00a0<strong>CCYYMMXX</strong>\u00a0where\u00a0<strong>XX</strong>\u00a0is blank for standard monthly futures, a specific day of the month for futures expirations to the day,\u00a0<strong>W1</strong>,\u00a0<strong>W2</strong>\u00a0etc. for weekly futures, or other identifier.</td></tr><tr><td class=\"confluenceTd\">12</td><td class=\"confluenceTd\">58</td><td class=\"confluenceTd\">69</td><td class=\"confluenceTd\">-</td><td class=\"confluenceTd\">-</td><td class=\"confluenceTd\">Filler. Reserved for future expansion in case of multiple expirations per day.</td></tr><tr><td class=\"confluenceTd\">8</td><td class=\"confluenceTd\">70</td><td class=\"confluenceTd\">77</td><td class=\"confluenceTd\">AN</td><td class=\"confluenceTd\">9(6)X(2)</td><td class=\"confluenceTd\">Option Contract Period as\u00a0<strong>CCYYMMXX</strong>\u00a0where\u00a0<strong>XX</strong>\u00a0is blank for standard monthly options, a specific day of the month for option expirations to the day,\u00a0<strong>W1</strong>,\u00a0<strong>W2</strong>\u00a0etc. for weekly options, or other identifier.</td></tr><tr><td class=\"confluenceTd\">1</td><td class=\"confluenceTd\">78</td><td class=\"confluenceTd\">78</td><td class=\"confluenceTd\">AN</td><td class=\"confluenceTd\">X(1)</td><td class=\"confluenceTd\">Strike Price Sign.\u00a0 + or -.\u00a0 Any value besides - means normal positive.</td></tr><tr><td class=\"confluenceTd\">14</td><td class=\"confluenceTd\">79</td><td class=\"confluenceTd\">92</td><td class=\"confluenceTd\">N</td><td class=\"confluenceTd\">9(7)V9(7)</td><td class=\"confluenceTd\">Strike Price</td></tr><tr><td class=\"confluenceTd\">8</td><td class=\"confluenceTd\">93</td><td class=\"confluenceTd\">100</td><td class=\"confluenceTd\">N</td><td class=\"confluenceTd\">9(8)</td><td class=\"confluenceTd\">Net Position, with leading minus sign if short. This field applies to account positions for non-omnibus accounts, or to clearing firm positions at clearing organizations (or for cross-margin agreements) which calculate performance bonds on a net position basis. (For omnibus accounts or gross-basis clearing firm positions, enter zero.)</td></tr><tr><td class=\"confluenceTd\">8</td><td class=\"confluenceTd\">101</td><td class=\"confluenceTd\">108</td><td class=\"confluenceTd\">N</td><td class=\"confluenceTd\">9(8)</td><td class=\"confluenceTd\">Total Long Positions. Only for omnibus accounts or for clearing firm portfolios which are margined on a gross basis. (For all others, enter zeros or omit.)</td></tr><tr><td class=\"confluenceTd\">8</td><td class=\"confluenceTd\">109</td><td class=\"confluenceTd\">116</td><td class=\"confluenceTd\">N</td><td class=\"confluenceTd\">9(8)</td><td class=\"confluenceTd\">Total Short Positions. Only for omnibus accounts or for clearing firm portfolios which are margined on a gross basis. (For all others, enter zeros or omit.)</td></tr><tr><td class=\"confluenceTd\">8</td><td class=\"confluenceTd\">117</td><td class=\"confluenceTd\">124</td><td class=\"confluenceTd\">N</td><td class=\"confluenceTd\">9(8)</td><td class=\"confluenceTd\">Intra-commodity Spreadable Long Positions. Only for clearing firm portfolios which are margined on a gross basis. (For all others, enter zeros or omit.)</td></tr><tr><td class=\"confluenceTd\">8</td><td class=\"confluenceTd\">125</td><td class=\"confluenceTd\">132</td><td class=\"confluenceTd\">N</td><td class=\"confluenceTd\">9(8)</td><td class=\"confluenceTd\">Intra-commodity Spreadable Short Positions. Only for clearing firm portfolios which are margined on a gross basis. (For all others, enter zeros or omit.)</td></tr><tr><td class=\"confluenceTd\">8</td><td class=\"confluenceTd\">133</td><td class=\"confluenceTd\">140</td><td class=\"confluenceTd\">N</td><td class=\"confluenceTd\">9(8)</td><td class=\"confluenceTd\">Inter-commodity Spreadable Long Positions. Only for clearing firm portfolios which are margined on a gross basis. (For all others, enter zeros or omit.)</td></tr><tr><td class=\"confluenceTd\">8</td><td class=\"confluenceTd\">141</td><td class=\"confluenceTd\">148</td><td class=\"confluenceTd\">N</td><td class=\"confluenceTd\">9(8)</td><td class=\"confluenceTd\">Inter-commodity Spreadable Short Positions. Only for clearing firm portfolios which are margined on a gross basis. (For all others, enter zeros or omit.)</td></tr><tr><td class=\"confluenceTd\">9</td><td class=\"confluenceTd\">149</td><td class=\"confluenceTd\">157</td><td class=\"confluenceTd\">N</td><td class=\"confluenceTd\">9(9)</td><td class=\"confluenceTd\">Product Family ID Number:\u00a0 for SPAN 4 -- specifies the unique internal ID number for this product family</td></tr><tr><td class=\"confluenceTd\">9</td><td class=\"confluenceTd\">158</td><td class=\"confluenceTd\">166</td><td class=\"confluenceTd\">N</td><td class=\"confluenceTd\">9(9)</td><td class=\"confluenceTd\">Contract ID Number:\u00a0 for SPAN 4 -- specifies the unique internal ID number for this contract</td></tr><tr><td class=\"confluenceTd\">5</td><td class=\"confluenceTd\">167</td><td class=\"confluenceTd\">171</td><td class=\"confluenceTd\">AN</td><td class=\"confluenceTd\">X(5)</td><td class=\"confluenceTd\">Business Function:\u00a0 for SPAN 4 -- specifies the business function for which this position is defined</td></tr><tr><td class=\"confluenceTd\">5</td><td class=\"confluenceTd\">172</td><td class=\"confluenceTd\">176</td><td class=\"confluenceTd\">AN</td><td class=\"confluenceTd\">X(5)</td><td class=\"confluenceTd\">Clearing Member Firm -- for SPAN 4 -- provides the full five bytes for the clearing member firm ID</td></tr><tr><td class=\"confluenceTd\">15</td><td class=\"confluenceTd\">177</td><td class=\"confluenceTd\">191</td><td class=\"confluenceTd\">AN</td><td class=\"confluenceTd\">X(15)</td><td class=\"confluenceTd\">Performance Bond Account ID:\u00a0 for SPAN 4 -- specifies the PB account</td></tr><tr><td class=\"confluenceTd\">5</td><td class=\"confluenceTd\">192</td><td class=\"confluenceTd\">196</td><td class=\"confluenceTd\">AN</td><td class=\"confluenceTd\">X(5)</td><td class=\"confluenceTd\">Position Segregation Type (Origin):\u00a0 for SPAN 4 -- further identifies the performance bond account to which this position pertains</td></tr></tbody></table></div>"
        }
    },
    "status": "current",
    "title": "Expanded Portfolio Data File Layout",
    "id": "457313617",
    "_links": {
        "editui": "/pages/resumedraft.action?draftId=457313617",
        "webui": "/spaces/pubsub/pages/457313617/Expanded+Portfolio+Data+File+Layout",
        "edituiv2": "/spaces/pubsub/pages/edit-v2/457313617",
        "tinyui": "/x/UQ1CGw",
        "base": "https://cmegroupclientsite.atlassian.net/wiki"
    }
}