{
    "data": [
        {
            "type": "heading",
            "text": "Word File"
        },
        {
            "type": "heading",
            "text": "RTF"
        },
        {
            "type": "heading",
            "text": "XSD File"
        },
        {
            "type": "link",
            "text": "Word File",
            "url": "https://www.cmegroup.com/clearing/files/posfile.doc",
            "data-linked-resource-id": null,
            "data-linked-resource-type": null
        },
        {
            "type": "link",
            "text": "RTF",
            "url": "https://www.cmegroup.com/clearing/files/posfile.rtf",
            "data-linked-resource-id": null,
            "data-linked-resource-type": null
        },
        {
            "type": "link",
            "text": "XSD File",
            "url": "https://www.cmegroup.com/clearing/files/posfile.xsd",
            "data-linked-resource-id": null,
            "data-linked-resource-type": null
        },
        {
            "type": "confluence_tables",
            "text": []
        }
    ],
    "page_id": "457313850",
    "child_page_ids": []
}