{
    "parentId": "457083480",
    "lastOwnerId": null,
    "spaceId": "457312811",
    "ownerId": "60653f79352e1e0069fb728f",
    "createdAt": "2024-12-21T16:43:54.888Z",
    "authorId": "60653f79352e1e0069fb728f",
    "parentType": "page",
    "position": 474969874,
    "version": {
        "number": 1,
        "message": "",
        "minorEdit": false,
        "authorId": "60653f79352e1e0069fb728f",
        "createdAt": "2024-12-21T16:43:56.240Z"
    },
    "body": {
        "export_view": {
            "representation": "export_view",
            "value": "<div class=\"table-wrap\"><table class=\"confluenceTable\"><tbody><tr><th class=\"confluenceTh\">Length</th><th class=\"confluenceTh\">From</th><th class=\"confluenceTh\">To</th><th class=\"confluenceTh\">Datatype</th><th class=\"confluenceTh\">Format</th><th class=\"confluenceTh\">Description and Comments</th></tr><tr><td class=\"confluenceTd\">1</td><td class=\"confluenceTd\">1</td><td class=\"confluenceTd\">1</td><td class=\"confluenceTd\">AN</td><td class=\"confluenceTd\">X</td><td class=\"confluenceTd\">Record ID - &quot;S&quot;</td></tr><tr><td class=\"confluenceTd\">3</td><td class=\"confluenceTd\">2</td><td class=\"confluenceTd\">4</td><td class=\"confluenceTd\">AN</td><td class=\"confluenceTd\">X(3)</td><td class=\"confluenceTd\">Combined Commodity Code</td></tr><tr><td class=\"confluenceTd\">2</td><td class=\"confluenceTd\">5</td><td class=\"confluenceTd\">6</td><td class=\"confluenceTd\">AN</td><td class=\"confluenceTd\">X(2)</td><td class=\"confluenceTd\">Scanning / Intercommodity Spreading Method Code:<br/>-\u00a0<strong>&quot;01&quot;</strong>\u00a0for\u00a0<strong>non-tiered processing</strong>\u00a0(<em>ie</em>, all the contract months together constitute a single tier for both scanning and intercommodity spreading)<br/>-\u00a0<strong>&quot;02&quot;</strong>\u00a0for each futures contract month as its own scanning and intercommodity spreading tier<br/>-\u00a0<strong>&quot;10&quot;</strong>\u00a0for\u00a0<strong>table-driven tiered scanning</strong>\u00a0with non-tiered intercommodity spreading<br/>-\u00a0<strong>&quot;20&quot;</strong>\u00a0for\u00a0<strong>table-driven tiered intercommodity spreading</strong>\u00a0with non-tiered scanning<br/>-\u00a0<strong>&quot;21&quot;</strong>\u00a0for\u00a0<strong>table-driven tiered scanning and tiered intercommodity spreading</strong>, with\u00a0<strong>identical tier definitions\u00a0</strong>for scanning and intercommodity spreading<br/>-\u00a0<strong>&quot;22&quot;</strong>\u00a0for\u00a0<strong>table-driven tiered scanning</strong>\u00a0<strong>and tiered intercommodity spreading</strong>, with scanning tiers and intercommodity spreading tiers defined independently, and with this record containing\u00a0<strong>scanning tier definitions<br/></strong>-\u00a0<strong>&quot;23&quot;</strong>\u00a0for\u00a0<strong>table-driven tiered scanning and tiered intercommodity spreading</strong>, with scanning tiers and intercommodity spreading tiers defined independently, and with this record containing\u00a0<strong>intercommodity spreading tier definitions</strong></td></tr><tr><td class=\"confluenceTd\">2</td><td class=\"confluenceTd\">7</td><td class=\"confluenceTd\">8</td><td class=\"confluenceTd\">N</td><td class=\"confluenceTd\">9(2)</td><td class=\"confluenceTd\">Number of Tiers</td></tr><tr><td class=\"confluenceTd\">2</td><td class=\"confluenceTd\">9</td><td class=\"confluenceTd\">10</td><td class=\"confluenceTd\">N</td><td class=\"confluenceTd\">9(2)</td><td class=\"confluenceTd\">Tier 1 - Tier number</td></tr><tr><td class=\"confluenceTd\">6</td><td class=\"confluenceTd\">11</td><td class=\"confluenceTd\">16</td><td class=\"confluenceTd\">N</td><td class=\"confluenceTd\">9(6)</td><td class=\"confluenceTd\">Tier 1 - Starting Contract Month as\u00a0<strong>CCYYMM</strong></td></tr><tr><td class=\"confluenceTd\">6</td><td class=\"confluenceTd\">17</td><td class=\"confluenceTd\">22</td><td class=\"confluenceTd\">N</td><td class=\"confluenceTd\">9(6)</td><td class=\"confluenceTd\">Tier 1 - Ending Contract Month as\u00a0<strong>CCYYMM</strong></td></tr><tr><td class=\"confluenceTd\">2</td><td class=\"confluenceTd\">23</td><td class=\"confluenceTd\">24</td><td class=\"confluenceTd\">N</td><td class=\"confluenceTd\">9(2)</td><td class=\"confluenceTd\">Tier 2 - Tier number</td></tr><tr><td class=\"confluenceTd\">6</td><td class=\"confluenceTd\">25</td><td class=\"confluenceTd\">30</td><td class=\"confluenceTd\">N</td><td class=\"confluenceTd\">9(6)</td><td class=\"confluenceTd\">Tier 2 - Starting Contract Month as\u00a0<strong>CCYYMM</strong></td></tr><tr><td class=\"confluenceTd\">6</td><td class=\"confluenceTd\">31</td><td class=\"confluenceTd\">36</td><td class=\"confluenceTd\">N</td><td class=\"confluenceTd\">9(6)</td><td class=\"confluenceTd\">Tier 2 - Ending Contract Month as\u00a0<strong>CCYYMM</strong></td></tr><tr><td class=\"confluenceTd\">2</td><td class=\"confluenceTd\">37</td><td class=\"confluenceTd\">38</td><td class=\"confluenceTd\">N</td><td class=\"confluenceTd\">9(2)</td><td class=\"confluenceTd\">Tier 3 - Tier number</td></tr><tr><td class=\"confluenceTd\">6</td><td class=\"confluenceTd\">39</td><td class=\"confluenceTd\">44</td><td class=\"confluenceTd\">N</td><td class=\"confluenceTd\">9(6)</td><td class=\"confluenceTd\">Tier 3 - Starting Contract Month as\u00a0<strong>CCYYMM</strong></td></tr><tr><td class=\"confluenceTd\">6</td><td class=\"confluenceTd\">45</td><td class=\"confluenceTd\">50</td><td class=\"confluenceTd\">N</td><td class=\"confluenceTd\">9(6)</td><td class=\"confluenceTd\">Tier 3 - Ending Contract Month as\u00a0<strong>CCYYMM</strong></td></tr><tr><td class=\"confluenceTd\">2</td><td class=\"confluenceTd\">51</td><td class=\"confluenceTd\">52</td><td class=\"confluenceTd\">N</td><td class=\"confluenceTd\">9(2)</td><td class=\"confluenceTd\">Tier 4 - Tier number</td></tr><tr><td class=\"confluenceTd\">6</td><td class=\"confluenceTd\">53</td><td class=\"confluenceTd\">58</td><td class=\"confluenceTd\">N</td><td class=\"confluenceTd\">9(6)</td><td class=\"confluenceTd\">Tier 4 - Starting Contract Month as\u00a0<strong>CCYYMM</strong></td></tr><tr><td class=\"confluenceTd\">6</td><td class=\"confluenceTd\">59</td><td class=\"confluenceTd\">64</td><td class=\"confluenceTd\">N</td><td class=\"confluenceTd\">9(6)</td><td class=\"confluenceTd\">Tier 4 - Ending Contract Month as\u00a0<strong>CCYYMM</strong></td></tr><tr><td class=\"confluenceTd\">2</td><td class=\"confluenceTd\">65</td><td class=\"confluenceTd\">66</td><td class=\"confluenceTd\">N</td><td class=\"confluenceTd\">9(2)</td><td class=\"confluenceTd\">Tier 5 - Tier number</td></tr><tr><td class=\"confluenceTd\">6</td><td class=\"confluenceTd\">67</td><td class=\"confluenceTd\">72</td><td class=\"confluenceTd\">N</td><td class=\"confluenceTd\">9(6)</td><td class=\"confluenceTd\">Tier 5 - Starting Contract Month as\u00a0<strong>CCYYMM</strong></td></tr><tr><td class=\"confluenceTd\">6</td><td class=\"confluenceTd\">73</td><td class=\"confluenceTd\">78</td><td class=\"confluenceTd\">N</td><td class=\"confluenceTd\">9(6)</td><td class=\"confluenceTd\">Tier 5 - Ending Contract Month as\u00a0<strong>CCYYMM</strong></td></tr><tr><td class=\"confluenceTd\">1</td><td class=\"confluenceTd\">79</td><td class=\"confluenceTd\">79</td><td class=\"confluenceTd\">AN</td><td class=\"confluenceTd\">X</td><td class=\"confluenceTd\">Weighted Futures Price Risk Calculation Method -\u00a0<strong>1</strong>\u00a0for the normal calculation in which price risk is evaluated and then divided by net delta,\u00a0<strong>2</strong>\u00a0for the normal method but where the value is capped at the futures price scan range, and\u00a0<strong>3</strong>\u00a0for the special method in which the value is set to the futures price scan range</td></tr><tr><td class=\"confluenceTd\">1</td><td class=\"confluenceTd\">80</td><td class=\"confluenceTd\">80</td><td class=\"confluenceTd\">-</td><td class=\"confluenceTd\">-</td><td class=\"confluenceTd\">Filler</td></tr></tbody></table></div><p><strong>Notes:</strong></p><ol><li>Type &quot;S&quot; records are optional. If not present for a combined commodity, method &quot;01&quot; -- standard scanning -- is assumed, and it is assumed that intercommodity spreading is done across all contract months and that the weighted futures price risk calculation method is\u00a0<strong>1</strong>, the standard method.<br/><br/></li><li>The tier fields are not meaningful for scanning methods &quot;01&quot; or &quot;02&quot;.\u00a0<br/><br/></li><li>If there are more than five scanning and/or intercommodity spreading tiers for a combined commodity, additional type &quot;S&quot; records follow the first immediately.\u00a0</li></ol>"
        }
    },
    "status": "current",
    "title": "Type S Record - Standard",
    "id": "457314413",
    "_links": {
        "editui": "/pages/resumedraft.action?draftId=457314413",
        "webui": "/spaces/pubsub/pages/457314413/Type+S+Record+-+Standard",
        "edituiv2": "/spaces/pubsub/pages/edit-v2/457314413",
        "tinyui": "/x/bRBCGw",
        "base": "https://cmegroupclientsite.atlassian.net/wiki"
    }
}