{
    "parentId": "457083133",
    "ownerId": "60653f79352e1e0069fb728f",
    "lastOwnerId": null,
    "createdAt": "2024-12-21T16:43:16.919Z",
    "authorId": "60653f79352e1e0069fb728f",
    "parentType": "page",
    "position": 403446747,
    "version": {
        "number": 1,
        "message": "",
        "minorEdit": false,
        "authorId": "60653f79352e1e0069fb728f",
        "createdAt": "2024-12-21T16:43:18.203Z"
    },
    "status": "current",
    "body": {
        "export_view": {
            "representation": "export_view",
            "value": "<p>This report classifies the scanning risk losses or gains for the active scenario position by position.\u00a0 This report is particularly helpful in breaking down the performance bond requirement to the position level.\u00a0 Note:\u00a0 in Span credits are shown as negative values and debits as positive values.</p><p><strong>Exch Cmplx:\u00a0\u00a0\u00a0 Exchange Complex</strong></p><p>The exchange complex, clearing organization or cross margining agreement.\u00a0 The Exchange Complex contains the set of Combined Commodities for a single exchange, clearing organization or cross margining agreement (although in some cases the Exchange Complex may have more than one exchange).\u00a0 To view the complete listing of Exchange Complexes refer to the Exchanges report under the reports Master folder.</p><p><strong>Comb Comm:\u00a0\u00a0\u00a0 Combined Commodity</strong></p><p>The set of all eligible products used to generate a total requirement for each Exchange Complex within a portfolio.\u00a0 A Combined Commodity generally consists of all products of the same underlying physical. For example, at the CME, the Eurodollar combined commodity encompasses Mid-Curve options, Eurodollars and Eurodollar options.\u00a0 To view the complete listing of Combined Commodities, refer to the Combined Commodities report under the Risk Parameters folder.</p><p><strong>Product:</strong></p><p>Each Exchange has Products grouped into families.\u00a0 Span defines the Products by:</p><ul><li>ID - Span assigns an internal product ID number to each product within a family\u00a0</li><li>Code - The Combined Commodity.\u00a0 For example, SP is the code for the family of products with the underlying physical S&amp;P 500 index.</li><li>Type - Identifies the product.\u00a0 Futures are Fut, options on futures are FutOpt, etc.\u00a0 To view a complete listing of product IDs, Codes and Types, refer to the Products By Combined Commodity Report under the Risk Parameters folder.</li></ul><p><strong>Contract:</strong></p><p>Span defines the Contract by:</p><ul><li>ID - An internal contract ID number is assigned to each contract within a product family</li><li>Alias - The alias gives the Contract month and year in yyyymm format.\u00a0 For options contracts, the alias also includes &quot;C&quot; or &quot;P&quot; for call or put, and the strike price.\u00a0 For example, <u>200107 on 200109C 1380</u> is the alias for an July 2001 1380 Call with an underlying September 2000 future.</li></ul><p><strong>Net Posn:</strong>\u00a0 The net position of each contract in\u00a0 portfolio.</p><p><strong>Active Value:</strong>\u00a0 The scan risk for the active scenario per each single product contract.</p><p><strong>Scan Contribution:</strong>\u00a0 The Span-calculated per net contract performance bond scan risk value by total position.\u00a0 Equal to the Net Position multiplied by the Active Value.</p>"
        }
    },
    "title": "Scan Risk Contributions Report",
    "spaceId": "457312811",
    "id": "457314069",
    "_links": {
        "editui": "/pages/resumedraft.action?draftId=457314069",
        "webui": "/spaces/pubsub/pages/457314069/Scan+Risk+Contributions+Report",
        "edituiv2": "/spaces/pubsub/pages/edit-v2/457314069",
        "tinyui": "/x/FQ9CGw",
        "base": "https://cmegroupclientsite.atlassian.net/wiki"
    }
}