{
    "data": [
        {
            "type": "heading",
            "text": "Notes:"
        },
        {
            "type": "confluence_tables",
            "text": [
                {
                    "headers": [
                        "Length",
                        "From",
                        "To",
                        "Datatype",
                        "Format",
                        "Description and Comments"
                    ],
                    "rows": [
                        {
                            "cells": [
                                "2",
                                "1",
                                "2",
                                "AN",
                                "X",
                                "Record ID - \"5 \""
                            ],
                            "links": []
                        },
                        {
                            "cells": [
                                "5",
                                "3",
                                "7",
                                "AN",
                                "X(5)",
                                "Combined Commodity Group Code"
                            ],
                            "links": []
                        },
                        {
                            "cells": [
                                "7",
                                "8",
                                "14",
                                "-",
                                "-",
                                "Filler"
                            ],
                            "links": []
                        },
                        {
                            "cells": [
                                "6",
                                "15",
                                "20",
                                "AN",
                                "X(6)",
                                "Combined Commodity Code 1"
                            ],
                            "links": []
                        },
                        {
                            "cells": [
                                "6",
                                "21",
                                "26",
                                "AN",
                                "X(6)",
                                "Combined Commodity Code 2"
                            ],
                            "links": []
                        },
                        {
                            "cells": [
                                "6",
                                "27",
                                "32",
                                "AN",
                                "X(6)",
                                "Combined Commodity Code 3"
                            ],
                            "links": []
                        },
                        {
                            "cells": [
                                "6",
                                "33",
                                "38",
                                "AN",
                                "X(6)",
                                "Combined Commodity Code 4"
                            ],
                            "links": []
                        },
                        {
                            "cells": [
                                "6",
                                "39",
                                "44",
                                "AN",
                                "X(6)",
                                "Combined Commodity Code 5"
                            ],
                            "links": []
                        },
                        {
                            "cells": [
                                "6",
                                "45",
                                "50",
                                "AN",
                                "X(6)",
                                "Combined Commodity Code 6"
                            ],
                            "links": []
                        },
                        {
                            "cells": [
                                "6",
                                "51",
                                "56",
                                "AN",
                                "X(6)",
                                "Combined Commodity Code 7"
                            ],
                            "links": []
                        },
                        {
                            "cells": [
                                "6",
                                "57",
                                "62",
                                "AN",
                                "X(6)",
                                "Combined Commodity Code 8"
                            ],
                            "links": []
                        },
                        {
                            "cells": [
                                "6",
                                "63",
                                "68",
                                "AN",
                                "X(6)",
                                "Combined Commodity Code 9"
                            ],
                            "links": []
                        },
                        {
                            "cells": [
                                "6",
                                "69",
                                "74",
                                "AN",
                                "X(6)",
                                "Combined Commodity Code 10"
                            ],
                            "links": []
                        },
                        {
                            "cells": [
                                "58",
                                "75",
                                "132",
                                "-",
                                "-",
                                "Filler"
                            ],
                            "links": []
                        }
                    ]
                }
            ]
        }
    ],
    "page_id": "457314372",
    "child_page_ids": []
}