{
    "data": [
        {
            "type": "heading",
            "text": "Overall for Portfolio:The portfolio's total equity broken down by Ledger Balance, Open Trade Equity and Securities on Deposit"
        },
        {
            "type": "heading",
            "text": "Core Maintenance Requirement/Total Requirement:Equal to the Span Maintenance Requirement less the Available Net Option Value"
        },
        {
            "type": "heading",
            "text": "Excess Over (Deficit Under):(Net Liquidating Value + Securities) - (Maintenance Span Requirement)"
        },
        {
            "type": "heading",
            "text": "Core Initial Requirement/Total Requirement:Equal to the Span Initial Requirement less the Available Net Option Value"
        },
        {
            "type": "heading",
            "text": "Excess Over (Deficit Under):(Net Liquidating Value + Securities) - (Initial Span Requirement)"
        },
        {
            "type": "heading",
            "text": "Net Liquidating Value + Securities:Total Equity plus Available Net Option Value"
        },
        {
            "type": "heading",
            "text": "Level:The breakdown of performance bond requirements at the overall level, and by each currency in the portfolio."
        },
        {
            "type": "heading",
            "text": "Curr:The currency used for each product and for the overall portfolio.\u00a0 Span gives the option of using different currencies for overall portfolio requirements and\u00a0 for each product's performance bond requirements."
        },
        {
            "type": "heading",
            "text": "LOV:Long Option Value"
        },
        {
            "type": "heading",
            "text": "SOV:Short Option Value"
        },
        {
            "type": "heading",
            "text": "Class:Specifies the different levels of performance bond requirements.\u00a0 This allows an exchange or clearing organization to divide it's performance bond requirement into different, acceptable forms of collateral."
        },
        {
            "type": "heading",
            "text": "Maint/Init:Identifies whether a performance bond requirement is a Maintenance Requirement or an Initial Requirement."
        },
        {
            "type": "heading",
            "text": "SpanReq:The requirement derived by Span which reflects the hypothetical single-day exposure given the Exchange or Clearing Organization's parameters.\u00a0 It is calculated by taking the Scan Risk and adding to it any intra-commodity, spot or Short Option Minimum charges, and deducting any inter-commodity or inter-exchange credits."
        },
        {
            "type": "heading",
            "text": "Av NOV :Available Net Option Value"
        },
        {
            "type": "heading",
            "text": "Scan/Scen:The Scan Risk/Risk Scenario"
        },
        {
            "type": "heading",
            "text": "Intracom Charge:\u00a0\u00a0\u00a0 Intra-commodity Charge"
        },
        {
            "type": "heading",
            "text": "Spot:\u00a0\u00a0\u00a0\u00a0 Spot Charge"
        },
        {
            "type": "heading",
            "text": "Inter/Delta:\u00a0\u00a0\u00a0 The Inter-Commodity Credit/Delta Remaining"
        },
        {
            "type": "heading",
            "text": "Intex:\u00a0\u00a0\u00a0 Inter-Exchange Credit"
        },
        {
            "type": "heading",
            "text": "SOM:\u00a0\u00a0\u00a0 Short Option Minimum"
        },
        {
            "type": "confluence_tables",
            "text": []
        }
    ],
    "page_id": "457313739",
    "child_page_ids": []
}