{
    "data": [
        {
            "type": "heading",
            "text": "Comb Comm:Combined Commodity"
        },
        {
            "type": "heading",
            "text": "Tier #:Shows the overall and individual tiers"
        },
        {
            "type": "heading",
            "text": "Start Period:The beginning date of the tier"
        },
        {
            "type": "heading",
            "text": "End Period:The ending date of the tier"
        },
        {
            "type": "heading",
            "text": "Rate ID:Span assigns an ID for each Short Option Minimum charge rate"
        },
        {
            "type": "heading",
            "text": "Rate:The Short Option Minimum charge rate per tier."
        },
        {
            "type": "confluence_tables",
            "text": []
        }
    ],
    "page_id": "457314197",
    "child_page_ids": []
}