{
    "parentId": "457312916",
    "ownerId": "60653f79352e1e0069fb728f",
    "lastOwnerId": null,
    "createdAt": "2024-12-21T16:41:57.497Z",
    "authorId": "60653f79352e1e0069fb728f",
    "parentType": "page",
    "position": 194,
    "version": {
        "number": 1,
        "message": "",
        "minorEdit": false,
        "authorId": "60653f79352e1e0069fb728f",
        "createdAt": "2024-12-21T16:41:58.969Z"
    },
    "status": "current",
    "body": {
        "export_view": {
            "representation": "export_view",
            "value": "<p>The <strong>Standard Portfolio Analysis of Risk (SPAN)</strong> system is a sophisticated methodology that calculates performance bond requirements by analyzing the &quot;what-ifs&quot; of virtually any market scenario. Continually enhanced and elaborated, the SPAN methodology can be used to evaluate risk for the broadest possible range of derivative and physical instruments. Although originally designed for use with derivatives, its extraordinary capabilities have led to its extensive use in assessing risk for many different types of financial instruments.</p><p>Now in its fourth generation of functionality, SPAN has evolved into a suite of three software products designed to meet the needs of a wide range of customers:</p><ul><li><a href=\"https://cmegroupclientsite.atlassian.net/wiki/spaces/pubsub/pages/457411024/Use+PC-SPAN\" data-linked-resource-id=\"457411024\" data-linked-resource-version=\"1\" data-linked-resource-type=\"page\">PC-SPAN</a>\u00a0- A single-user desktop application that offers margin calculation across multiple exchanges.\u00a0</li><li><a href=\"https://cmegroupclientsite.atlassian.net/wiki/spaces/pubsub/pages/457083187/SPAN+Risk+Manager\" data-linked-resource-id=\"457083187\" data-linked-resource-version=\"1\" data-linked-resource-type=\"page\">SPAN Risk Manager</a>\u00a0- PC-SPAN <em>plus</em> risk analytics.</li><li><a href=\"https://cmegroupclientsite.atlassian.net/wiki/spaces/pubsub/pages/457313512/Component+Interface+for+Version+4+of+PC-SPAN+SPAN+Risk+Manager+and+SPAN+Risk+Manager+Clearing\" data-linked-resource-id=\"457313512\" data-linked-resource-version=\"1\" data-linked-resource-type=\"page\">SPAN Risk Manager Clearing</a>\u00a0- SPAN Risk Manager plus real-time margining, plus risk array calculations and production of SPAN risk parameter files.</li></ul><h2 id=\"SPANOverview-Contents\">Contents</h2><p><ul class='childpages-macro'><li><a href=\"https://cmegroupclientsite.atlassian.net/wiki/spaces/pubsub/pages/457082909/System+Requirements\" data-linked-resource-id=\"457082909\" data-linked-resource-version=\"1\" data-linked-resource-type=\"page\">System Requirements</a></li><li><a href=\"https://cmegroupclientsite.atlassian.net/wiki/spaces/pubsub/pages/457082941/Quick+Installation\" data-linked-resource-id=\"457082941\" data-linked-resource-version=\"1\" data-linked-resource-type=\"page\">Quick Installation</a></li><li><a href=\"https://cmegroupclientsite.atlassian.net/wiki/spaces/pubsub/pages/457313403/Quick+Tour\" data-linked-resource-id=\"457313403\" data-linked-resource-version=\"1\" data-linked-resource-type=\"page\">Quick Tour</a></li><li><a href=\"https://cmegroupclientsite.atlassian.net/wiki/spaces/pubsub/pages/457411024/Use+PC-SPAN\" data-linked-resource-id=\"457411024\" data-linked-resource-version=\"1\" data-linked-resource-type=\"page\">Use PC-SPAN</a><ul class='childpages-macro'><li><a href=\"https://cmegroupclientsite.atlassian.net/wiki/spaces/pubsub/pages/457313493/User+Tips\" data-linked-resource-id=\"457313493\" data-linked-resource-version=\"1\" data-linked-resource-type=\"page\">User Tips</a></li><li><a href=\"https://cmegroupclientsite.atlassian.net/wiki/spaces/pubsub/pages/457083100/Calculating+Performance+Bond+Requirements\" data-linked-resource-id=\"457083100\" data-linked-resource-version=\"1\" data-linked-resource-type=\"page\">Calculating Performance Bond Requirements</a></li><li><a href=\"https://cmegroupclientsite.atlassian.net/wiki/spaces/pubsub/pages/457411067/Defining+Portfolios\" data-linked-resource-id=\"457411067\" data-linked-resource-version=\"1\" data-linked-resource-type=\"page\">Defining Portfolios</a></li><li><a href=\"https://cmegroupclientsite.atlassian.net/wiki/spaces/pubsub/pages/457214561/Defining+Positions\" data-linked-resource-id=\"457214561\" data-linked-resource-version=\"1\" data-linked-resource-type=\"page\">Defining Positions</a></li><li><a href=\"https://cmegroupclientsite.atlassian.net/wiki/spaces/pubsub/pages/457083256/Loading+SPAN+Risk+Parameter+Files\" data-linked-resource-id=\"457083256\" data-linked-resource-version=\"1\" data-linked-resource-type=\"page\">Loading SPAN Risk Parameter Files</a></li><li><a href=\"https://cmegroupclientsite.atlassian.net/wiki/spaces/pubsub/pages/457214646/PC-SPAN+Reports\" data-linked-resource-id=\"457214646\" data-linked-resource-version=\"1\" data-linked-resource-type=\"page\">PC-SPAN Reports</a></li></ul></li><li><a href=\"https://cmegroupclientsite.atlassian.net/wiki/spaces/pubsub/pages/457313476/PC-SPAN+Interfaces+and+Utilities\" data-linked-resource-id=\"457313476\" data-linked-resource-version=\"1\" data-linked-resource-type=\"page\">PC-SPAN Interfaces and Utilities</a><ul class='childpages-macro'><li><a href=\"https://cmegroupclientsite.atlassian.net/wiki/spaces/pubsub/pages/457313512/Component+Interface+for+Version+4+of+PC-SPAN+SPAN+Risk+Manager+and+SPAN+Risk+Manager+Clearing\" data-linked-resource-id=\"457313512\" data-linked-resource-version=\"1\" data-linked-resource-type=\"page\">Component Interface for Version 4 of PC-SPAN, SPAN Risk Manager, and SPAN Risk Manager Clearing</a></li><li><a href=\"https://cmegroupclientsite.atlassian.net/wiki/spaces/pubsub/pages/457214519/Option+Pricing+Models+Interfaces+and+Methods\" data-linked-resource-id=\"457214519\" data-linked-resource-version=\"1\" data-linked-resource-type=\"page\">Option Pricing Models Interfaces and Methods</a></li><li><a href=\"https://cmegroupclientsite.atlassian.net/wiki/spaces/pubsub/pages/457411097/Running+PC-SPAN+Reports+and+Export+Datafiles+in+Batch\" data-linked-resource-id=\"457411097\" data-linked-resource-version=\"1\" data-linked-resource-type=\"page\">Running PC-SPAN Reports and Export Datafiles in Batch</a></li><li><a href=\"https://cmegroupclientsite.atlassian.net/wiki/spaces/pubsub/pages/457083279/Script+Language+for+PC-SPAN+v.4.05+and+SPAN+Risk+Manager\" data-linked-resource-id=\"457083279\" data-linked-resource-version=\"1\" data-linked-resource-type=\"page\">Script Language for PC-SPAN v.4.05 and SPAN Risk Manager</a></li><li><a href=\"https://cmegroupclientsite.atlassian.net/wiki/spaces/pubsub/pages/457313662/Using+PC-SPAN+version+4.02+for+TRAKRS\" data-linked-resource-id=\"457313662\" data-linked-resource-version=\"1\" data-linked-resource-type=\"page\">Using PC-SPAN version 4.02 for TRAKRS</a></li></ul></li><li><a href=\"https://cmegroupclientsite.atlassian.net/wiki/spaces/pubsub/pages/457083087/Layout+Guides\" data-linked-resource-id=\"457083087\" data-linked-resource-version=\"1\" data-linked-resource-type=\"page\">Layout Guides</a><ul class='childpages-macro'><li><a href=\"https://cmegroupclientsite.atlassian.net/wiki/spaces/pubsub/pages/457083146/Additional+XML+formats+recognized+by+PC-SPAN\" data-linked-resource-id=\"457083146\" data-linked-resource-version=\"1\" data-linked-resource-type=\"page\">Additional XML formats recognized by PC-SPAN</a></li><li><a href=\"https://cmegroupclientsite.atlassian.net/wiki/spaces/pubsub/pages/457083223/Standard+Portfolio+Data+File+Layout\" data-linked-resource-id=\"457083223\" data-linked-resource-version=\"1\" data-linked-resource-type=\"page\">Standard Portfolio Data File Layout</a></li><li><a href=\"https://cmegroupclientsite.atlassian.net/wiki/spaces/pubsub/pages/457313617/Expanded+Portfolio+Data+File+Layout\" data-linked-resource-id=\"457313617\" data-linked-resource-version=\"1\" data-linked-resource-type=\"page\">Expanded Portfolio Data File Layout</a></li><li><a href=\"https://cmegroupclientsite.atlassian.net/wiki/spaces/pubsub/pages/457313675/Daily+Adjustment+History+Files\" data-linked-resource-id=\"457313675\" data-linked-resource-version=\"1\" data-linked-resource-type=\"page\">Daily Adjustment History Files</a></li><li><a href=\"https://cmegroupclientsite.atlassian.net/wiki/spaces/pubsub/pages/457411222/Paris+Expanded+SPAN+File+Format+for+MATIF+and+Monep+Products\" data-linked-resource-id=\"457411222\" data-linked-resource-version=\"1\" data-linked-resource-type=\"page\">Paris Expanded SPAN File Format for MATIF and Monep Products</a></li><li><a href=\"https://cmegroupclientsite.atlassian.net/wiki/spaces/pubsub/pages/457083445/Risk+Parameter+File+Layouts+for+the+Positional+Formats\" data-linked-resource-id=\"457083445\" data-linked-resource-version=\"1\" data-linked-resource-type=\"page\">Risk Parameter File Layouts for the Positional Formats</a><ul class='childpages-macro'><li><a href=\"https://cmegroupclientsite.atlassian.net/wiki/spaces/pubsub/pages/457083480/Standard\" data-linked-resource-id=\"457083480\" data-linked-resource-version=\"1\" data-linked-resource-type=\"page\">Standard</a><ul class='childpages-macro'><li><a href=\"https://cmegroupclientsite.atlassian.net/wiki/spaces/pubsub/pages/457214858/Type+1+Records+-+Standard\" data-linked-resource-id=\"457214858\" data-linked-resource-version=\"1\" data-linked-resource-type=\"page\">Type 1 Records - Standard</a></li><li><a href=\"https://cmegroupclientsite.atlassian.net/wiki/spaces/pubsub/pages/457411411/Type+0+Records+-+Standard\" data-linked-resource-id=\"457411411\" data-linked-resource-version=\"1\" data-linked-resource-type=\"page\">Type 0 Records - Standard</a></li><li><a href=\"https://cmegroupclientsite.atlassian.net/wiki/spaces/pubsub/pages/457314082/Type+4+Record+-+Standard\" data-linked-resource-id=\"457314082\" data-linked-resource-version=\"1\" data-linked-resource-type=\"page\">Type 4 Record - Standard</a></li><li><a href=\"https://cmegroupclientsite.atlassian.net/wiki/spaces/pubsub/pages/457411492/Type+5+Record+-+Standard\" data-linked-resource-id=\"457411492\" data-linked-resource-version=\"1\" data-linked-resource-type=\"page\">Type 5 Record - Standard</a></li><li><a href=\"https://cmegroupclientsite.atlassian.net/wiki/spaces/pubsub/pages/457314153/Type+2+Record+-+Standard\" data-linked-resource-id=\"457314153\" data-linked-resource-version=\"1\" data-linked-resource-type=\"page\">Type 2 Record - Standard</a></li><li><a href=\"https://cmegroupclientsite.atlassian.net/wiki/spaces/pubsub/pages/457411562/Type+3+Record+-+Standard\" data-linked-resource-id=\"457411562\" data-linked-resource-version=\"1\" data-linked-resource-type=\"page\">Type 3 Record - Standard</a></li><li><a href=\"https://cmegroupclientsite.atlassian.net/wiki/spaces/pubsub/pages/457215013/Type+9+Records+-+Standard\" data-linked-resource-id=\"457215013\" data-linked-resource-version=\"1\" data-linked-resource-type=\"page\">Type 9 Records - Standard</a></li><li><a href=\"https://cmegroupclientsite.atlassian.net/wiki/spaces/pubsub/pages/457314222/Type+B+Record+-+Standard\" data-linked-resource-id=\"457314222\" data-linked-resource-version=\"1\" data-linked-resource-type=\"page\">Type B Record - Standard</a></li><li><a href=\"https://cmegroupclientsite.atlassian.net/wiki/spaces/pubsub/pages/457083904/Type+6+Record+-+Standard\" data-linked-resource-id=\"457083904\" data-linked-resource-version=\"1\" data-linked-resource-type=\"page\">Type 6 Record  - Standard</a></li><li><a href=\"https://cmegroupclientsite.atlassian.net/wiki/spaces/pubsub/pages/457314279/Type+8+Records+-+Standard\" data-linked-resource-id=\"457314279\" data-linked-resource-version=\"1\" data-linked-resource-type=\"page\">Type 8 Records - Standard</a></li><li><a href=\"https://cmegroupclientsite.atlassian.net/wiki/spaces/pubsub/pages/457083949/Type+R+Record+-+Standard\" data-linked-resource-id=\"457083949\" data-linked-resource-version=\"1\" data-linked-resource-type=\"page\">Type R Record - Standard</a></li><li><a href=\"https://cmegroupclientsite.atlassian.net/wiki/spaces/pubsub/pages/457215146/Type+C+Record+-+Standard\" data-linked-resource-id=\"457215146\" data-linked-resource-version=\"1\" data-linked-resource-type=\"page\">Type C Record - Standard</a></li><li><a href=\"https://cmegroupclientsite.atlassian.net/wiki/spaces/pubsub/pages/457215179/Type+E+Record+-+Standard\" data-linked-resource-id=\"457215179\" data-linked-resource-version=\"1\" data-linked-resource-type=\"page\">Type E Record - Standard</a></li><li><a href=\"https://cmegroupclientsite.atlassian.net/wiki/spaces/pubsub/pages/457411768/Type+V+Record+-+Standard\" data-linked-resource-id=\"457411768\" data-linked-resource-version=\"1\" data-linked-resource-type=\"page\">Type V Record - Standard</a></li><li><a href=\"https://cmegroupclientsite.atlassian.net/wiki/spaces/pubsub/pages/457084084/Type+X+Record+-+Standard+and+Expanded\" data-linked-resource-id=\"457084084\" data-linked-resource-version=\"1\" data-linked-resource-type=\"page\">Type X Record - Standard and Expanded</a></li><li><a href=\"https://cmegroupclientsite.atlassian.net/wiki/spaces/pubsub/pages/457314413/Type+S+Record+-+Standard\" data-linked-resource-id=\"457314413\" data-linked-resource-version=\"1\" data-linked-resource-type=\"page\">Type S Record - Standard</a></li><li><a href=\"https://cmegroupclientsite.atlassian.net/wiki/spaces/pubsub/pages/457215263/Type+Z+Record+-+Standard+and+Expanded\" data-linked-resource-id=\"457215263\" data-linked-resource-version=\"1\" data-linked-resource-type=\"page\">Type Z Record - Standard and Expanded</a></li><li><a href=\"https://cmegroupclientsite.atlassian.net/wiki/spaces/pubsub/pages/457215294/Type+Y+Record+-+Standard+and+Expanded\" data-linked-resource-id=\"457215294\" data-linked-resource-version=\"1\" data-linked-resource-type=\"page\">Type Y Record - Standard and Expanded</a></li></ul></li><li><a href=\"https://cmegroupclientsite.atlassian.net/wiki/spaces/pubsub/pages/457214773/Expanded\" data-linked-resource-id=\"457214773\" data-linked-resource-version=\"1\" data-linked-resource-type=\"page\">Expanded</a><ul class='childpages-macro'><li><a href=\"https://cmegroupclientsite.atlassian.net/wiki/spaces/pubsub/pages/457314015/Type+V+-+Expanded\" data-linked-resource-id=\"457314015\" data-linked-resource-version=\"1\" data-linked-resource-type=\"page\">Type V - Expanded</a></li><li><a href=\"https://cmegroupclientsite.atlassian.net/wiki/spaces/pubsub/pages/457411456/Type+T+-+Paris+Expanded\" data-linked-resource-id=\"457411456\" data-linked-resource-version=\"1\" data-linked-resource-type=\"page\">Type T - Paris Expanded</a></li><li><a href=\"https://cmegroupclientsite.atlassian.net/wiki/spaces/pubsub/pages/457083725/Type+8+-+Expanded\" data-linked-resource-id=\"457083725\" data-linked-resource-version=\"1\" data-linked-resource-type=\"page\">Type 8 - Expanded</a></li><li><a href=\"https://cmegroupclientsite.atlassian.net/wiki/spaces/pubsub/pages/457214982/Type+2+-+Paris+Expanded\" data-linked-resource-id=\"457214982\" data-linked-resource-version=\"1\" data-linked-resource-type=\"page\">Type 2 - Paris Expanded</a></li><li><a href=\"https://cmegroupclientsite.atlassian.net/wiki/spaces/pubsub/pages/457083772/Type+9+-+Paris+Expanded\" data-linked-resource-id=\"457083772\" data-linked-resource-version=\"1\" data-linked-resource-type=\"page\">Type 9 - Paris Expanded</a></li><li><a href=\"https://cmegroupclientsite.atlassian.net/wiki/spaces/pubsub/pages/457083828/Type+R+-+Expanded\" data-linked-resource-id=\"457083828\" data-linked-resource-version=\"1\" data-linked-resource-type=\"page\">Type R - Expanded</a></li><li><a href=\"https://cmegroupclientsite.atlassian.net/wiki/spaces/pubsub/pages/457411595/Type+9+-+Expanded\" data-linked-resource-id=\"457411595\" data-linked-resource-version=\"1\" data-linked-resource-type=\"page\">Type 9 - Expanded</a></li><li><a href=\"https://cmegroupclientsite.atlassian.net/wiki/spaces/pubsub/pages/457314235/Type+1+Records+-+Expanded+and+Paris\" data-linked-resource-id=\"457314235\" data-linked-resource-version=\"1\" data-linked-resource-type=\"page\">Type 1 Records - Expanded and Paris</a></li><li><a href=\"https://cmegroupclientsite.atlassian.net/wiki/spaces/pubsub/pages/457411644/Type+B+-+Paris+Expanded\" data-linked-resource-id=\"457411644\" data-linked-resource-version=\"1\" data-linked-resource-type=\"page\">Type B - Paris Expanded</a></li><li><a href=\"https://cmegroupclientsite.atlassian.net/wiki/spaces/pubsub/pages/457411666/Type+3+-+Paris+Expanded\" data-linked-resource-id=\"457411666\" data-linked-resource-version=\"1\" data-linked-resource-type=\"page\">Type 3 - Paris Expanded</a></li><li><a href=\"https://cmegroupclientsite.atlassian.net/wiki/spaces/pubsub/pages/457083966/Type+P+Record+-+Standard+and+Expanded\" data-linked-resource-id=\"457083966\" data-linked-resource-version=\"1\" data-linked-resource-type=\"page\">Type P Record - Standard and Expanded</a></li><li><a href=\"https://cmegroupclientsite.atlassian.net/wiki/spaces/pubsub/pages/457215159/Type+B+-+Expanded\" data-linked-resource-id=\"457215159\" data-linked-resource-version=\"1\" data-linked-resource-type=\"page\">Type B - Expanded</a></li><li><a href=\"https://cmegroupclientsite.atlassian.net/wiki/spaces/pubsub/pages/457314351/Type+5+-+Expanded\" data-linked-resource-id=\"457314351\" data-linked-resource-version=\"1\" data-linked-resource-type=\"page\">Type 5 - Expanded</a></li><li><a href=\"https://cmegroupclientsite.atlassian.net/wiki/spaces/pubsub/pages/457314372/Type+5+-+Paris+Expanded\" data-linked-resource-id=\"457314372\" data-linked-resource-version=\"1\" data-linked-resource-type=\"page\">Type 5 - Paris Expanded</a></li><li><a href=\"https://cmegroupclientsite.atlassian.net/wiki/spaces/pubsub/pages/457215224/Type+6+-+Paris+Expanded\" data-linked-resource-id=\"457215224\" data-linked-resource-version=\"1\" data-linked-resource-type=\"page\">Type 6 - Paris Expanded</a></li><li><a href=\"https://cmegroupclientsite.atlassian.net/wiki/spaces/pubsub/pages/457314428/Type+8+-+Paris+Expanded\" data-linked-resource-id=\"457314428\" data-linked-resource-version=\"1\" data-linked-resource-type=\"page\">Type 8 - Paris Expanded</a></li><li><a href=\"https://cmegroupclientsite.atlassian.net/wiki/spaces/pubsub/pages/457411817/Type+C+-+Expanded+Format+and+Paris+Expanded\" data-linked-resource-id=\"457411817\" data-linked-resource-version=\"1\" data-linked-resource-type=\"page\">Type C - Expanded Format and Paris Expanded</a></li><li><a href=\"https://cmegroupclientsite.atlassian.net/wiki/spaces/pubsub/pages/457084126/Type+P+-+Paris+Expanded\" data-linked-resource-id=\"457084126\" data-linked-resource-version=\"1\" data-linked-resource-type=\"page\">Type P - Paris Expanded</a></li><li><a href=\"https://cmegroupclientsite.atlassian.net/wiki/spaces/pubsub/pages/457411852/Type+S+-+Expanded+Format+and+Paris+Expanded\" data-linked-resource-id=\"457411852\" data-linked-resource-version=\"1\" data-linked-resource-type=\"page\">Type S - Expanded Format and Paris Expanded</a></li><li><a href=\"https://cmegroupclientsite.atlassian.net/wiki/spaces/pubsub/pages/457215340/Type+2+-+Expanded\" data-linked-resource-id=\"457215340\" data-linked-resource-version=\"1\" data-linked-resource-type=\"page\">Type 2 - Expanded</a></li><li><a href=\"https://cmegroupclientsite.atlassian.net/wiki/spaces/pubsub/pages/457215357/Type+4+-+Paris+Expanded\" data-linked-resource-id=\"457215357\" data-linked-resource-version=\"1\" data-linked-resource-type=\"page\">Type 4 - Paris Expanded</a></li><li><a href=\"https://cmegroupclientsite.atlassian.net/wiki/spaces/pubsub/pages/457314479/Type+T+Record+-+Standard+and+Expanded\" data-linked-resource-id=\"457314479\" data-linked-resource-version=\"1\" data-linked-resource-type=\"page\">Type T Record - Standard and Expanded</a></li><li><a href=\"https://cmegroupclientsite.atlassian.net/wiki/spaces/pubsub/pages/457314509/Type+6+-+Expanded\" data-linked-resource-id=\"457314509\" data-linked-resource-version=\"1\" data-linked-resource-type=\"page\">Type 6 - Expanded</a></li><li><a href=\"https://cmegroupclientsite.atlassian.net/wiki/spaces/pubsub/pages/457084156/Type+3+-+Expanded\" data-linked-resource-id=\"457084156\" data-linked-resource-version=\"1\" data-linked-resource-type=\"page\">Type 3 - Expanded</a></li><li><a href=\"https://cmegroupclientsite.atlassian.net/wiki/spaces/pubsub/pages/457411883/Type+4+-+Expanded\" data-linked-resource-id=\"457411883\" data-linked-resource-version=\"1\" data-linked-resource-type=\"page\">Type 4 - Expanded</a></li></ul></li><li><a href=\"https://cmegroupclientsite.atlassian.net/wiki/spaces/pubsub/pages/457083594/Currency+Codes+Recognized\" data-linked-resource-id=\"457083594\" data-linked-resource-version=\"1\" data-linked-resource-type=\"page\">Currency Codes Recognized</a></li></ul></li><li><a href=\"https://cmegroupclientsite.atlassian.net/wiki/spaces/pubsub/pages/457313850/XML-based+Position+File\" data-linked-resource-id=\"457313850\" data-linked-resource-version=\"1\" data-linked-resource-type=\"page\">XML-based Position File</a></li><li><a href=\"https://cmegroupclientsite.atlassian.net/wiki/spaces/pubsub/pages/457083551/XML-based+Risk+Parameter+File\" data-linked-resource-id=\"457083551\" data-linked-resource-version=\"1\" data-linked-resource-type=\"page\">XML-based Risk Parameter File</a></li></ul></li><li><a href=\"https://cmegroupclientsite.atlassian.net/wiki/spaces/pubsub/pages/457083133/Portfolio+Reports\" data-linked-resource-id=\"457083133\" data-linked-resource-version=\"1\" data-linked-resource-type=\"page\">Portfolio Reports</a><ul class='childpages-macro'><li><a href=\"https://cmegroupclientsite.atlassian.net/wiki/spaces/pubsub/pages/457214571/Intercommodity+Spreading+Tier+Requirements+Report\" data-linked-resource-id=\"457214571\" data-linked-resource-version=\"1\" data-linked-resource-type=\"page\">Intercommodity Spreading Tier Requirements Report</a></li><li><a href=\"https://cmegroupclientsite.atlassian.net/wiki/spaces/pubsub/pages/457411133/Intracommodity+Spreading+Tier+Requirements+Report\" data-linked-resource-id=\"457411133\" data-linked-resource-version=\"1\" data-linked-resource-type=\"page\">Intracommodity Spreading Tier Requirements Report</a></li><li><a href=\"https://cmegroupclientsite.atlassian.net/wiki/spaces/pubsub/pages/457313633/Spreads+Detail+Report\" data-linked-resource-id=\"457313633\" data-linked-resource-version=\"1\" data-linked-resource-type=\"page\">Spreads Detail Report</a></li><li><a href=\"https://cmegroupclientsite.atlassian.net/wiki/spaces/pubsub/pages/457083343/Short+Option+Minimum+Tier+Requirements+Report\" data-linked-resource-id=\"457083343\" data-linked-resource-version=\"1\" data-linked-resource-type=\"page\">Short Option Minimum Tier Requirements Report</a></li><li><a href=\"https://cmegroupclientsite.atlassian.net/wiki/spaces/pubsub/pages/457313739/PB+Requirements+Report\" data-linked-resource-id=\"457313739\" data-linked-resource-version=\"1\" data-linked-resource-type=\"page\">PB Requirements Report</a></li><li><a href=\"https://cmegroupclientsite.atlassian.net/wiki/spaces/pubsub/pages/457411265/Period+Deltas+Report\" data-linked-resource-id=\"457411265\" data-linked-resource-version=\"1\" data-linked-resource-type=\"page\">Period Deltas Report</a></li><li><a href=\"https://cmegroupclientsite.atlassian.net/wiki/spaces/pubsub/pages/457313891/Scanning+Tier+Requirements+Report\" data-linked-resource-id=\"457313891\" data-linked-resource-version=\"1\" data-linked-resource-type=\"page\">Scanning Tier Requirements Report</a></li><li><a href=\"https://cmegroupclientsite.atlassian.net/wiki/spaces/pubsub/pages/457313943/Positions+Report\" data-linked-resource-id=\"457313943\" data-linked-resource-version=\"1\" data-linked-resource-type=\"page\">Positions Report</a></li><li><a href=\"https://cmegroupclientsite.atlassian.net/wiki/spaces/pubsub/pages/457083618/PB+Requirements+Summary\" data-linked-resource-id=\"457083618\" data-linked-resource-version=\"1\" data-linked-resource-type=\"page\">PB Requirements Summary</a></li><li><a href=\"https://cmegroupclientsite.atlassian.net/wiki/spaces/pubsub/pages/457214888/PB+Requirement+Listing\" data-linked-resource-id=\"457214888\" data-linked-resource-version=\"1\" data-linked-resource-type=\"page\">PB Requirement Listing</a></li><li><a href=\"https://cmegroupclientsite.atlassian.net/wiki/spaces/pubsub/pages/457314069/Scan+Risk+Contributions+Report\" data-linked-resource-id=\"457314069\" data-linked-resource-version=\"1\" data-linked-resource-type=\"page\">Scan Risk Contributions Report</a></li></ul></li><li><a href=\"https://cmegroupclientsite.atlassian.net/wiki/spaces/pubsub/pages/457083187/SPAN+Risk+Manager\" data-linked-resource-id=\"457083187\" data-linked-resource-version=\"1\" data-linked-resource-type=\"page\">SPAN Risk Manager</a><ul class='childpages-macro'><li><a href=\"https://cmegroupclientsite.atlassian.net/wiki/spaces/pubsub/pages/457411209/SPAN+Risk+Manager+Functions\" data-linked-resource-id=\"457411209\" data-linked-resource-version=\"1\" data-linked-resource-type=\"page\">SPAN Risk Manager Functions</a></li><li><a href=\"https://cmegroupclientsite.atlassian.net/wiki/spaces/pubsub/pages/457083416/SPAN+Risk+Manager+-+Option+Pricing+Models\" data-linked-resource-id=\"457083416\" data-linked-resource-version=\"1\" data-linked-resource-type=\"page\">SPAN Risk Manager - Option Pricing Models</a></li><li><a href=\"https://cmegroupclientsite.atlassian.net/wiki/spaces/pubsub/pages/457313820/Main+Exposure\" data-linked-resource-id=\"457313820\" data-linked-resource-version=\"1\" data-linked-resource-type=\"page\">Main Exposure</a></li><li><a href=\"https://cmegroupclientsite.atlassian.net/wiki/spaces/pubsub/pages/457411398/Multicommodity+Analysis\" data-linked-resource-id=\"457411398\" data-linked-resource-version=\"1\" data-linked-resource-type=\"page\">Multicommodity Analysis</a></li></ul></li><li><a href=\"https://cmegroupclientsite.atlassian.net/wiki/spaces/pubsub/pages/457411114/Risk+Parameters+Reports\" data-linked-resource-id=\"457411114\" data-linked-resource-version=\"1\" data-linked-resource-type=\"page\">Risk Parameters Reports</a><ul class='childpages-macro'><li><a href=\"https://cmegroupclientsite.atlassian.net/wiki/spaces/pubsub/pages/457313720/Combined+Commodities\" data-linked-resource-id=\"457313720\" data-linked-resource-version=\"1\" data-linked-resource-type=\"page\">Combined Commodities</a></li><li><a href=\"https://cmegroupclientsite.atlassian.net/wiki/spaces/pubsub/pages/457083458/Risk+Arrays\" data-linked-resource-id=\"457083458\" data-linked-resource-version=\"1\" data-linked-resource-type=\"page\">Risk Arrays</a></li><li><a href=\"https://cmegroupclientsite.atlassian.net/wiki/spaces/pubsub/pages/457083512/Contracts\" data-linked-resource-id=\"457083512\" data-linked-resource-version=\"1\" data-linked-resource-type=\"page\">Contracts</a></li><li><a href=\"https://cmegroupclientsite.atlassian.net/wiki/spaces/pubsub/pages/457313965/Intra+Tiers\" data-linked-resource-id=\"457313965\" data-linked-resource-version=\"1\" data-linked-resource-type=\"page\">Intra Tiers</a></li><li><a href=\"https://cmegroupclientsite.atlassian.net/wiki/spaces/pubsub/pages/457083637/Intra+Spreads\" data-linked-resource-id=\"457083637\" data-linked-resource-version=\"1\" data-linked-resource-type=\"page\">Intra Spreads</a></li><li><a href=\"https://cmegroupclientsite.atlassian.net/wiki/spaces/pubsub/pages/457411427/Spot+Periods\" data-linked-resource-id=\"457411427\" data-linked-resource-version=\"1\" data-linked-resource-type=\"page\">Spot Periods</a></li><li><a href=\"https://cmegroupclientsite.atlassian.net/wiki/spaces/pubsub/pages/457083698/Scan+Tiers\" data-linked-resource-id=\"457083698\" data-linked-resource-version=\"1\" data-linked-resource-type=\"page\">Scan Tiers</a></li><li><a href=\"https://cmegroupclientsite.atlassian.net/wiki/spaces/pubsub/pages/457214950/Exchange+Rates\" data-linked-resource-id=\"457214950\" data-linked-resource-version=\"1\" data-linked-resource-type=\"page\">Exchange Rates</a></li><li><a href=\"https://cmegroupclientsite.atlassian.net/wiki/spaces/pubsub/pages/457411520/Risk+Arrays+-+Standard\" data-linked-resource-id=\"457411520\" data-linked-resource-version=\"1\" data-linked-resource-type=\"page\">Risk Arrays - Standard</a></li><li><a href=\"https://cmegroupclientsite.atlassian.net/wiki/spaces/pubsub/pages/457083792/Inter+Tiers\" data-linked-resource-id=\"457083792\" data-linked-resource-version=\"1\" data-linked-resource-type=\"page\">Inter Tiers</a></li><li><a href=\"https://cmegroupclientsite.atlassian.net/wiki/spaces/pubsub/pages/457314197/SOM+Tiers\" data-linked-resource-id=\"457314197\" data-linked-resource-version=\"1\" data-linked-resource-type=\"page\">SOM Tiers</a></li><li><a href=\"https://cmegroupclientsite.atlassian.net/wiki/spaces/pubsub/pages/457215043/Rate+IDs\" data-linked-resource-id=\"457215043\" data-linked-resource-version=\"1\" data-linked-resource-type=\"page\">Rate IDs</a></li><li><a href=\"https://cmegroupclientsite.atlassian.net/wiki/spaces/pubsub/pages/457411624/Inter+Exchange+Spreads\" data-linked-resource-id=\"457411624\" data-linked-resource-version=\"1\" data-linked-resource-type=\"page\">Inter Exchange Spreads</a></li><li><a href=\"https://cmegroupclientsite.atlassian.net/wiki/spaces/pubsub/pages/457215098/Risk+Scenarios\" data-linked-resource-id=\"457215098\" data-linked-resource-version=\"1\" data-linked-resource-type=\"page\">Risk Scenarios</a></li><li><a href=\"https://cmegroupclientsite.atlassian.net/wiki/spaces/pubsub/pages/457314312/Scan+Rate+Tiers\" data-linked-resource-id=\"457314312\" data-linked-resource-version=\"1\" data-linked-resource-type=\"page\">Scan Rate Tiers</a></li><li><a href=\"https://cmegroupclientsite.atlassian.net/wiki/spaces/pubsub/pages/457083999/Inter+Spreads\" data-linked-resource-id=\"457083999\" data-linked-resource-version=\"1\" data-linked-resource-type=\"page\">Inter Spreads</a></li><li><a href=\"https://cmegroupclientsite.atlassian.net/wiki/spaces/pubsub/pages/457084023/Products\" data-linked-resource-id=\"457084023\" data-linked-resource-version=\"1\" data-linked-resource-type=\"page\">Products</a></li><li><a href=\"https://cmegroupclientsite.atlassian.net/wiki/spaces/pubsub/pages/457084057/Products+by+Combined+Commodity\" data-linked-resource-id=\"457084057\" data-linked-resource-version=\"1\" data-linked-resource-type=\"page\">Products by Combined Commodity</a></li></ul></li><li><a href=\"https://cmegroupclientsite.atlassian.net/wiki/spaces/pubsub/pages/457083292/PC-SPAN+4.5+Historical+Build+Notes\" data-linked-resource-id=\"457083292\" data-linked-resource-version=\"1\" data-linked-resource-type=\"page\">PC-SPAN 4.5 Historical Build Notes</a></li></ul></p>"
        }
    },
    "title": "SPAN Overview",
    "spaceId": "457312811",
    "id": "457313347",
    "_links": {
        "editui": "/pages/resumedraft.action?draftId=457313347",
        "webui": "/spaces/pubsub/pages/457313347/SPAN+Overview",
        "edituiv2": "/spaces/pubsub/pages/edit-v2/457313347",
        "tinyui": "/x/QwxCGw",
        "base": "https://cmegroupclientsite.atlassian.net/wiki"
    }
}