{
    "parentId": "457411114",
    "ownerId": "60653f79352e1e0069fb728f",
    "createdAt": "2024-12-21T16:43:06.506Z",
    "authorId": "60653f79352e1e0069fb728f",
    "parentType": "page",
    "position": 91134615,
    "version": {
        "number": 1,
        "message": "",
        "minorEdit": false,
        "authorId": "60653f79352e1e0069fb728f",
        "createdAt": "2024-12-21T16:43:08.553Z"
    },
    "body": {
        "export_view": {
            "representation": "export_view",
            "value": "<p><span class=\"confluence-embedded-file-wrapper\"><img class=\"confluence-embedded-image\" src=\"https://cmegroupclientsite.atlassian.net/wiki/download/attachments/457313965/riskintratiers.jpg?api=v2\"></span>\u00a0</p><p><u>Intra Commodity Spread Tiers</u></p><p>This report shows the specific tiers associated with each Combined Commodity for Intracommodity Spreading, meaning the offsets for spreads between products within the same Combined Commodity but of different expirations.</p><p><strong>Comb Comm: </strong>\u00a0Combined Commodity</p><p>The set of all eligible products used to generate a total requirement for each Exchange Complex within a portfolio.\u00a0 A Combined Commodity generally consists of all products of the same underlying physical. For example, at the CME, the Eurodollar combined commodity encompasses Mid-Curve options, Eurodollars and Eurodollar options.\u00a0</p><p><strong>Tier #:\u00a0\u00a0 </strong>Shows the overall and individual tiers</p><p><strong>Start Period:\u00a0 </strong>The beginning date of the tier</p><p><strong>End Period:\u00a0 </strong>The ending date of the tier</p>"
        }
    },
    "status": "current",
    "title": "Intra Tiers",
    "spaceId": "457312811",
    "lastOwnerId": null,
    "id": "457313965",
    "_links": {
        "editui": "/pages/resumedraft.action?draftId=457313965",
        "webui": "/spaces/pubsub/pages/457313965/Intra+Tiers",
        "edituiv2": "/spaces/pubsub/pages/edit-v2/457313965",
        "tinyui": "/x/rQ5CGw",
        "base": "https://cmegroupclientsite.atlassian.net/wiki"
    }
}