{
    "parentId": "457083480",
    "ownerId": "60653f79352e1e0069fb728f",
    "createdAt": "2024-12-21T16:43:17.416Z",
    "authorId": "60653f79352e1e0069fb728f",
    "parentType": "page",
    "position": 474962628,
    "version": {
        "number": 1,
        "message": "",
        "minorEdit": false,
        "authorId": "60653f79352e1e0069fb728f",
        "createdAt": "2024-12-21T16:43:18.655Z"
    },
    "body": {
        "export_view": {
            "representation": "export_view",
            "value": "<div class=\"table-wrap\"><table class=\"confluenceTable\"><tbody><tr><th class=\"confluenceTh\">Length</th><th class=\"confluenceTh\">From</th><th class=\"confluenceTh\">To</th><th class=\"confluenceTh\">Datatype</th><th class=\"confluenceTh\">Format</th><th class=\"confluenceTh\">Description and Comments</th></tr><tr><td class=\"confluenceTd\">1</td><td class=\"confluenceTd\">1</td><td class=\"confluenceTd\">1</td><td class=\"confluenceTd\">AN</td><td class=\"confluenceTd\">X</td><td class=\"confluenceTd\">Record ID - &quot;4&quot;</td></tr><tr><td class=\"confluenceTd\">3</td><td class=\"confluenceTd\">2</td><td class=\"confluenceTd\">4</td><td class=\"confluenceTd\">AN</td><td class=\"confluenceTd\">X(3)</td><td class=\"confluenceTd\">Combined Commodity Code</td></tr><tr><td class=\"confluenceTd\">2</td><td class=\"confluenceTd\">5</td><td class=\"confluenceTd\">6</td><td class=\"confluenceTd\">AN</td><td class=\"confluenceTd\">X(2)</td><td class=\"confluenceTd\">Delivery (Spot) Charge Method Code</td></tr></tbody></table></div><p><strong>Layout for bytes 7-62 if the Delivery Charge Method Code is &quot;02&quot;, &quot;03&quot;, &quot;04&quot;, or &quot;05&quot;:</strong></p><div class=\"table-wrap\"><table class=\"confluenceTable\"><tbody><tr><th class=\"confluenceTh\">Length</th><th class=\"confluenceTh\">From</th><th class=\"confluenceTh\">To</th><th class=\"confluenceTh\">Datatype</th><th class=\"confluenceTh\">Format</th><th class=\"confluenceTh\">Description and Comments</th></tr><tr><td class=\"confluenceTd\">7</td><td class=\"confluenceTd\">7</td><td class=\"confluenceTd\">13</td><td class=\"confluenceTd\">N</td><td class=\"confluenceTd\">9(7)</td><td class=\"confluenceTd\">Delivery Charge Rate 1: Spreads</td></tr><tr><td class=\"confluenceTd\">7</td><td class=\"confluenceTd\">14</td><td class=\"confluenceTd\">20</td><td class=\"confluenceTd\">N</td><td class=\"confluenceTd\">9(7)</td><td class=\"confluenceTd\">Delivery Charge Rate 2: Outrights</td></tr><tr><td class=\"confluenceTd\">7</td><td class=\"confluenceTd\">21</td><td class=\"confluenceTd\">27</td><td class=\"confluenceTd\">N</td><td class=\"confluenceTd\">9(7)</td><td class=\"confluenceTd\">Delivery Charge Rate 3</td></tr><tr><td class=\"confluenceTd\">7</td><td class=\"confluenceTd\">28</td><td class=\"confluenceTd\">34</td><td class=\"confluenceTd\">N</td><td class=\"confluenceTd\">9(7)</td><td class=\"confluenceTd\">Delivery Charge Rate 4</td></tr><tr><td class=\"confluenceTd\">7</td><td class=\"confluenceTd\">35</td><td class=\"confluenceTd\">41</td><td class=\"confluenceTd\">N</td><td class=\"confluenceTd\">9(7)</td><td class=\"confluenceTd\">Delivery Charge Rate 5</td></tr><tr><td class=\"confluenceTd\">7</td><td class=\"confluenceTd\">42</td><td class=\"confluenceTd\">48</td><td class=\"confluenceTd\">N</td><td class=\"confluenceTd\">9(7)</td><td class=\"confluenceTd\">Delivery Charge Rate 6</td></tr><tr><td class=\"confluenceTd\">7</td><td class=\"confluenceTd\">49</td><td class=\"confluenceTd\">55</td><td class=\"confluenceTd\">N</td><td class=\"confluenceTd\">9(7)</td><td class=\"confluenceTd\">Delivery Charge Rate 7</td></tr><tr><td class=\"confluenceTd\">3</td><td class=\"confluenceTd\">56</td><td class=\"confluenceTd\">58</td><td class=\"confluenceTd\">-</td><td class=\"confluenceTd\">-</td><td class=\"confluenceTd\">Filler</td></tr><tr><td class=\"confluenceTd\">4</td><td class=\"confluenceTd\">59</td><td class=\"confluenceTd\">62</td><td class=\"confluenceTd\">N</td><td class=\"confluenceTd\">9(4)</td><td class=\"confluenceTd\">Delivery Month in the format\u00a0<strong>YYMM</strong></td></tr></tbody></table></div><p><strong>Layout for bytes 7-62 if the Delivery Charge Method Code is &quot;06&quot; -- SIMEX method:</strong></p><div class=\"table-wrap\"><table class=\"confluenceTable\"><tbody><tr><th class=\"confluenceTh\">Length</th><th class=\"confluenceTh\">From</th><th class=\"confluenceTh\">To</th><th class=\"confluenceTh\">Datatype</th><th class=\"confluenceTh\">Format</th><th class=\"confluenceTh\">Description and Comments</th></tr><tr><td class=\"confluenceTd\">7</td><td class=\"confluenceTd\">7</td><td class=\"confluenceTd\">13</td><td class=\"confluenceTd\">N</td><td class=\"confluenceTd\">9(7)</td><td class=\"confluenceTd\">Spreads for Delivery Month 2 Charge Rate: for spreads between spot month 2 and the back months</td></tr><tr><td class=\"confluenceTd\">7</td><td class=\"confluenceTd\">14</td><td class=\"confluenceTd\">20</td><td class=\"confluenceTd\">N</td><td class=\"confluenceTd\">9(7)</td><td class=\"confluenceTd\">Outrights for Delivery Month 2 Charge Rate</td></tr><tr><td class=\"confluenceTd\">7</td><td class=\"confluenceTd\">21</td><td class=\"confluenceTd\">27</td><td class=\"confluenceTd\">N</td><td class=\"confluenceTd\">9(7)</td><td class=\"confluenceTd\">Spreads for Delivery Month 1 Charge Rate: for spreads between the two spot months, and between spot month 1 and the back months</td></tr><tr><td class=\"confluenceTd\">7</td><td class=\"confluenceTd\">28</td><td class=\"confluenceTd\">34</td><td class=\"confluenceTd\">N</td><td class=\"confluenceTd\">9(7)</td><td class=\"confluenceTd\">Outrights for Delivery Month 1 Charge Rate</td></tr><tr><td class=\"confluenceTd\">4</td><td class=\"confluenceTd\">35</td><td class=\"confluenceTd\">38</td><td class=\"confluenceTd\">N</td><td class=\"confluenceTd\">9(4)</td><td class=\"confluenceTd\">Delivery Month 2 as\u00a0<strong>YYMM</strong>. If blanks or zeros, then there is no second spot month defined.</td></tr><tr><td class=\"confluenceTd\">4</td><td class=\"confluenceTd\">39</td><td class=\"confluenceTd\">42</td><td class=\"confluenceTd\">N</td><td class=\"confluenceTd\">9(4)</td><td class=\"confluenceTd\">Delivery Month 1-1 as\u00a0<strong>YYMM</strong>. The first of up-to-two futures months which together make up Delivery Month 1.</td></tr><tr><td class=\"confluenceTd\">4</td><td class=\"confluenceTd\">43</td><td class=\"confluenceTd\">46</td><td class=\"confluenceTd\">N</td><td class=\"confluenceTd\">9(4)</td><td class=\"confluenceTd\">Delivery Month 1-2 as\u00a0<strong>YYMM</strong>. The second of up-to-two futures months which together make up Delivery Month 1. If blank or zero, then there is only one futures month comprising Delivery Month 1.</td></tr><tr><td class=\"confluenceTd\">16</td><td class=\"confluenceTd\">47</td><td class=\"confluenceTd\">62</td><td class=\"confluenceTd\">-</td><td class=\"confluenceTd\">-</td><td class=\"confluenceTd\">Filler</td></tr></tbody></table></div><p><strong>Layout for bytes 7-62 if the Delivery Charge Method Code is &quot;07&quot; -- NYMEX method:</strong></p><div class=\"table-wrap\"><table class=\"confluenceTable\"><tbody><tr><th class=\"confluenceTh\">Length</th><th class=\"confluenceTh\">From</th><th class=\"confluenceTh\">To</th><th class=\"confluenceTh\">Datatype</th><th class=\"confluenceTh\">Format</th><th class=\"confluenceTh\">Description and Comments</th></tr><tr><td class=\"confluenceTd\">7</td><td class=\"confluenceTd\">7</td><td class=\"confluenceTd\">13</td><td class=\"confluenceTd\">N</td><td class=\"confluenceTd\">9(7)</td><td class=\"confluenceTd\">Spot Month 1 Charge Rate</td></tr><tr><td class=\"confluenceTd\">4</td><td class=\"confluenceTd\">14</td><td class=\"confluenceTd\">17</td><td class=\"confluenceTd\">N</td><td class=\"confluenceTd\">9(4)</td><td class=\"confluenceTd\">Spot Month 1 as\u00a0<strong>YYMM</strong></td></tr><tr><td class=\"confluenceTd\">3</td><td class=\"confluenceTd\">18</td><td class=\"confluenceTd\">20</td><td class=\"confluenceTd\">-</td><td class=\"confluenceTd\">-</td><td class=\"confluenceTd\">Filler</td></tr><tr><td class=\"confluenceTd\">7</td><td class=\"confluenceTd\">21</td><td class=\"confluenceTd\">27</td><td class=\"confluenceTd\">N</td><td class=\"confluenceTd\">9(7)</td><td class=\"confluenceTd\">Spot Month 2 Charge Rate</td></tr><tr><td class=\"confluenceTd\">4</td><td class=\"confluenceTd\">28</td><td class=\"confluenceTd\">31</td><td class=\"confluenceTd\">N</td><td class=\"confluenceTd\">9(4)</td><td class=\"confluenceTd\">Spot Month 2 as\u00a0<strong>YYMM</strong></td></tr><tr><td class=\"confluenceTd\">3</td><td class=\"confluenceTd\">32</td><td class=\"confluenceTd\">34</td><td class=\"confluenceTd\">-</td><td class=\"confluenceTd\">-</td><td class=\"confluenceTd\">Filler</td></tr><tr><td class=\"confluenceTd\">7</td><td class=\"confluenceTd\">35</td><td class=\"confluenceTd\">41</td><td class=\"confluenceTd\">N</td><td class=\"confluenceTd\">9(7)</td><td class=\"confluenceTd\">Spot Month 3 Charge Rate</td></tr><tr><td class=\"confluenceTd\">4</td><td class=\"confluenceTd\">42</td><td class=\"confluenceTd\">45</td><td class=\"confluenceTd\">N</td><td class=\"confluenceTd\">9(4)</td><td class=\"confluenceTd\">Spot Month 3 as\u00a0<strong>YYMM</strong></td></tr><tr><td class=\"confluenceTd\">3</td><td class=\"confluenceTd\">46</td><td class=\"confluenceTd\">48</td><td class=\"confluenceTd\">-</td><td class=\"confluenceTd\">-</td><td class=\"confluenceTd\">Filler</td></tr><tr><td class=\"confluenceTd\">7</td><td class=\"confluenceTd\">49</td><td class=\"confluenceTd\">55</td><td class=\"confluenceTd\">N</td><td class=\"confluenceTd\">9(7)</td><td class=\"confluenceTd\">Spot Month 4 Charge Rate</td></tr><tr><td class=\"confluenceTd\">4</td><td class=\"confluenceTd\">56</td><td class=\"confluenceTd\">59</td><td class=\"confluenceTd\">N</td><td class=\"confluenceTd\">9(4)</td><td class=\"confluenceTd\">Spot Month 4 as\u00a0<strong>YYMM</strong></td></tr><tr><td class=\"confluenceTd\">3</td><td class=\"confluenceTd\">60</td><td class=\"confluenceTd\">62</td><td class=\"confluenceTd\">-</td><td class=\"confluenceTd\">-</td><td class=\"confluenceTd\">Filler</td></tr></tbody></table></div><p><strong>Layout for bytes 7-62 if the Delivery Charge Method Code is &quot;08&quot; -- Coffee Sugar Cocoa Exchange method:</strong></p><div class=\"table-wrap\"><table class=\"confluenceTable\"><tbody><tr><th class=\"confluenceTh\">Length</th><th class=\"confluenceTh\">From</th><th class=\"confluenceTh\">To</th><th class=\"confluenceTh\">Datatype</th><th class=\"confluenceTh\">Format</th><th class=\"confluenceTh\">Description and Comments</th></tr><tr><td class=\"confluenceTd\">7</td><td class=\"confluenceTd\">7</td><td class=\"confluenceTd\">13</td><td class=\"confluenceTd\">N</td><td class=\"confluenceTd\">9(7)</td><td class=\"confluenceTd\">Spot Month Spread Rate -- for spreads between spot month 1 and spot month 2</td></tr><tr><td class=\"confluenceTd\">7</td><td class=\"confluenceTd\">14</td><td class=\"confluenceTd\">20</td><td class=\"confluenceTd\">N</td><td class=\"confluenceTd\">9(7)</td><td class=\"confluenceTd\">Non-Spot Month Spread Rate - for spreads in the back (non-spot) months</td></tr><tr><td class=\"confluenceTd\">7</td><td class=\"confluenceTd\">21</td><td class=\"confluenceTd\">27</td><td class=\"confluenceTd\">N</td><td class=\"confluenceTd\">9(7)</td><td class=\"confluenceTd\">Spot to Non-Spot Spread Rate - for spreads between the spot months and the back months</td></tr><tr><td class=\"confluenceTd\">7</td><td class=\"confluenceTd\">28</td><td class=\"confluenceTd\">34</td><td class=\"confluenceTd\">N</td><td class=\"confluenceTd\">9(7)</td><td class=\"confluenceTd\">Spot Month 1 Outright Rate</td></tr><tr><td class=\"confluenceTd\">7</td><td class=\"confluenceTd\">35</td><td class=\"confluenceTd\">41</td><td class=\"confluenceTd\">N</td><td class=\"confluenceTd\">9(7)</td><td class=\"confluenceTd\">Spot Month 2 Outright Rate</td></tr><tr><td class=\"confluenceTd\">4</td><td class=\"confluenceTd\">42</td><td class=\"confluenceTd\">45</td><td class=\"confluenceTd\">N</td><td class=\"confluenceTd\">9(4)</td><td class=\"confluenceTd\">Spot Month 1 as\u00a0<strong>YYMM</strong></td></tr><tr><td class=\"confluenceTd\">4</td><td class=\"confluenceTd\">46</td><td class=\"confluenceTd\">49</td><td class=\"confluenceTd\">N</td><td class=\"confluenceTd\">9(4)</td><td class=\"confluenceTd\">Spot Month 2 as\u00a0<strong>YYMM</strong></td></tr><tr><td class=\"confluenceTd\">13</td><td class=\"confluenceTd\">50</td><td class=\"confluenceTd\">62</td><td class=\"confluenceTd\">-</td><td class=\"confluenceTd\">-</td><td class=\"confluenceTd\">Filler</td></tr></tbody></table></div><p><strong>Layout for bytes 7-62 if the Delivery Charge Method Code is '10', the &quot;table-driven&quot; method:</strong></p><div class=\"table-wrap\"><table class=\"confluenceTable\"><tbody><tr><th class=\"confluenceTh\">Length</th><th class=\"confluenceTh\">From</th><th class=\"confluenceTh\">To</th><th class=\"confluenceTh\">Datatype</th><th class=\"confluenceTh\">Format</th><th class=\"confluenceTh\">Description and Comments</th></tr><tr><td class=\"confluenceTd\">2</td><td class=\"confluenceTd\">7</td><td class=\"confluenceTd\">8</td><td class=\"confluenceTd\">N</td><td class=\"confluenceTd\">9(2)</td><td class=\"confluenceTd\">Number of contract months in delivery</td></tr><tr><td class=\"confluenceTd\">2</td><td class=\"confluenceTd\">9</td><td class=\"confluenceTd\">10</td><td class=\"confluenceTd\">N</td><td class=\"confluenceTd\">9(2)</td><td class=\"confluenceTd\">Delivery Month 1 - Month Number</td></tr><tr><td class=\"confluenceTd\">6</td><td class=\"confluenceTd\">11</td><td class=\"confluenceTd\">16</td><td class=\"confluenceTd\">N</td><td class=\"confluenceTd\">9(6)</td><td class=\"confluenceTd\">Delivery Month 1 - Contract Month as\u00a0<strong>CCYYMM</strong></td></tr><tr><td class=\"confluenceTd\">7</td><td class=\"confluenceTd\">17</td><td class=\"confluenceTd\">23</td><td class=\"confluenceTd\">N</td><td class=\"confluenceTd\">9(7)</td><td class=\"confluenceTd\">Delivery Month 1 - Charge Rate Per Delta Consumed By Spreads</td></tr><tr><td class=\"confluenceTd\">7</td><td class=\"confluenceTd\">24</td><td class=\"confluenceTd\">30</td><td class=\"confluenceTd\">N</td><td class=\"confluenceTd\">9(7)</td><td class=\"confluenceTd\">Delivery Month 1 - Charge Rate Per Delta Remaining In Outrights</td></tr><tr><td class=\"confluenceTd\">2</td><td class=\"confluenceTd\">31</td><td class=\"confluenceTd\">32</td><td class=\"confluenceTd\">N</td><td class=\"confluenceTd\">9(2)</td><td class=\"confluenceTd\">Delivery Month 2 - Month Number</td></tr><tr><td class=\"confluenceTd\">6</td><td class=\"confluenceTd\">33</td><td class=\"confluenceTd\">38</td><td class=\"confluenceTd\">N</td><td class=\"confluenceTd\">9(6)</td><td class=\"confluenceTd\">Delivery Month 2 - Contract Month as\u00a0<strong>CCYYMM</strong></td></tr><tr><td class=\"confluenceTd\">7</td><td class=\"confluenceTd\">39</td><td class=\"confluenceTd\">45</td><td class=\"confluenceTd\">N</td><td class=\"confluenceTd\">9(7)</td><td class=\"confluenceTd\">Delivery Month 2 - Charge Rate Per Delta Consumed By Spreads</td></tr><tr><td class=\"confluenceTd\">7</td><td class=\"confluenceTd\">46</td><td class=\"confluenceTd\">52</td><td class=\"confluenceTd\">N</td><td class=\"confluenceTd\">9(7)</td><td class=\"confluenceTd\">Delivery Month 2 - Charge Rate Per Delta Remaining In Outrights</td></tr><tr><td class=\"confluenceTd\">10</td><td class=\"confluenceTd\">53</td><td class=\"confluenceTd\">62</td><td class=\"confluenceTd\">-</td><td class=\"confluenceTd\">-</td><td class=\"confluenceTd\">Filler</td></tr></tbody></table></div><p><strong>Layout for bytes 7-62 if the Delivery Charge Method Code is '11', the &quot;basis-risk&quot; method:</strong></p><div class=\"table-wrap\"><table class=\"confluenceTable\"><tbody><tr><th class=\"confluenceTh\">Length</th><th class=\"confluenceTh\">From</th><th class=\"confluenceTh\">To</th><th class=\"confluenceTh\">Datatype</th><th class=\"confluenceTh\">Format</th><th class=\"confluenceTh\">Description and Comments</th></tr><tr><td class=\"confluenceTd\">2</td><td class=\"confluenceTd\">7</td><td class=\"confluenceTd\">8</td><td class=\"confluenceTd\">N</td><td class=\"confluenceTd\">X(2)</td><td class=\"confluenceTd\">Spot commodity (product) code</td></tr><tr><td class=\"confluenceTd\">7</td><td class=\"confluenceTd\">9</td><td class=\"confluenceTd\">15</td><td class=\"confluenceTd\">N</td><td class=\"confluenceTd\">9(7)</td><td class=\"confluenceTd\">Basis Risk Charge Rate</td></tr><tr><td class=\"confluenceTd\">47</td><td class=\"confluenceTd\">16</td><td class=\"confluenceTd\">62</td><td class=\"confluenceTd\">-</td><td class=\"confluenceTd\">-</td><td class=\"confluenceTd\">Filler</td></tr></tbody></table></div><p><strong>Layout for bytes 63-80:</strong></p><div class=\"table-wrap\"><table class=\"confluenceTable\"><tbody><tr><th class=\"confluenceTh\">Length</th><th class=\"confluenceTh\">From</th><th class=\"confluenceTh\">To</th><th class=\"confluenceTh\">Datatype</th><th class=\"confluenceTh\">Format</th><th class=\"confluenceTh\">Description and Comments</th></tr><tr><td class=\"confluenceTd\">7</td><td class=\"confluenceTd\">63</td><td class=\"confluenceTd\">69</td><td class=\"confluenceTd\">N</td><td class=\"confluenceTd\">9(7)</td><td class=\"confluenceTd\">Short Option Minimum Charge Rate</td></tr><tr><td class=\"confluenceTd\">3</td><td class=\"confluenceTd\">70</td><td class=\"confluenceTd\">72</td><td class=\"confluenceTd\">N</td><td class=\"confluenceTd\">9V9(2)</td><td class=\"confluenceTd\">Risk Maintenance Performance Bond Adjustment Factor -- Members</td></tr><tr><td class=\"confluenceTd\">3</td><td class=\"confluenceTd\">73</td><td class=\"confluenceTd\">75</td><td class=\"confluenceTd\">N</td><td class=\"confluenceTd\">9V9(2)</td><td class=\"confluenceTd\">Risk Maintenance Performance Bond Adjustment Factor -- Hedgers</td></tr><tr><td class=\"confluenceTd\">3</td><td class=\"confluenceTd\">76</td><td class=\"confluenceTd\">78</td><td class=\"confluenceTd\">N</td><td class=\"confluenceTd\">9V9(2)</td><td class=\"confluenceTd\">Risk Maintenance Performance Bond Adjustment Factor -- Speculators</td></tr><tr><td class=\"confluenceTd\">1</td><td class=\"confluenceTd\">79</td><td class=\"confluenceTd\">79</td><td class=\"confluenceTd\">AN</td><td class=\"confluenceTd\">X</td><td class=\"confluenceTd\">Short Option Minimum Calculation Method --\u00a0<strong>blank</strong>\u00a0or\u00a0<strong>2</strong>\u00a0means the original method, based on the\u00a0<strong>sum of the number of short calls and short puts</strong>.\u00a0\u00a0<strong>1</strong>\u00a0means the new method, based on\u00a0<strong>the greater of the number or short calls or short puts</strong>.</td></tr><tr><td class=\"confluenceTd\">1</td><td class=\"confluenceTd\">80</td><td class=\"confluenceTd\">80</td><td class=\"confluenceTd\">-</td><td class=\"confluenceTd\">-</td><td class=\"confluenceTd\">Filler</td></tr></tbody></table></div><p><strong>Notes:</strong></p><ol><li>Delivery (Spot) Charge Method &quot;01&quot; means that there is no spot charge.<br/><br/></li><li>If the Delivery (Spot) Charge Method is &quot;02&quot;, &quot;03&quot;, &quot;04&quot; or &quot;05&quot; and if the Delivery Month field contains blanks, nulls, or zeros, then the Delivery Month is assigned as the month and year of the business date to which these risk parameters pertain. Otherwise, this field must contain the actual delivery month.<br/><br/></li><li>For Delivery (Spot) Charge Method &quot;07&quot;, at least one and no more than four spot months may be defined. A spot month is defined if a valid contract month is specified in YYMM format in the appropriate field. Gaps in the definition of spot months are prohibited: for example, if spot month 3 is defined, then spot month 2 must also be defined.<br/><br/></li><li>For Delivery (Spot) Charge Method &quot;10&quot; (the\u00a0<strong>table-driven</strong>\u00a0calculation), any number of delivery months may be defined. Two such months may be specified per type &quot;4&quot; record. If there are more than two delivery months for a particular combined commodity using this method, then the additional delivery months are specified on additional type &quot;4&quot; records which immediately follow the first.<br/><br/></li><li>If any of the Risk Maintenance Performance Bond Adjustment Factors contains only zeros, blanks or nulls (or if these bytes are not present due to truncation of blanks at the end of the record), it should be defaulted to\u00a0<strong>1.00</strong>.\u00a0<br/><br/></li><li>The Short Option Minimum Calculation Method in byte 79 reflects the different methods for determining the number of short options to be charged for.\u00a0\u00a0<strong>2</strong>\u00a0is the default value and means, take the sum of the number of short calls and short puts.\u00a0\u00a0<strong>1</strong>\u00a0means, take the greater of the number of short calls or the number of short puts.</li></ol>"
        }
    },
    "status": "current",
    "title": "Type 4 Record - Standard",
    "spaceId": "457312811",
    "lastOwnerId": null,
    "id": "457314082",
    "_links": {
        "editui": "/pages/resumedraft.action?draftId=457314082",
        "webui": "/spaces/pubsub/pages/457314082/Type+4+Record+-+Standard",
        "edituiv2": "/spaces/pubsub/pages/edit-v2/457314082",
        "tinyui": "/x/Ig9CGw",
        "base": "https://cmegroupclientsite.atlassian.net/wiki"
    }
}