{
    "parentId": "457083480",
    "ownerId": "60653f79352e1e0069fb728f",
    "lastOwnerId": null,
    "createdAt": "2024-12-21T16:43:32.113Z",
    "authorId": "60653f79352e1e0069fb728f",
    "parentType": "page",
    "position": 474965001,
    "version": {
        "number": 1,
        "message": "",
        "minorEdit": false,
        "authorId": "60653f79352e1e0069fb728f",
        "createdAt": "2024-12-21T16:43:33.364Z"
    },
    "spaceId": "457312811",
    "status": "current",
    "body": {
        "export_view": {
            "representation": "export_view",
            "value": "<div class=\"table-wrap\"><table class=\"confluenceTable\"><tbody><tr><th class=\"confluenceTh\">Length</th><th class=\"confluenceTh\">From</th><th class=\"confluenceTh\">To</th><th class=\"confluenceTh\">Datatype</th><th class=\"confluenceTh\">Format</th><th class=\"confluenceTh\">Description and Comments</th></tr><tr><td class=\"confluenceTd\">1</td><td class=\"confluenceTd\">1</td><td class=\"confluenceTd\">1</td><td class=\"confluenceTd\">AN</td><td class=\"confluenceTd\">X</td><td class=\"confluenceTd\">Record ID - &quot;B&quot;</td></tr><tr><td class=\"confluenceTd\">2</td><td class=\"confluenceTd\">2</td><td class=\"confluenceTd\">3</td><td class=\"confluenceTd\">AN</td><td class=\"confluenceTd\">X(2)</td><td class=\"confluenceTd\">Exchange Code</td></tr><tr><td class=\"confluenceTd\">2</td><td class=\"confluenceTd\">4</td><td class=\"confluenceTd\">5</td><td class=\"confluenceTd\">AN</td><td class=\"confluenceTd\">X(2)</td><td class=\"confluenceTd\">Commodity Code</td></tr><tr><td class=\"confluenceTd\">4</td><td class=\"confluenceTd\">6</td><td class=\"confluenceTd\">9</td><td class=\"confluenceTd\">N</td><td class=\"confluenceTd\">9(4)</td><td class=\"confluenceTd\">Futures Contract Month as YYMM</td></tr><tr><td class=\"confluenceTd\">4</td><td class=\"confluenceTd\">10</td><td class=\"confluenceTd\">13</td><td class=\"confluenceTd\">N</td><td class=\"confluenceTd\">9(4)</td><td class=\"confluenceTd\">Option Contract Month as YYMM</td></tr><tr><td class=\"confluenceTd\">2</td><td class=\"confluenceTd\">14</td><td class=\"confluenceTd\">15</td><td class=\"confluenceTd\">AN</td><td class=\"confluenceTd\">X(2)</td><td class=\"confluenceTd\">Option Contract Day or Week Code</td></tr><tr><td class=\"confluenceTd\">8</td><td class=\"confluenceTd\">16</td><td class=\"confluenceTd\">23</td><td class=\"confluenceTd\">N</td><td class=\"confluenceTd\">9(2)V9(6)</td><td class=\"confluenceTd\">Base Volatility (as a decimal fraction)</td></tr><tr><td class=\"confluenceTd\">8</td><td class=\"confluenceTd\">24</td><td class=\"confluenceTd\">31</td><td class=\"confluenceTd\">N</td><td class=\"confluenceTd\">9(2)V9(6)</td><td class=\"confluenceTd\">Volatility Scan Range (as a decimal fraction)</td></tr><tr><td class=\"confluenceTd\">5</td><td class=\"confluenceTd\">32</td><td class=\"confluenceTd\">36</td><td class=\"confluenceTd\">N</td><td class=\"confluenceTd\">9(5)</td><td class=\"confluenceTd\">Futures Price Scan Range</td></tr><tr><td class=\"confluenceTd\">5</td><td class=\"confluenceTd\">37</td><td class=\"confluenceTd\">41</td><td class=\"confluenceTd\">N</td><td class=\"confluenceTd\">9(2)V9(3)</td><td class=\"confluenceTd\">Extreme Move Multiplier</td></tr><tr><td class=\"confluenceTd\">5</td><td class=\"confluenceTd\">42</td><td class=\"confluenceTd\">46</td><td class=\"confluenceTd\">N</td><td class=\"confluenceTd\">9V9(4)</td><td class=\"confluenceTd\">Extreme Move Covered Fraction</td></tr><tr><td class=\"confluenceTd\">5</td><td class=\"confluenceTd\">47</td><td class=\"confluenceTd\">51</td><td class=\"confluenceTd\">N</td><td class=\"confluenceTd\">9V9(4)</td><td class=\"confluenceTd\">Interest Rate (as a decimal fraction)</td></tr><tr><td class=\"confluenceTd\">7</td><td class=\"confluenceTd\">52</td><td class=\"confluenceTd\">58</td><td class=\"confluenceTd\">N</td><td class=\"confluenceTd\">9V9(6)</td><td class=\"confluenceTd\">Time to Expiration (in years)</td></tr><tr><td class=\"confluenceTd\">6</td><td class=\"confluenceTd\">59</td><td class=\"confluenceTd\">64</td><td class=\"confluenceTd\">N</td><td class=\"confluenceTd\">V9(6)</td><td class=\"confluenceTd\">Lookahead Time (in years)</td></tr><tr><td class=\"confluenceTd\">6</td><td class=\"confluenceTd\">65</td><td class=\"confluenceTd\">70</td><td class=\"confluenceTd\">N</td><td class=\"confluenceTd\">9(2)V9(4)</td><td class=\"confluenceTd\">Delta Scaling Factor</td></tr><tr><td class=\"confluenceTd\">6</td><td class=\"confluenceTd\">71</td><td class=\"confluenceTd\">76</td><td class=\"confluenceTd\">N</td><td class=\"confluenceTd\">9(6)</td><td class=\"confluenceTd\">Expiration (Settlement) Date as YYMMDD</td></tr><tr><td class=\"confluenceTd\">2</td><td class=\"confluenceTd\">77</td><td class=\"confluenceTd\">78</td><td class=\"confluenceTd\">AN</td><td class=\"confluenceTd\">X(2)</td><td class=\"confluenceTd\">Underlying Commodity Code</td></tr><tr><td class=\"confluenceTd\">2</td><td class=\"confluenceTd\">79</td><td class=\"confluenceTd\">80</td><td class=\"confluenceTd\">AN</td><td class=\"confluenceTd\">X(2)</td><td class=\"confluenceTd\">Futures Contract Day or Week Code</td></tr></tbody></table></div><p><strong>Notes:</strong></p><ol><li>&quot;B&quot; records provide delta-scaling factors as well as risk array calculation parameters for either a particular futures contract month, or for a particular option series -\u00a0<em>ie</em>, for all options which are identical except for their put/call code and their strike.<br/><br/></li><li><strong>Except for the delta-scaling factors, parameters contained on &quot;B&quot; records are not needed for the SPAN performance bond calculation itself.</strong>\u00a0\u00a0If &quot;B&quot; records are not provided for a particular future or option series, the delta-scaling factor for that future or that series should be defaulted to 1.00.<br/><br/></li><li>If &quot;B&quot; records are provided, then the &quot;B&quot; records for all products in a combined commodity are typically located in the SPAN file after the &quot;4&quot; record for that combined commodity.<br/><br/></li><li>&quot;B&quot; records for a futures contract will contain either zeros or spaces in the Option Contract Month and Option Contract Day fields.<br/><br/></li><li>The Option Contract Day or Week Code field is used to distinguish option series which expire at different times than the standard monthly options. \u00a0For standard monthly options, this field will contain zeros or blanks. \u00a0For other options, this field will typically contain &quot;W1&quot;, &quot;W2&quot;, etc. - for weekly options expiring in week 1 of the month, week 2 of the month, etc. - or a two-digit day of the month, for flex options or other options for which the exact expiration day is specified.\u00a0 The\u00a0<strong>Futures Contract Day or Week Code</strong>\u00a0fulfills the same purpose for futures.<br/><br/></li><li>The Price Scan Range parameter on the &quot;B&quot; record is in the performance bond currency for the combined commodity and must be multiplied by ten raised to the Risk Exponent power for that combined commodity. \u00a0The Risk Exponent is taken from the &quot;2&quot; record.<br/><br/></li><li>The Expiration (Settlement) Date for a future is the date on which its final marking price is determined. \u00a0The Expiration (Settlement) Date for an option series is the last date on which holders of options in that series can elect to exercise those options.\u00a0\u00a0Time to Expiration is determined by taking the number of calendar days between the Expiration Date and the business date of this SPAN file, and dividing by 365, with zero as a minimum value.</li></ol>"
        }
    },
    "title": "Type B Record - Standard",
    "id": "457314222",
    "_links": {
        "editui": "/pages/resumedraft.action?draftId=457314222",
        "webui": "/spaces/pubsub/pages/457314222/Type+B+Record+-+Standard",
        "edituiv2": "/spaces/pubsub/pages/edit-v2/457314222",
        "tinyui": "/x/rg9CGw",
        "base": "https://cmegroupclientsite.atlassian.net/wiki"
    }
}