{
    "parentId": "457313347",
    "ownerId": "60653f79352e1e0069fb728f",
    "createdAt": "2024-12-21T16:42:09.590Z",
    "authorId": "60653f79352e1e0069fb728f",
    "parentType": "page",
    "position": 56096017,
    "version": {
        "number": 1,
        "message": "",
        "minorEdit": false,
        "authorId": "60653f79352e1e0069fb728f",
        "createdAt": "2024-12-21T16:42:25.636Z"
    },
    "body": {
        "export_view": {
            "representation": "export_view",
            "value": "<p>This\u00a0section describes how to use\u00a0PC-SPAN version 4 to\u00a0create a portfolio, define positions, calculate the portfolio performance bond (margin) requirement, and view the results. After taking the quick tour, learn more about PC-SPAN in the\u00a0<a href=\"https://cmegroupclientsite.atlassian.net/wiki/spaces/pubsub/pages/457411024/Use+PC-SPAN\" data-linked-resource-id=\"457411024\" data-linked-resource-version=\"1\" data-linked-resource-type=\"page\">Use PC-SPAN</a>.</p><p><style type='text/css'>/*<![CDATA[*/\ndiv.rbtoc1741792370130 {padding: 0px;}\ndiv.rbtoc1741792370130 ul {list-style: disc;margin-left: 0px;}\ndiv.rbtoc1741792370130 li {margin-left: 0px;padding-left: 0px;}\n\n/*]]>*/</style><div class='toc-macro rbtoc1741792370130'>\n<ul class='toc-indentation'>\n<li><a href='#QuickTour-GettingSPAN\u00aeRiskParameterFiles'>Getting SPAN\u00ae Risk Parameter Files</a></li>\n<li><a href='#QuickTour-UnzippingSPANFiles'>Unzipping SPAN Files</a></li>\n<li><a href='#QuickTour-LoadingSPANRiskParameterFiles'>Loading SPAN Risk Parameter Files</a></li>\n<li><a href='#QuickTour-CreatingaPortfolioandCalculatingitsPerformanceBondRequirement'>Creating a Portfolio and Calculating its Performance Bond Requirement</a></li>\n<li><a href='#QuickTour-PreparingReports'>Preparing Reports</a></li>\n</ul>\n</div></p><h3 id=\"QuickTour-GettingSPAN\u00aeRiskParameterFiles\">Getting SPAN\u00ae Risk Parameter Files</h3><p>Before you can <a href=\"https://cmegroupclientsite.atlassian.net/wiki/spaces/pubsub/pages/457411024/Use+PC-SPAN\" data-linked-resource-id=\"457411024\" data-linked-resource-version=\"1\" data-linked-resource-type=\"page\">use PC-SPAN</a>, you need to get the daily SPAN risk parameter file(s) for the exchange(s) and business date(s) you are interested in, onto your PC. SPAN files are available for downloading without charge from the CME website at\u00a0<a href=\"ftp://ftp.cmegroup.com/pub/span/data\" class=\"external-link\" rel=\"nofollow\">ftp://ftp.cmegroup.com/pub/span/data</a>. Individual subdirectories of this directory contain the SPAN files for the various exchanges and clearing organizations.\u00a0 \u00a0 \u00a0\u00a0</p><p>SPAN files can be stored in any local or network disk or directory.\u00a0 By default PC-SPAN will look for SPAN files in its &quot;data directory&quot;, which is normally set as C:\\SPAN4\\data.\u00a0 (You can change it to any desired location.)\u00a0</p><p>Note that most SPAN files available on the CME website are &quot;zipped&quot; -- i.e., compressed using the &quot;ZIP&quot; compression format -- in order to shorten download times. These &quot;zipped&quot; files need to be &quot;unzipped&quot; before PC-SPAN can use them.</p><p>So that you can get started with PC-SPAN right away, some sample SPAN files are provided with the program.\u00a0 In this quick tour, we'll use one of these sample files.\u00a0 \u00a0\u00a0</p><h3 id=\"QuickTour-UnzippingSPANFiles\">Unzipping SPAN Files</h3><p>To &quot;unzip&quot; a ZIP file means to extract the data file contained inside the ZIP file.\u00a0 If you are using Windows XP or later, you don't need any additional software.\u00a0 Just double-click on the ZIP file to open it, select the SPAN file contained inside, right-mouse click and select\u00a0<strong>Copy</strong>, then go to the directory where you want to put the SPAN file and\u00a0<strong>Paste</strong>\u00a0it there.</p><p>You can also use PK-ZIP, WinZip, or many other programs which &quot;unzip&quot; ZIP files.</p><h3 id=\"QuickTour-LoadingSPANRiskParameterFiles\">Loading SPAN Risk Parameter Files</h3><p>Let's load the CME's SPAN risk parameter file for August 31, 2017, into PC-SPAN:</p><ul><li>Click on the\u00a0<strong>Load</strong>\u00a0button on the toolbar -- the third button from the left.<br/>(Note:\u00a0 you don't have to remember which button is which.\u00a0 Just point to each button to display the &quot;Tool Tip&quot; for that button.)<br/>(Note:\u00a0 you could also select\u00a0<strong>Load Files...</strong>\u00a0from the\u00a0<strong>File</strong>\u00a0menu, or just press\u00a0<strong>Ctrl-L</strong>, the keyboard shortcut.)</li><li>The\u00a0<strong>Load Files\u00a0</strong>dialog box will display.<br/><span class=\"confluence-embedded-file-wrapper confluence-embedded-manual-size\"><img class=\"confluence-embedded-image\" height=\"400\" src=\"https://cmegroupclientsite.atlassian.net/wiki/download/attachments/457313403/1.png?api=v2\"></span></li><li>Click on the file\u00a0<strong>cme.20170830.c.pa2</strong>\u00a0to select it, then click on the\u00a0<strong>Open</strong>\u00a0button to start the loading process.\u00a0 This is the &quot;standard unpacked&quot; (&quot;regular&quot;) format file for the CME for business date March 13, 2001.</li><li>The\u00a0<strong>Loading SPAN risk parameter file...</strong>\u00a0box will display briefly while the file is being loaded.<br/>When the loading is complete, you'll see a small &quot;plus sign&quot; in a box at the top-left corner of the &quot;Data Window&quot;:<br/><span class=\"confluence-embedded-file-wrapper confluence-embedded-manual-size\"><img class=\"confluence-embedded-image\" height=\"400\" src=\"https://cmegroupclientsite.atlassian.net/wiki/download/attachments/457313403/2.png?api=v2\"></span></li><li>Click on that &quot;plus sign&quot; -- this is called &quot;expanding this node on the tree&quot; -- and you'll be able to see that so far we have data loaded for August 31, 2017:<br/><span class=\"confluence-embedded-file-wrapper confluence-embedded-manual-size\"><img class=\"confluence-embedded-image\" height=\"400\" src=\"https://cmegroupclientsite.atlassian.net/wiki/download/attachments/457313403/3.png?api=v2\"></span></li><li>Click on the plus sign to the left of &quot;Exchange Complexes&quot;, and you'll be able to see that we have data loaded for the CME for this business date:</li></ul><div style=\"margin-left: 30.0px;\"><span class=\"confluence-embedded-file-wrapper confluence-embedded-manual-size\"><img class=\"confluence-embedded-image\" height=\"400\" src=\"https://cmegroupclientsite.atlassian.net/wiki/download/attachments/457313403/4.png?api=v2\"></span></div><p>\u00a0</p><h3 id=\"QuickTour-CreatingaPortfolioandCalculatingitsPerformanceBondRequirement\">Creating a Portfolio and Calculating its Performance Bond Requirement</h3><ul><li>Point to the\u00a0<strong>New Portfolio</strong>\u00a0button on the toolbar -- the fifth one from the left:\u00a0 (Remember, you don't have to remember which is which -- just point to it and the &quot;tool tip&quot; will display\u00a0<strong>&quot;New Portfolio&quot;</strong>.)<br/><span class=\"confluence-embedded-file-wrapper confluence-embedded-manual-size\"><img class=\"confluence-embedded-image\" height=\"400\" src=\"https://cmegroupclientsite.atlassian.net/wiki/download/attachments/457313403/5.png?api=v2\"></span></li><li>Click on the button to create the new portfolio and display its &quot;New Portfolio&quot; dialog box.\u00a0 (Note:\u00a0 you could also have selected\u00a0<strong>New Portfolio</strong>\u00a0from the\u00a0<strong>File</strong>\u00a0menu, or just pressed\u00a0<strong>Ctrl-W</strong>, the keyboard shortcut.)<br/><span class=\"confluence-embedded-file-wrapper confluence-embedded-manual-size\"><img class=\"confluence-embedded-image\" height=\"400\" src=\"https://cmegroupclientsite.atlassian.net/wiki/download/attachments/457313403/6.png?api=v2\"></span></li><li>Now let's enter some data about the portfolio:<br/><br/><ul><li><strong>Parent Account:</strong>\u00a0 leave as\u00a0<strong>(None)</strong>.\u00a0 (This field is used to link a subaccount of an omnibus account, to its parent omnibus account.)</li><li><strong>Clearing Firm:</strong>\u00a0 enter something -- anything -- to identify the firm.</li><li><strong>Account:</strong>\u00a0 enter something -- anything -- to identify the specific account at the firm -- or leave this field as its default value of &quot;*** New Portfolio ***&quot;.</li><li><strong>Account Type:</strong>\u00a0 select the desired account type.\u00a0 Most users will be choosing between:<ul><li><strong>S - Speculator - Customer\u00a0</strong>for speculative public customers of brokerage firms</li><li><strong>H</strong>\u00a0-\u00a0<strong>Hedge - Customer</strong>\u00a0for customer accounts eligible for hedger margin rates</li><li><strong>M - Member - Customer</strong>\u00a0for customer accounts held by exchange members and hence eligible for member margin rates</li><li><strong>O - Omnibus/Speculator</strong>\u00a0for omnibus accounts where naked positions are margined using speculative margin rates, or</li><li><strong>Q - Omnibus/Hedge</strong>\u00a0for omnibus accounts where naked positions are margined using hedge rates.<br/><br/>For our tour, let's select\u00a0<strong>S - Speculator - Customer</strong>.<br/><br/></li></ul></li><li><strong>Seg Type:</strong>\u00a0 leave at its default value of N/A (not applicable.)\u00a0 This field allows you to specify the segregation type (&quot;origin&quot;) of the account, if you wish.</li><li><strong>Portfolio Currency:</strong>\u00a0 select the currency in which you want the overall performance bond (margin) requirement for this account denominated.\u00a0 Most users will leave this at its default value of\u00a0<strong>USD</strong>, for U.S. Dollars.</li><li><strong>Ledger Balance:</strong>\u00a0 enter the cash balance in the account.</li><li><strong>Open Trade Equity:\u00a0\u00a0</strong>enter the gain or loss on open futures positions in the portfolio.\u00a0 If a loss, enter as a negative number, with a leading minus sign.</li><li><strong>Securities on Deposit:\u00a0\u00a0</strong>enter the performance bond (margin) value of all non-cash collateral on deposit, such as Treasury securities.<br/><br/>Note:\u00a0 You only need to enter values for Ledger Balance, Open Trade Equity and Securities on Deposit if you want PC-SPAN's comparison of performance bond requirement to collateral on deposit, to be meaningful.\u00a0 If you don't care about this comparison, and are only interested in knowing what the performance bond requirement is, you can leave these values as zeros.)<br/><br/></li></ul></li><li>Now point to the\u00a0<strong>Positions</strong>\u00a0tab:<br/><span class=\"confluence-embedded-file-wrapper confluence-embedded-manual-size\"><img class=\"confluence-embedded-image\" height=\"400\" src=\"https://cmegroupclientsite.atlassian.net/wiki/download/attachments/457313403/7.png?api=v2\"></span></li><li>and click on it so that we can start defining positions.<br/><span class=\"confluence-embedded-file-wrapper confluence-embedded-manual-size\"><img class=\"confluence-embedded-image\" height=\"400\" src=\"https://cmegroupclientsite.atlassian.net/wiki/download/attachments/457313403/8.png?api=v2\"></span></li><li>Let's enter some positions in\u00a0<strong>ES</strong>\u00a0futures -- the &quot;E-Mini&quot; S&amp;P 500 equity index futures:<br/><br/><ul><li>Select\u00a0<strong>ES</strong>\u00a0in the Product field.</li><li>The Product Type field will default to\u00a0<strong>Future</strong>.</li><li>Let's enter\u00a0<strong>55</strong>\u00a0for the December 2017 contract (the &quot;201712&quot; contract) and\u00a0<strong>-33</strong>\u00a0(ie, short 33) for the June 2018 contract.<br/><span class=\"confluence-embedded-file-wrapper confluence-embedded-manual-size\"><img class=\"confluence-embedded-image\" height=\"400\" src=\"https://cmegroupclientsite.atlassian.net/wiki/download/attachments/457313403/9.png?api=v2\"></span></li></ul></li></ul><p>\u00a0</p><ul><li>Now let's change Product Type to\u00a0<strong>Option on Future</strong>\u00a0and select for Option Series the\u00a0<strong>December 2017\u00a0options on the <strong>December 2017</strong>:</strong><br/><span class=\"confluence-embedded-file-wrapper confluence-embedded-manual-size\"><img class=\"confluence-embedded-image\" height=\"400\" src=\"https://cmegroupclientsite.atlassian.net/wiki/download/attachments/457313403/10.png?api=v2\"></span></li><li>Enter a long position of 52 in the 1375 put and a short position of 100 in the 1420 call:<br/><span class=\"confluence-embedded-file-wrapper confluence-embedded-manual-size\"><img class=\"confluence-embedded-image\" height=\"400\" src=\"https://cmegroupclientsite.atlassian.net/wiki/download/attachments/457313403/11.png?api=v2\"></span></li><li>Let's change the product to\u00a0<strong>NQ</strong>\u00a0for E-Mini Nasdaq 100 futures and enter a short position of 50 in the March 2018 contract:<br/><span class=\"confluence-embedded-file-wrapper confluence-embedded-manual-size\"><img class=\"confluence-embedded-image\" height=\"400\" src=\"https://cmegroupclientsite.atlassian.net/wiki/download/attachments/457313403/11.5.png?api=v2\"></span></li><li>If you click on the\u00a0<strong>Contracts with Positions</strong>\u00a0check box at the top-left of the dialog box, and then on the\u00a0<strong>All Positions for Selected Exchange Complex</strong>\u00a0check box, you can quickly view all of the positions you have defined for the CME.<br/><br/>(Note:\u00a0 to change any position quantity, just modify the value.\u00a0 To remove a position, just change its quantity to zero.)<br/><span class=\"confluence-embedded-file-wrapper confluence-embedded-manual-size\"><img class=\"confluence-embedded-image\" height=\"400\" src=\"https://cmegroupclientsite.atlassian.net/wiki/download/attachments/457313403/12.png?api=v2\"></span></li><li>Now --\u00a0<strong>very important</strong>\u00a0-- click on the\u00a0<strong>OK</strong>\u00a0button to save the portfolio and close the portfolio dialog box.\u00a0 In the data window now, you can see the portfolio:<br/><span class=\"confluence-embedded-file-wrapper confluence-embedded-manual-size\"><img class=\"confluence-embedded-image\" height=\"400\" src=\"https://cmegroupclientsite.atlassian.net/wiki/download/attachments/457313403/13.png?api=v2\"></span></li><li>Now let's calculate the performance bond requirement for this portfolio.\u00a0 Point to the\u00a0<strong>Calculate</strong>\u00a0button on the toolbar (the one with the plus/minus on it)...<br/><span class=\"confluence-embedded-file-wrapper confluence-embedded-manual-size\"><img class=\"confluence-embedded-image\" width=\"555\" src=\"https://cmegroupclientsite.atlassian.net/wiki/download/attachments/457313403/13.5.png?api=v2\"></span></li><li>and click on it.\u00a0 (You could also select\u00a0<strong>Calculate Portfolios</strong>\u00a0from the\u00a0<strong>File</strong>\u00a0menu, or just press\u00a0<strong>Ctrl-K</strong>, the keyboard shortcut.)\u00a0 The performance bond requirement will be calculated, and the Portfolio dialog box will be displayed so that you can immediately view the overall requirement for the account:<br/><span class=\"confluence-embedded-file-wrapper confluence-embedded-manual-size\"><img class=\"confluence-embedded-image\" height=\"400\" src=\"https://cmegroupclientsite.atlassian.net/wiki/download/attachments/457313403/14.png?api=v2\"></span></li><li>Note how the window shows you both the\u00a0<strong>Maintenance</strong>\u00a0requirement and the\u00a0<strong>Initial Requirement</strong>.\u00a0 (For speculative customer portfolios, the initial requirement will typically be somewhat larger than the maintenance requirement.)\u00a0 For each, you see the\u00a0<strong>SPAN Requirement</strong>\u00a0(<em>ie,\u00a0</em>the risk performance bond requirement, also called just the\u00a0<strong>risk requirement</strong>), the\u00a0<strong>Available Net Option Value</strong>\u00a0(positive if the portfolio is net long in equity-style option value and negative if the portfolio is net short in option value), and the\u00a0<strong>Total Requirement</strong>.\u00a0 As you can see the Total Requirement is equal to the SPAN Requirement, less the Available Net Option Value.</li><li>Now click on the\u00a0<strong>Values</strong>\u00a0tab to display the overall portfolio value, broken out by long and short options value, and long and short futures value.<br/><span class=\"confluence-embedded-file-wrapper confluence-embedded-manual-size\"><img class=\"confluence-embedded-image\" height=\"400\" src=\"https://cmegroupclientsite.atlassian.net/wiki/download/attachments/457313403/16.png?api=v2\"></span></li><li>Now click on the\u00a0<strong>OK</strong>\u00a0button to close the portfolio dialog box and return to the main window.\u00a0 Notice how the &quot;exclamation point&quot; symbol to the left of the portfolio has changed color from red to green, to indicate that this portfolio's performance bond requirement has been calculated:<br/><span class=\"confluence-embedded-file-wrapper confluence-embedded-manual-size\"><img class=\"confluence-embedded-image\" height=\"400\" src=\"https://cmegroupclientsite.atlassian.net/wiki/download/attachments/457313403/17.png?api=v2\"></span></li></ul><h3 id=\"QuickTour-PreparingReports\">Preparing Reports</h3><p>PC-SPAN version 4 provides a universe of reports allowing you to view and/or print just about any data from the SPAN risk parameter files you have loaded, and for the portfolios which you have defined.\u00a0 Let's take a quick look at the two most important reports:</p><ul><li>Click on the\u00a0<strong>Reports\u00a0</strong>tab to display the main reports page.<br/><span class=\"confluence-embedded-file-wrapper confluence-embedded-manual-size\"><img class=\"confluence-embedded-image\" width=\"700\" src=\"https://cmegroupclientsite.atlassian.net/wiki/download/attachments/457313403/18.png?api=v2\"></span></li></ul><p>\u00a0</p><ul><li>On the left-hand pane, you'll see three folders of available reports, with the available reports from the\u00a0<strong>Portfolios</strong>\u00a0folder already display.</li><li>Point to the\u00a0<strong>Positions</strong>\u00a0report, and click to generate the report:<br/><span class=\"confluence-embedded-file-wrapper confluence-embedded-manual-size\"><img class=\"confluence-embedded-image\" width=\"700\" src=\"https://cmegroupclientsite.atlassian.net/wiki/download/attachments/457313403/19.png?api=v2\"></span></li><li>Now let's point to the\u00a0<strong>Requirements</strong>\u00a0report, and click to generate the report:<br/><span class=\"confluence-embedded-file-wrapper confluence-embedded-manual-size\"><img class=\"confluence-embedded-image\" width=\"700\" src=\"https://cmegroupclientsite.atlassian.net/wiki/download/attachments/457313403/20.png?api=v2\"></span></li><li>Note above how the report has two pages at its current page size of 50 lines per page.\u00a0 You can browse backwards and forwards among the pages using the arrow buttons shown above.</li><li>If you want to print the report, click on the\u00a0<strong>Print All</strong>\u00a0button to bring up the standard Windows\u00a0<strong>Print</strong>\u00a0dialog box.\u00a0 (Note:\u00a0 you use the printer's\u00a0<strong>Properties</strong>\u00a0button to change between portrait and landscape mode as desired.)\u00a0 Click\u00a0<strong>OK</strong>\u00a0to print the report, or\u00a0<strong>Cancel\u00a0</strong>if you change your mind.<br/><span class=\"confluence-embedded-file-wrapper confluence-embedded-manual-size\"><img class=\"confluence-embedded-image\" height=\"400\" src=\"https://cmegroupclientsite.atlassian.net/wiki/download/attachments/457313403/21.png?api=v2\"></span></li></ul>"
        }
    },
    "status": "current",
    "title": "Quick Tour",
    "spaceId": "457312811",
    "lastOwnerId": null,
    "id": "457313403",
    "_links": {
        "editui": "/pages/resumedraft.action?draftId=457313403",
        "webui": "/spaces/pubsub/pages/457313403/Quick+Tour",
        "edituiv2": "/spaces/pubsub/pages/edit-v2/457313403",
        "tinyui": "/x/ewxCGw",
        "base": "https://cmegroupclientsite.atlassian.net/wiki"
    }
}