{
    "parentId": "457214773",
    "spaceId": "457312811",
    "ownerId": "60653f79352e1e0069fb728f",
    "createdAt": "2024-12-21T16:43:33.034Z",
    "authorId": "60653f79352e1e0069fb728f",
    "parentType": "page",
    "position": 452761068,
    "version": {
        "number": 1,
        "message": "",
        "minorEdit": false,
        "authorId": "60653f79352e1e0069fb728f",
        "createdAt": "2024-12-21T16:43:34.165Z"
    },
    "lastOwnerId": null,
    "status": "current",
    "body": {
        "export_view": {
            "representation": "export_view",
            "value": "<div class=\"table-wrap\"><table class=\"confluenceTable\"><tbody><tr><th class=\"confluenceTh\">Length</th><th class=\"confluenceTh\">From</th><th class=\"confluenceTh\">To</th><th class=\"confluenceTh\">Datatype</th><th class=\"confluenceTh\">Format</th><th class=\"confluenceTh\">Description and Comments</th></tr><tr><td class=\"confluenceTd\">2</td><td class=\"confluenceTd\">1</td><td class=\"confluenceTd\">2</td><td class=\"confluenceTd\">AN</td><td class=\"confluenceTd\">X(2)</td><td class=\"confluenceTd\">Record ID - &quot;1 &quot;</td></tr><tr><td class=\"confluenceTd\">3</td><td class=\"confluenceTd\">3</td><td class=\"confluenceTd\">5</td><td class=\"confluenceTd\">AN</td><td class=\"confluenceTd\">X(3)</td><td class=\"confluenceTd\">Exchange Acronym</td></tr><tr><td class=\"confluenceTd\">2</td><td class=\"confluenceTd\">6</td><td class=\"confluenceTd\">7</td><td class=\"confluenceTd\">-</td><td class=\"confluenceTd\">-</td><td class=\"confluenceTd\">Filler</td></tr><tr><td class=\"confluenceTd\">2</td><td class=\"confluenceTd\">8</td><td class=\"confluenceTd\">9</td><td class=\"confluenceTd\">AN</td><td class=\"confluenceTd\">X(2)</td><td class=\"confluenceTd\">Exchange Code</td></tr><tr><td class=\"confluenceTd\">123</td><td class=\"confluenceTd\">10</td><td class=\"confluenceTd\">132</td><td class=\"confluenceTd\">-</td><td class=\"confluenceTd\">-</td><td class=\"confluenceTd\">Filler</td></tr></tbody></table></div><hr/><p><strong>Notes:</strong></p><ol><li>The two-byte exchange code is provided for compatibility with older file formats.</li><li>In the expanded-format file, the exchange header record is no longer the first record in the file.</li></ol>"
        }
    },
    "title": "Type 1 Records - Expanded and Paris",
    "id": "457314235",
    "_links": {
        "editui": "/pages/resumedraft.action?draftId=457314235",
        "webui": "/spaces/pubsub/pages/457314235/Type+1+Records+-+Expanded+and+Paris",
        "edituiv2": "/spaces/pubsub/pages/edit-v2/457314235",
        "tinyui": "/x/uw9CGw",
        "base": "https://cmegroupclientsite.atlassian.net/wiki"
    }
}