{
    "parentId": "457214773",
    "ownerId": "60653f79352e1e0069fb728f",
    "lastOwnerId": null,
    "createdAt": "2024-12-21T16:43:47.777Z",
    "authorId": "60653f79352e1e0069fb728f",
    "parentType": "page",
    "position": 452763888,
    "version": {
        "number": 1,
        "message": "",
        "minorEdit": false,
        "authorId": "60653f79352e1e0069fb728f",
        "createdAt": "2024-12-21T16:43:49.170Z"
    },
    "status": "current",
    "body": {
        "export_view": {
            "representation": "export_view",
            "value": "<div class=\"table-wrap\"><table class=\"confluenceTable\"><tbody><tr><th class=\"confluenceTh\">Length</th><th class=\"confluenceTh\">From</th><th class=\"confluenceTh\">To</th><th class=\"confluenceTh\">Datatype</th><th class=\"confluenceTh\">Format</th><th class=\"confluenceTh\">Description and Comments</th></tr><tr><td class=\"confluenceTd\">2</td><td class=\"confluenceTd\">1</td><td class=\"confluenceTd\">2</td><td class=\"confluenceTd\">AN</td><td class=\"confluenceTd\">X</td><td class=\"confluenceTd\">Record ID - &quot;5 &quot;</td></tr><tr><td class=\"confluenceTd\">3</td><td class=\"confluenceTd\">3</td><td class=\"confluenceTd\">5</td><td class=\"confluenceTd\">AN</td><td class=\"confluenceTd\">X(3)</td><td class=\"confluenceTd\">Combined Commodity Group Code</td></tr><tr><td class=\"confluenceTd\">7</td><td class=\"confluenceTd\">6</td><td class=\"confluenceTd\">12</td><td class=\"confluenceTd\">-</td><td class=\"confluenceTd\">-</td><td class=\"confluenceTd\">Filler</td></tr><tr><td class=\"confluenceTd\">6</td><td class=\"confluenceTd\">13</td><td class=\"confluenceTd\">18</td><td class=\"confluenceTd\">AN</td><td class=\"confluenceTd\">X(6)</td><td class=\"confluenceTd\">Combined Commodity Code 1</td></tr><tr><td class=\"confluenceTd\">6</td><td class=\"confluenceTd\">19</td><td class=\"confluenceTd\">24</td><td class=\"confluenceTd\">AN</td><td class=\"confluenceTd\">X(6)</td><td class=\"confluenceTd\">Combined Commodity Code 2</td></tr><tr><td class=\"confluenceTd\">6</td><td class=\"confluenceTd\">25</td><td class=\"confluenceTd\">30</td><td class=\"confluenceTd\">AN</td><td class=\"confluenceTd\">X(6)</td><td class=\"confluenceTd\">Combined Commodity Code 3</td></tr><tr><td class=\"confluenceTd\">6</td><td class=\"confluenceTd\">31</td><td class=\"confluenceTd\">36</td><td class=\"confluenceTd\">AN</td><td class=\"confluenceTd\">X(6)</td><td class=\"confluenceTd\">Combined Commodity Code 4</td></tr><tr><td class=\"confluenceTd\">6</td><td class=\"confluenceTd\">37</td><td class=\"confluenceTd\">42</td><td class=\"confluenceTd\">AN</td><td class=\"confluenceTd\">X(6)</td><td class=\"confluenceTd\">Combined Commodity Code 5</td></tr><tr><td class=\"confluenceTd\">6</td><td class=\"confluenceTd\">43</td><td class=\"confluenceTd\">48</td><td class=\"confluenceTd\">AN</td><td class=\"confluenceTd\">X(6)</td><td class=\"confluenceTd\">Combined Commodity Code 6</td></tr><tr><td class=\"confluenceTd\">6</td><td class=\"confluenceTd\">49</td><td class=\"confluenceTd\">54</td><td class=\"confluenceTd\">AN</td><td class=\"confluenceTd\">X(6)</td><td class=\"confluenceTd\">Combined Commodity Code 7</td></tr><tr><td class=\"confluenceTd\">6</td><td class=\"confluenceTd\">55</td><td class=\"confluenceTd\">60</td><td class=\"confluenceTd\">AN</td><td class=\"confluenceTd\">X(6)</td><td class=\"confluenceTd\">Combined Commodity Code 8</td></tr><tr><td class=\"confluenceTd\">6</td><td class=\"confluenceTd\">61</td><td class=\"confluenceTd\">66</td><td class=\"confluenceTd\">AN</td><td class=\"confluenceTd\">X(6)</td><td class=\"confluenceTd\">Combined Commodity Code 9</td></tr><tr><td class=\"confluenceTd\">6</td><td class=\"confluenceTd\">67</td><td class=\"confluenceTd\">72</td><td class=\"confluenceTd\">AN</td><td class=\"confluenceTd\">X(6)</td><td class=\"confluenceTd\">Combined Commodity Code 10</td></tr><tr><td class=\"confluenceTd\">60</td><td class=\"confluenceTd\">73</td><td class=\"confluenceTd\">132</td><td class=\"confluenceTd\">-</td><td class=\"confluenceTd\">-</td><td class=\"confluenceTd\">Filler</td></tr></tbody></table></div><p><strong>Notes:</strong></p><ol><li>Type &quot;5&quot; records define combined commodity groups, and specify which combined commodities are in which group. Each combined commodity must be in exactly one group, since the groups are used in rollups of SPAN requirements.<br/><br/></li><li>If there are more than ten combined commodities in a group, additional type &quot;5&quot; records follow the first immediately.\u00a0<br/><br/></li><li>The initial to maintenance ratios which are on the standard-format type &quot;5&quot; record have been removed here. The expanded-format file supports only the\u00a0<strong>multi-currency method</strong>\u00a0of calculating SPAN requirements, in which the risk requirement is determined for each combined commodity and hence for which initial to maintenance ratios are specified for each combined commodity.</li></ol>"
        }
    },
    "title": "Type 5 - Expanded",
    "spaceId": "457312811",
    "id": "457314351",
    "_links": {
        "editui": "/pages/resumedraft.action?draftId=457314351",
        "webui": "/spaces/pubsub/pages/457314351/Type+5+-+Expanded",
        "edituiv2": "/spaces/pubsub/pages/edit-v2/457314351",
        "tinyui": "/x/LxBCGw",
        "base": "https://cmegroupclientsite.atlassian.net/wiki"
    }
}