{
    "data": [
        {
            "type": "heading",
            "text": "Notes:"
        },
        {
            "type": "confluence_tables",
            "text": [
                {
                    "headers": [
                        "Length",
                        "From",
                        "To",
                        "Datatype",
                        "Format",
                        "Description and Comments"
                    ],
                    "rows": [
                        {
                            "cells": [
                                "1",
                                "1",
                                "2",
                                "AN",
                                "X(2)",
                                "Record ID - \"V \""
                            ],
                            "links": []
                        },
                        {
                            "cells": [
                                "3",
                                "3",
                                "5",
                                "AN",
                                "X(3)",
                                "Exchange Acronym"
                            ],
                            "links": []
                        },
                        {
                            "cells": [
                                "10",
                                "6",
                                "15",
                                "AN",
                                "X(10)",
                                "Product (\"commodity\") Code"
                            ],
                            "links": []
                        },
                        {
                            "cells": [
                                "6",
                                "16",
                                "21",
                                "AN",
                                "X(6)",
                                "Futures Contract Month - asCCYYMM"
                            ],
                            "links": []
                        },
                        {
                            "cells": [
                                "2",
                                "22",
                                "23",
                                "AN",
                                "X(2)",
                                "Futures Contract Day or Week Code"
                            ],
                            "links": []
                        },
                        {
                            "cells": [
                                "8",
                                "24",
                                "31",
                                "AN",
                                "X(8)",
                                "Business Date - asCCYYMMDD"
                            ],
                            "links": []
                        },
                        {
                            "cells": [
                                "13",
                                "32",
                                "44",
                                "N",
                                "9(5)V9(8)",
                                "Daily Adjustment Rate - Long"
                            ],
                            "links": []
                        },
                        {
                            "cells": [
                                "1",
                                "45",
                                "45",
                                "A",
                                "X",
                                "Daily adjustment sign -\"-\"ifpremiumor\"+\"ifdiscount"
                            ],
                            "links": []
                        },
                        {
                            "cells": [
                                "1",
                                "46",
                                "46",
                                "A",
                                "X",
                                "Daily adjustment premium/discount -\"P\"or\"D\""
                            ],
                            "links": []
                        },
                        {
                            "cells": [
                                "13",
                                "47",
                                "59",
                                "N",
                                "9(5)V9(8)",
                                "Daily Adj. Rate-Short, or Cumulative Adjustment Rate"
                            ],
                            "links": []
                        },
                        {
                            "cells": [
                                "1",
                                "60",
                                "60",
                                "A",
                                "X",
                                "Daily Short or Cumulative Rate sign -\"-\"ifpremiumor\"+\"ifdiscount"
                            ],
                            "links": []
                        },
                        {
                            "cells": [
                                "1",
                                "61",
                                "61",
                                "A",
                                "X",
                                "Daily Short or Cumulative premium/discount -\"P\"or\"D\""
                            ],
                            "links": []
                        },
                        {
                            "cells": [
                                "1",
                                "62",
                                "62",
                                "A",
                                "X",
                                "Short Rate Flag -Smeans that the rate in position 48-60 is the Daily Rate for Short positions, blank or any other value indicates that it is the Cumulative Rate for Long positions."
                            ],
                            "links": []
                        },
                        {
                            "cells": [
                                "3",
                                "63",
                                "65",
                                "N",
                                "9V9(2)",
                                "Long position value maintenance rate - for example,\"100\"for 1.00"
                            ],
                            "links": []
                        },
                        {
                            "cells": [
                                "3",
                                "66",
                                "68",
                                "N",
                                "9V9(2)",
                                "Short position value maintenance rate - for example,\"050\"for 0.50"
                            ],
                            "links": []
                        },
                        {
                            "cells": [
                                "1",
                                "69",
                                "69",
                                "A",
                                "X",
                                "Reset long margin price flag -\"Y\"or\"N\""
                            ],
                            "links": []
                        },
                        {
                            "cells": [
                                "3",
                                "70",
                                "72",
                                "N",
                                "9V9(2)",
                                "Reset long down threshhold"
                            ],
                            "links": []
                        },
                        {
                            "cells": [
                                "3",
                                "73",
                                "75",
                                "N",
                                "9V9(2)",
                                "Reset long up threshhold"
                            ],
                            "links": []
                        },
                        {
                            "cells": [
                                "1",
                                "76",
                                "76",
                                "A",
                                "X",
                                "Reset short margin price flag -\"Y\"or\"N\""
                            ],
                            "links": []
                        },
                        {
                            "cells": [
                                "3",
                                "77",
                                "79",
                                "N",
                                "9V9(2)",
                                "Reset short down threshhold"
                            ],
                            "links": []
                        },
                        {
                            "cells": [
                                "3",
                                "80",
                                "82",
                                "N",
                                "9V9(2)",
                                "Reset short up threshhold"
                            ],
                            "links": []
                        },
                        {
                            "cells": [
                                "6",
                                "83",
                                "88",
                                "AN",
                                "X(6)",
                                "Value Maintenance Product Class"
                            ],
                            "links": []
                        },
                        {
                            "cells": [
                                "44",
                                "89",
                                "132",
                                "-",
                                "-",
                                "Filler"
                            ],
                            "links": []
                        }
                    ]
                }
            ]
        }
    ],
    "page_id": "457314015",
    "child_page_ids": []
}