{
    "data": [
        {
            "type": "heading",
            "text": "Notes:"
        },
        {
            "type": "link",
            "text": "1",
            "url": "http://www.cme-ch.com/span/spanl328.htm#note1",
            "data-linked-resource-id": null,
            "data-linked-resource-type": null
        },
        {
            "type": "confluence_tables",
            "text": [
                {
                    "headers": [
                        "Length",
                        "From",
                        "To",
                        "Datatype",
                        "Format",
                        "Description and Comments"
                    ],
                    "rows": [
                        {
                            "cells": [
                                "2",
                                "1",
                                "2",
                                "AN",
                                "X(2)",
                                "Record ID - \"81\""
                            ],
                            "links": []
                        },
                        {
                            "cells": [
                                "3",
                                "3",
                                "5",
                                "AN",
                                "X(3)",
                                "Exchange Acronym"
                            ],
                            "links": []
                        },
                        {
                            "cells": [
                                "12",
                                "6",
                                "17",
                                "AN",
                                "X(12)",
                                "Commodity (Product) Code"
                            ],
                            "links": []
                        },
                        {
                            "cells": [
                                "12",
                                "18",
                                "29",
                                "AN",
                                "X(12)",
                                "Underlying Commodity (Product) Code"
                            ],
                            "links": []
                        },
                        {
                            "cells": [
                                "5",
                                "30",
                                "34",
                                "AN",
                                "X(5)",
                                "Product Type Code"
                            ],
                            "links": []
                        },
                        {
                            "cells": [
                                "1",
                                "35",
                                "35",
                                "AN",
                                "X",
                                "Option Right Code - for an option only:Pfor Put orCfor Call"
                            ],
                            "links": []
                        },
                        {
                            "cells": [
                                "6",
                                "36",
                                "41",
                                "N",
                                "9(6)",
                                "Futures Contract Month asCCYYMM"
                            ],
                            "links": []
                        },
                        {
                            "cells": [
                                "2",
                                "42",
                                "43",
                                "AN",
                                "X(2)",
                                "Futures Contract Day or Week Code"
                            ],
                            "links": []
                        },
                        {
                            "cells": [
                                "1",
                                "44",
                                "44",
                                "-",
                                "-",
                                "Filler"
                            ],
                            "links": []
                        },
                        {
                            "cells": [
                                "6",
                                "45",
                                "50",
                                "N",
                                "9(6)",
                                "Option Contract Month as CCYYMM"
                            ],
                            "links": []
                        },
                        {
                            "cells": [
                                "2",
                                "51",
                                "52",
                                "AN",
                                "X(2)",
                                "Option Contract Day or Week Code"
                            ],
                            "links": []
                        },
                        {
                            "cells": [
                                "1",
                                "53",
                                "53",
                                "-",
                                "-",
                                "Filler"
                            ],
                            "links": []
                        },
                        {
                            "cells": [
                                "14",
                                "54",
                                "67",
                                "N",
                                "9(14)",
                                "Option Strike Price"
                            ],
                            "links": []
                        },
                        {
                            "cells": [
                                "1",
                                "68",
                                "68",
                                "N",
                                "9",
                                "Strike Decimal Locator"
                            ],
                            "links": []
                        },
                        {
                            "cells": [
                                "1",
                                "69",
                                "69",
                                "N",
                                "9",
                                "Array Value Decimal Locator"
                            ],
                            "links": []
                        },
                        {
                            "cells": [
                                "8",
                                "70",
                                "77",
                                "N",
                                "9(8)",
                                "Array Value1: FuturesNo Change / Volatility Up1"
                            ],
                            "links": [
                                "http://www.cme-ch.com/span/spanl328.htm#note1"
                            ]
                        },
                        {
                            "cells": [
                                "1",
                                "78",
                                "78",
                                "AN",
                                "X",
                                "Sign for Array Value 1 (\"+\" or \"-\")"
                            ],
                            "links": []
                        },
                        {
                            "cells": [
                                "8",
                                "79",
                                "86",
                                "N",
                                "9(8)",
                                "Array Value2: FuturesNo Change / Volatility Down"
                            ],
                            "links": []
                        },
                        {
                            "cells": [
                                "1",
                                "87",
                                "87",
                                "AN",
                                "X",
                                "Sign for Array Value 2 (\"+\" or \"-\")"
                            ],
                            "links": []
                        },
                        {
                            "cells": [
                                "8",
                                "88",
                                "95",
                                "N",
                                "9(8)",
                                "Array Value3: FuturesUp 1/3 / Volatility Up"
                            ],
                            "links": []
                        },
                        {
                            "cells": [
                                "1",
                                "96",
                                "96",
                                "AN",
                                "X",
                                "Sign for Array Value 3 (\"+\" or \"-\")"
                            ],
                            "links": []
                        },
                        {
                            "cells": [
                                "8",
                                "97",
                                "104",
                                "N",
                                "9(8)",
                                "Array Value4: FuturesUp 1/3 / Volatility Down"
                            ],
                            "links": []
                        },
                        {
                            "cells": [
                                "1",
                                "105",
                                "105",
                                "AN",
                                "X",
                                "Sign for Array Value 4 (\"+\" or \"-\")"
                            ],
                            "links": []
                        },
                        {
                            "cells": [
                                "8",
                                "106",
                                "113",
                                "N",
                                "9(8)",
                                "Array Value5: FuturesDown 1/3 / Volatility Up"
                            ],
                            "links": []
                        },
                        {
                            "cells": [
                                "1",
                                "114",
                                "114",
                                "AN",
                                "X",
                                "Sign for Array Value 5 (\"+\" or \"-\")"
                            ],
                            "links": []
                        },
                        {
                            "cells": [
                                "8",
                                "115",
                                "122",
                                "N",
                                "9(8)",
                                "Array Value6: FuturesDown 1/3 / Volatility Down"
                            ],
                            "links": []
                        },
                        {
                            "cells": [
                                "1",
                                "123",
                                "123",
                                "AN",
                                "X",
                                "Sign for Array Value 6 (\"+\" or \"-\")"
                            ],
                            "links": []
                        },
                        {
                            "cells": [
                                "8",
                                "124",
                                "131",
                                "N",
                                "9(8)",
                                "Array Value7: FuturesUp 2/3 / Volatility Up"
                            ],
                            "links": []
                        },
                        {
                            "cells": [
                                "1",
                                "132",
                                "132",
                                "AN",
                                "X",
                                "Sign for Array Value 7 (\"+\" or \"-\")"
                            ],
                            "links": []
                        }
                    ]
                },
                {
                    "headers": [
                        "Length",
                        "From",
                        "To",
                        "Datatype",
                        "Format",
                        "Description and Comments"
                    ],
                    "rows": [
                        {
                            "cells": [
                                "2",
                                "1",
                                "2",
                                "AN",
                                "X(2)",
                                "Record ID - \"82\""
                            ],
                            "links": []
                        },
                        {
                            "cells": [
                                "3",
                                "3",
                                "5",
                                "AN",
                                "X(3)",
                                "Exchange Acronym"
                            ],
                            "links": []
                        },
                        {
                            "cells": [
                                "12",
                                "6",
                                "17",
                                "AN",
                                "X(12)",
                                "Commodity (Product) Code"
                            ],
                            "links": []
                        },
                        {
                            "cells": [
                                "12",
                                "18",
                                "29",
                                "AN",
                                "X(12)",
                                "Underlying Commodity (Product) Code"
                            ],
                            "links": []
                        },
                        {
                            "cells": [
                                "5",
                                "30",
                                "34",
                                "AN",
                                "X(5)",
                                "Product Type Code"
                            ],
                            "links": []
                        },
                        {
                            "cells": [
                                "1",
                                "35",
                                "35",
                                "AN",
                                "X",
                                "Option Right Code - for an option only:Pfor Put orCfor Call"
                            ],
                            "links": []
                        },
                        {
                            "cells": [
                                "6",
                                "36",
                                "41",
                                "N",
                                "9(6)",
                                "Futures Contract Month asCCYYMM"
                            ],
                            "links": []
                        },
                        {
                            "cells": [
                                "2",
                                "42",
                                "43",
                                "AN",
                                "X(2)",
                                "Futures Contract Day or Week Code"
                            ],
                            "links": []
                        },
                        {
                            "cells": [
                                "1",
                                "44",
                                "44",
                                "-",
                                "-",
                                "Filler"
                            ],
                            "links": []
                        },
                        {
                            "cells": [
                                "6",
                                "45",
                                "50",
                                "N",
                                "9(6)",
                                "Option Contract Month as CCYYMM"
                            ],
                            "links": []
                        },
                        {
                            "cells": [
                                "2",
                                "51",
                                "52",
                                "AN",
                                "X(2)",
                                "Option Contract Day or Week Code"
                            ],
                            "links": []
                        },
                        {
                            "cells": [
                                "1",
                                "53",
                                "53",
                                "-",
                                "-",
                                "Filler"
                            ],
                            "links": []
                        },
                        {
                            "cells": [
                                "14",
                                "54",
                                "67",
                                "N",
                                "9(14)",
                                "Option Strike Price"
                            ],
                            "links": []
                        },
                        {
                            "cells": [
                                "1",
                                "68",
                                "68",
                                "N",
                                "9",
                                "Strike Decimal Locator"
                            ],
                            "links": []
                        },
                        {
                            "cells": [
                                "1",
                                "69",
                                "69",
                                "N",
                                "9",
                                "Array Value Decimal Locator"
                            ],
                            "links": []
                        },
                        {
                            "cells": [
                                "8",
                                "70",
                                "77",
                                "N",
                                "9(8)",
                                "Array Value8: FuturesUp 2/3 / Volatility Down"
                            ],
                            "links": []
                        },
                        {
                            "cells": [
                                "1",
                                "78",
                                "78",
                                "AN",
                                "X",
                                "Sign for Array Value 8 (\"+\" or \"-\")"
                            ],
                            "links": []
                        },
                        {
                            "cells": [
                                "8",
                                "79",
                                "86",
                                "N",
                                "9(8)",
                                "Array Value9: FuturesDown 2/3 / Volatility Up"
                            ],
                            "links": []
                        },
                        {
                            "cells": [
                                "1",
                                "87",
                                "87",
                                "AN",
                                "X",
                                "Sign for Array Value 9 (\"+\" or \"-\")"
                            ],
                            "links": []
                        },
                        {
                            "cells": [
                                "8",
                                "88",
                                "95",
                                "N",
                                "9(8)",
                                "Array Value10: FuturesDown 2/3 / Volatility Down"
                            ],
                            "links": []
                        },
                        {
                            "cells": [
                                "1",
                                "96",
                                "96",
                                "AN",
                                "X",
                                "Sign for Array Value 10 (\"+\" or \"-\")"
                            ],
                            "links": []
                        },
                        {
                            "cells": [
                                "8",
                                "97",
                                "104",
                                "N",
                                "9(8)",
                                "Array Value11: FuturesUp 3/3 / Volatility Up"
                            ],
                            "links": []
                        },
                        {
                            "cells": [
                                "1",
                                "105",
                                "105",
                                "AN",
                                "X",
                                "Sign for Array Value 11 (\"+\" or \"-\")"
                            ],
                            "links": []
                        },
                        {
                            "cells": [
                                "8",
                                "106",
                                "113",
                                "N",
                                "9(8)",
                                "Array Value12: FuturesUp 3/3 / Volatility Down"
                            ],
                            "links": []
                        },
                        {
                            "cells": [
                                "1",
                                "114",
                                "114",
                                "AN",
                                "X",
                                "Sign for Array Value 12 (\"+\" or \"-\")"
                            ],
                            "links": []
                        },
                        {
                            "cells": [
                                "8",
                                "115",
                                "122",
                                "N",
                                "9(8)",
                                "Array Value13: FuturesDown 3/3 / Volatility Up"
                            ],
                            "links": []
                        },
                        {
                            "cells": [
                                "1",
                                "123",
                                "123",
                                "AN",
                                "X",
                                "Sign for Array Value 13 (\"+\" or \"-\")"
                            ],
                            "links": []
                        },
                        {
                            "cells": [
                                "8",
                                "124",
                                "131",
                                "N",
                                "9(8)",
                                "Array Value14: FuturesDown 3/3 / Volatility Down"
                            ],
                            "links": []
                        },
                        {
                            "cells": [
                                "1",
                                "132",
                                "132",
                                "AN",
                                "X",
                                "Sign for Array Value 14 (\"+\" or \"-\")"
                            ],
                            "links": []
                        }
                    ]
                },
                {
                    "headers": [
                        "Length",
                        "From",
                        "To",
                        "Datatype",
                        "Format",
                        "Description and Comments"
                    ],
                    "rows": [
                        {
                            "cells": [
                                "2",
                                "1",
                                "2",
                                "AN",
                                "X(2)",
                                "Record ID - \"83\""
                            ],
                            "links": []
                        },
                        {
                            "cells": [
                                "3",
                                "3",
                                "5",
                                "AN",
                                "X(3)",
                                "Exchange Acronym"
                            ],
                            "links": []
                        },
                        {
                            "cells": [
                                "12",
                                "6",
                                "17",
                                "AN",
                                "X(12)",
                                "Commodity (Product) Code"
                            ],
                            "links": []
                        },
                        {
                            "cells": [
                                "12",
                                "18",
                                "29",
                                "AN",
                                "X(12)",
                                "Underlying Commodity (Product) Code"
                            ],
                            "links": []
                        },
                        {
                            "cells": [
                                "5",
                                "30",
                                "34",
                                "AN",
                                "X(5)",
                                "Product Type Code"
                            ],
                            "links": []
                        },
                        {
                            "cells": [
                                "1",
                                "35",
                                "35",
                                "AN",
                                "X",
                                "Option Right Code - for an option only:Pfor Put orCfor Call"
                            ],
                            "links": []
                        },
                        {
                            "cells": [
                                "6",
                                "36",
                                "41",
                                "N",
                                "9(6)",
                                "Futures Contract Month asCCYYMM"
                            ],
                            "links": []
                        },
                        {
                            "cells": [
                                "2",
                                "42",
                                "43",
                                "AN",
                                "X(2)",
                                "Futures Contract Day or Week Code"
                            ],
                            "links": []
                        },
                        {
                            "cells": [
                                "1",
                                "44",
                                "44",
                                "-",
                                "-",
                                "Filler"
                            ],
                            "links": []
                        },
                        {
                            "cells": [
                                "6",
                                "45",
                                "50",
                                "N",
                                "9(6)",
                                "Option Contract Month as CCYYMM"
                            ],
                            "links": []
                        },
                        {
                            "cells": [
                                "2",
                                "51",
                                "52",
                                "AN",
                                "X(2)",
                                "Option Contract Day or Week Code"
                            ],
                            "links": []
                        },
                        {
                            "cells": [
                                "1",
                                "53",
                                "53",
                                "-",
                                "-",
                                "Filler"
                            ],
                            "links": []
                        },
                        {
                            "cells": [
                                "14",
                                "54",
                                "67",
                                "N",
                                "9(14)",
                                "Option Strike Price"
                            ],
                            "links": []
                        },
                        {
                            "cells": [
                                "1",
                                "68",
                                "68",
                                "N",
                                "9",
                                "Strike Decimal Locator"
                            ],
                            "links": []
                        },
                        {
                            "cells": [
                                "1",
                                "69",
                                "69",
                                "N",
                                "9",
                                "Array Value Decimal Locator"
                            ],
                            "links": []
                        },
                        {
                            "cells": [
                                "8",
                                "70",
                                "77",
                                "N",
                                "9(8)",
                                "Array Value15: FuturesUp Extreme - Cover Fraction"
                            ],
                            "links": []
                        },
                        {
                            "cells": [
                                "1",
                                "78",
                                "78",
                                "AN",
                                "X",
                                "Sign for Array Value 15 (\"+\" or \"-\")"
                            ],
                            "links": []
                        },
                        {
                            "cells": [
                                "8",
                                "79",
                                "86",
                                "N",
                                "9(8)",
                                "Array Value16: FuturesDown Extreme - Cover Fraction"
                            ],
                            "links": []
                        },
                        {
                            "cells": [
                                "1",
                                "87",
                                "87",
                                "AN",
                                "X",
                                "Sign for Array Value 16 (\"+\" or \"-\")"
                            ],
                            "links": []
                        },
                        {
                            "cells": [
                                "5",
                                "88",
                                "92",
                                "N",
                                "9(5)",
                                "Composite Delta"
                            ],
                            "links": []
                        },
                        {
                            "cells": [
                                "1",
                                "93",
                                "93",
                                "AN",
                                "X",
                                "Sign for Composite Delta (\"+\" or \"-\")"
                            ],
                            "links": []
                        },
                        {
                            "cells": [
                                "1",
                                "94",
                                "94",
                                "N",
                                "9",
                                "Composite Delta Decimal Locator"
                            ],
                            "links": []
                        },
                        {
                            "cells": [
                                "8",
                                "95",
                                "102",
                                "N",
                                "9(8)",
                                "Implied Volatility as decimal fraction"
                            ],
                            "links": []
                        },
                        {
                            "cells": [
                                "1",
                                "103",
                                "103",
                                "N",
                                "9",
                                "Implied Volatility Decimal Locator"
                            ],
                            "links": []
                        },
                        {
                            "cells": [
                                "14",
                                "104",
                                "117",
                                "N",
                                "9(14)",
                                "Settlement Price"
                            ],
                            "links": []
                        },
                        {
                            "cells": [
                                "1",
                                "118",
                                "118",
                                "AN",
                                "X",
                                "Sign for Settlement Price (blank, \"+\" or \"-\")"
                            ],
                            "links": []
                        },
                        {
                            "cells": [
                                "1",
                                "119",
                                "119",
                                "N",
                                "9",
                                "Settlement Price Decimal Locator"
                            ],
                            "links": []
                        },
                        {
                            "cells": [
                                "11",
                                "120",
                                "130",
                                "N",
                                "9(11)",
                                "Contract Value Factor (Multiplier)"
                            ],
                            "links": []
                        },
                        {
                            "cells": [
                                "1",
                                "131",
                                "131",
                                "N",
                                "9",
                                "Contract Value Factor Decimal Locator"
                            ],
                            "links": []
                        },
                        {
                            "cells": [
                                "1",
                                "132",
                                "132",
                                "-",
                                "-",
                                "Filler"
                            ],
                            "links": []
                        }
                    ]
                }
            ]
        }
    ],
    "page_id": "457314428",
    "child_page_ids": []
}