{
    "parentId": "457411114",
    "spaceId": "457312811",
    "ownerId": "60653f79352e1e0069fb728f",
    "lastOwnerId": null,
    "createdAt": "2024-12-21T16:43:28.918Z",
    "authorId": "60653f79352e1e0069fb728f",
    "parentType": "page",
    "position": 91138223,
    "version": {
        "number": 1,
        "message": "",
        "minorEdit": false,
        "authorId": "60653f79352e1e0069fb728f",
        "createdAt": "2024-12-21T16:43:30.218Z"
    },
    "body": {
        "export_view": {
            "representation": "export_view",
            "value": "<p><span class=\"confluence-embedded-file-wrapper\"><img class=\"confluence-embedded-image\" src=\"https://cmegroupclientsite.atlassian.net/wiki/download/attachments/457314197/riskSOMtiers.jpg?api=v2\"></span></p><p><u>Short Option Minimum Tiers</u></p><p>This report shows the charge rates for individual or overall Short Option Minimums tiers, per combined commodity and broken down by Tier.\u00a0</p><p><strong>Comb Comm: </strong>\u00a0Combined Commodity</p><p>The set of all eligible products used to generate a total requirement for each Exchange Complex within a portfolio.\u00a0 A Combined Commodity generally consists of all products of the same underlying physical. For example, at the CME, the Eurodollar combined commodity encompasses Mid-Curve options, Eurodollars and Eurodollar options.\u00a0</p><p><strong>Tier #:\u00a0\u00a0 </strong>Shows the overall and individual tiers</p><p><strong>Start Period:\u00a0 </strong>The beginning date of the tier</p><p><strong>End Period:\u00a0 </strong>The ending date of the tier</p><p><strong>Rate ID:\u00a0 </strong>Span assigns an ID for each Short Option Minimum charge rate</p><p><strong>Rate:\u00a0 </strong>The Short Option Minimum charge rate per tier.</p>"
        }
    },
    "status": "current",
    "title": "SOM Tiers",
    "id": "457314197",
    "_links": {
        "editui": "/pages/resumedraft.action?draftId=457314197",
        "webui": "/spaces/pubsub/pages/457314197/SOM+Tiers",
        "edituiv2": "/spaces/pubsub/pages/edit-v2/457314197",
        "tinyui": "/x/lQ9CGw",
        "base": "https://cmegroupclientsite.atlassian.net/wiki"
    }
}