{
    "parentId": "457313347",
    "spaceId": "457312811",
    "ownerId": "60653f79352e1e0069fb728f",
    "lastOwnerId": null,
    "createdAt": "2024-12-21T16:42:30.492Z",
    "authorId": "60653f79352e1e0069fb728f",
    "parentType": "page",
    "version": {
        "number": 1,
        "message": "",
        "minorEdit": false,
        "authorId": "60653f79352e1e0069fb728f",
        "createdAt": "2024-12-21T16:42:31.658Z"
    },
    "position": 56096923,
    "body": {
        "export_view": {
            "representation": "export_view",
            "value": "<p><ul class='childpages-macro'><li><a href=\"https://cmegroupclientsite.atlassian.net/wiki/spaces/pubsub/pages/457313512/Component+Interface+for+Version+4+of+PC-SPAN+SPAN+Risk+Manager+and+SPAN+Risk+Manager+Clearing\" data-linked-resource-id=\"457313512\" data-linked-resource-version=\"1\" data-linked-resource-type=\"page\">Component Interface for Version 4 of PC-SPAN, SPAN Risk Manager, and SPAN Risk Manager Clearing</a></li><li><a href=\"https://cmegroupclientsite.atlassian.net/wiki/spaces/pubsub/pages/457214519/Option+Pricing+Models+Interfaces+and+Methods\" data-linked-resource-id=\"457214519\" data-linked-resource-version=\"1\" data-linked-resource-type=\"page\">Option Pricing Models Interfaces and Methods</a></li><li><a href=\"https://cmegroupclientsite.atlassian.net/wiki/spaces/pubsub/pages/457411097/Running+PC-SPAN+Reports+and+Export+Datafiles+in+Batch\" data-linked-resource-id=\"457411097\" data-linked-resource-version=\"1\" data-linked-resource-type=\"page\">Running PC-SPAN Reports and Export Datafiles in Batch</a></li><li><a href=\"https://cmegroupclientsite.atlassian.net/wiki/spaces/pubsub/pages/457083279/Script+Language+for+PC-SPAN+v.4.05+and+SPAN+Risk+Manager\" data-linked-resource-id=\"457083279\" data-linked-resource-version=\"1\" data-linked-resource-type=\"page\">Script Language for PC-SPAN v.4.05 and SPAN Risk Manager</a></li><li><a href=\"https://cmegroupclientsite.atlassian.net/wiki/spaces/pubsub/pages/457313662/Using+PC-SPAN+version+4.02+for+TRAKRS\" data-linked-resource-id=\"457313662\" data-linked-resource-version=\"1\" data-linked-resource-type=\"page\">Using PC-SPAN version 4.02 for TRAKRS</a></li></ul></p>"
        }
    },
    "status": "current",
    "title": "PC-SPAN Interfaces and Utilities",
    "id": "457313476",
    "_links": {
        "editui": "/pages/resumedraft.action?draftId=457313476",
        "webui": "/spaces/pubsub/pages/457313476/PC-SPAN+Interfaces+and+Utilities",
        "edituiv2": "/spaces/pubsub/pages/edit-v2/457313476",
        "tinyui": "/x/xAxCGw",
        "base": "https://cmegroupclientsite.atlassian.net/wiki"
    }
}