{
    "data": [
        {
            "type": "heading",
            "text": "Exch Cmplx:\u00a0\u00a0\u00a0 Exchange Complex"
        },
        {
            "type": "heading",
            "text": "Exch:\u00a0 Exchange"
        },
        {
            "type": "heading",
            "text": "Product:"
        },
        {
            "type": "heading",
            "text": "Price:"
        },
        {
            "type": "heading",
            "text": "Net:"
        },
        {
            "type": "heading",
            "text": "Value:"
        },
        {
            "type": "confluence_tables",
            "text": []
        }
    ],
    "page_id": "457313943",
    "child_page_ids": []
}