{
    "parentId": "457083480",
    "ownerId": "60653f79352e1e0069fb728f",
    "lastOwnerId": null,
    "createdAt": "2024-12-21T16:43:37.992Z",
    "authorId": "60653f79352e1e0069fb728f",
    "parentType": "page",
    "version": {
        "number": 1,
        "message": "",
        "minorEdit": false,
        "authorId": "60653f79352e1e0069fb728f",
        "createdAt": "2024-12-21T16:43:39.258Z"
    },
    "position": 474965921,
    "body": {
        "export_view": {
            "representation": "export_view",
            "value": "<h4 id=\"Type8Records-Standard-Type&quot;81&quot;record-FirstPhysicalrecord-StandardUnpackedFormat\">Type &quot;81&quot; record - First Physical record - Standard Unpacked Format</h4><div class=\"table-wrap\"><table class=\"confluenceTable\"><tbody><tr><th class=\"confluenceTh\">Length</th><th class=\"confluenceTh\">From</th><th class=\"confluenceTh\">To</th><th class=\"confluenceTh\">Datatype</th><th class=\"confluenceTh\">Format</th><th class=\"confluenceTh\">Description and Comments</th></tr><tr><td class=\"confluenceTd\">2</td><td class=\"confluenceTd\">1</td><td class=\"confluenceTd\">2</td><td class=\"confluenceTd\">AN</td><td class=\"confluenceTd\">X(2)</td><td class=\"confluenceTd\">Record ID - &quot;81&quot;</td></tr><tr><td class=\"confluenceTd\">2</td><td class=\"confluenceTd\">3</td><td class=\"confluenceTd\">4</td><td class=\"confluenceTd\">AN</td><td class=\"confluenceTd\">X(2)</td><td class=\"confluenceTd\">Exchange Code</td></tr><tr><td class=\"confluenceTd\">2</td><td class=\"confluenceTd\">5</td><td class=\"confluenceTd\">6</td><td class=\"confluenceTd\">AN</td><td class=\"confluenceTd\">X(2)</td><td class=\"confluenceTd\">Commodity (Product) Code</td></tr><tr><td class=\"confluenceTd\">1</td><td class=\"confluenceTd\">7</td><td class=\"confluenceTd\">7</td><td class=\"confluenceTd\">AN</td><td class=\"confluenceTd\">X</td><td class=\"confluenceTd\">Contract Type (Future/Put/Call) Flag:\u00a0<strong>blank</strong>\u00a0for future or combination,\u00a0<strong>C</strong>\u00a0for Calls, or\u00a0<strong>P</strong>\u00a0for Puts</td></tr><tr><td class=\"confluenceTd\">4</td><td class=\"confluenceTd\">8</td><td class=\"confluenceTd\">11</td><td class=\"confluenceTd\">N</td><td class=\"confluenceTd\">9(4)</td><td class=\"confluenceTd\">Futures Contract Month as\u00a0<strong>YYMM</strong></td></tr><tr><td class=\"confluenceTd\">4</td><td class=\"confluenceTd\">12</td><td class=\"confluenceTd\">15</td><td class=\"confluenceTd\">N</td><td class=\"confluenceTd\">9(4)</td><td class=\"confluenceTd\">Option Contract Month as\u00a0<strong>YYMM</strong><sup><a href=\"http://www.cme-ch.com/span/spanl308.htm#note4\" class=\"external-link\" rel=\"nofollow\">4</a></sup></td></tr><tr><td class=\"confluenceTd\">6</td><td class=\"confluenceTd\">16</td><td class=\"confluenceTd\">21</td><td class=\"confluenceTd\">N</td><td class=\"confluenceTd\">9(6)</td><td class=\"confluenceTd\">Option Strike Price</td></tr><tr><td class=\"confluenceTd\">5</td><td class=\"confluenceTd\">22</td><td class=\"confluenceTd\">26</td><td class=\"confluenceTd\">N</td><td class=\"confluenceTd\">9(5)</td><td class=\"confluenceTd\">Array Value\u00a0<strong>1</strong>: Futures\u00a0<strong>No Change / Volatility Up</strong><sup><a href=\"http://www.cme-ch.com/span/spanl308.htm#note1\" class=\"external-link\" rel=\"nofollow\">1</a>,<a href=\"http://www.cme-ch.com/span/spanl308.htm#note2\" class=\"external-link\" rel=\"nofollow\">2</a>,<a href=\"http://www.cme-ch.com/span/spanl308.htm#note3\" class=\"external-link\" rel=\"nofollow\">3</a></sup></td></tr><tr><td class=\"confluenceTd\">1</td><td class=\"confluenceTd\">27</td><td class=\"confluenceTd\">27</td><td class=\"confluenceTd\">AN</td><td class=\"confluenceTd\">X</td><td class=\"confluenceTd\">Sign for Array Value 1 (&quot;+&quot; or &quot;-&quot;)</td></tr><tr><td class=\"confluenceTd\">5</td><td class=\"confluenceTd\">28</td><td class=\"confluenceTd\">32</td><td class=\"confluenceTd\">N</td><td class=\"confluenceTd\">9(5)</td><td class=\"confluenceTd\">Array Value\u00a0<strong>2</strong>: Futures\u00a0<strong>No Change / Volatility Down</strong></td></tr><tr><td class=\"confluenceTd\">1</td><td class=\"confluenceTd\">33</td><td class=\"confluenceTd\">33</td><td class=\"confluenceTd\">AN</td><td class=\"confluenceTd\">X</td><td class=\"confluenceTd\">Sign for Array Value 2 (&quot;+&quot; or &quot;-&quot;)</td></tr><tr><td class=\"confluenceTd\">5</td><td class=\"confluenceTd\">34</td><td class=\"confluenceTd\">38</td><td class=\"confluenceTd\">N</td><td class=\"confluenceTd\">9(5)</td><td class=\"confluenceTd\">Array Value\u00a0<strong>3</strong>: Futures\u00a0<strong>Up 1/3 / Volatility Up</strong></td></tr><tr><td class=\"confluenceTd\">1</td><td class=\"confluenceTd\">39</td><td class=\"confluenceTd\">39</td><td class=\"confluenceTd\">AN</td><td class=\"confluenceTd\">X</td><td class=\"confluenceTd\">Sign for Array Value 3 (&quot;+&quot; or &quot;-&quot;)</td></tr><tr><td class=\"confluenceTd\">5</td><td class=\"confluenceTd\">40</td><td class=\"confluenceTd\">44</td><td class=\"confluenceTd\">N</td><td class=\"confluenceTd\">9(5)</td><td class=\"confluenceTd\">Array Value\u00a0<strong>4</strong>: Futures\u00a0<strong>Up 1/3 / Volatility Down</strong></td></tr><tr><td class=\"confluenceTd\">1</td><td class=\"confluenceTd\">45</td><td class=\"confluenceTd\">45</td><td class=\"confluenceTd\">AN</td><td class=\"confluenceTd\">X</td><td class=\"confluenceTd\">Sign for Array Value 4 (&quot;+&quot; or &quot;-&quot;)</td></tr><tr><td class=\"confluenceTd\">5</td><td class=\"confluenceTd\">46</td><td class=\"confluenceTd\">50</td><td class=\"confluenceTd\">N</td><td class=\"confluenceTd\">9(5)</td><td class=\"confluenceTd\">Array Value\u00a0<strong>5</strong>: Futures\u00a0<strong>Down 1/3 / Volatility Up</strong></td></tr><tr><td class=\"confluenceTd\">1</td><td class=\"confluenceTd\">51</td><td class=\"confluenceTd\">51</td><td class=\"confluenceTd\">AN</td><td class=\"confluenceTd\">X</td><td class=\"confluenceTd\">Sign for Array Value 5 (&quot;+&quot; or &quot;-&quot;)</td></tr><tr><td class=\"confluenceTd\">5</td><td class=\"confluenceTd\">52</td><td class=\"confluenceTd\">56</td><td class=\"confluenceTd\">N</td><td class=\"confluenceTd\">9(5)</td><td class=\"confluenceTd\">Array Value\u00a0<strong>6</strong>: Futures\u00a0<strong>Down 1/3 / Volatility Down</strong></td></tr><tr><td class=\"confluenceTd\">1</td><td class=\"confluenceTd\">57</td><td class=\"confluenceTd\">57</td><td class=\"confluenceTd\">AN</td><td class=\"confluenceTd\">X</td><td class=\"confluenceTd\">Sign for Array Value 6 (&quot;+&quot; or &quot;-&quot;)</td></tr><tr><td class=\"confluenceTd\">5</td><td class=\"confluenceTd\">58</td><td class=\"confluenceTd\">62</td><td class=\"confluenceTd\">N</td><td class=\"confluenceTd\">9(5)</td><td class=\"confluenceTd\">Array Value\u00a0<strong>7</strong>: Futures\u00a0<strong>Up 2/3 / Volatility Up</strong></td></tr><tr><td class=\"confluenceTd\">1</td><td class=\"confluenceTd\">63</td><td class=\"confluenceTd\">63</td><td class=\"confluenceTd\">AN</td><td class=\"confluenceTd\">X</td><td class=\"confluenceTd\">Sign for Array Value 7 (&quot;+&quot; or &quot;-&quot;)</td></tr><tr><td class=\"confluenceTd\">5</td><td class=\"confluenceTd\">64</td><td class=\"confluenceTd\">68</td><td class=\"confluenceTd\">N</td><td class=\"confluenceTd\">9(5)</td><td class=\"confluenceTd\">Array Value\u00a0<strong>8</strong>: Futures\u00a0<strong>Up 2/3 / Volatility Down</strong></td></tr><tr><td class=\"confluenceTd\">1</td><td class=\"confluenceTd\">69</td><td class=\"confluenceTd\">69</td><td class=\"confluenceTd\">AN</td><td class=\"confluenceTd\">X</td><td class=\"confluenceTd\">Sign for Array Value 8 (&quot;+&quot; or &quot;-&quot;)</td></tr><tr><td class=\"confluenceTd\">5</td><td class=\"confluenceTd\">70</td><td class=\"confluenceTd\">74</td><td class=\"confluenceTd\">N</td><td class=\"confluenceTd\">9(5)</td><td class=\"confluenceTd\">Array Value\u00a0<strong>9</strong>: Futures\u00a0<strong>Down 2/3 / Volatility Up</strong></td></tr><tr><td class=\"confluenceTd\">1</td><td class=\"confluenceTd\">75</td><td class=\"confluenceTd\">75</td><td class=\"confluenceTd\">AN</td><td class=\"confluenceTd\">X</td><td class=\"confluenceTd\">Sign for Array Value 9 (&quot;+&quot; or &quot;-&quot;)</td></tr><tr><td class=\"confluenceTd\">1</td><td class=\"confluenceTd\">76</td><td class=\"confluenceTd\">76</td><td class=\"confluenceTd\">AN</td><td class=\"confluenceTd\">X</td><td class=\"confluenceTd\">Cycle Indicator -\u00a0<strong>blank</strong>,\u00a0<strong>F</strong>\u00a0for Flex,\u00a0<strong>G</strong>\u00a0for Futures, or\u00a0<strong>W</strong>\u00a0for &quot;COMEX weekly&quot;<sup><a href=\"http://www.cme-ch.com/span/spanl308.htm#note4\" class=\"external-link\" rel=\"nofollow\">4</a></sup></td></tr><tr><td class=\"confluenceTd\">2</td><td class=\"confluenceTd\">77</td><td class=\"confluenceTd\">78</td><td class=\"confluenceTd\">AN</td><td class=\"confluenceTd\">X(2)</td><td class=\"confluenceTd\">Underlying Commodity (Product) Code<sup><a href=\"http://www.cme-ch.com/span/spanl308.htm#note5\" class=\"external-link\" rel=\"nofollow\">5</a></sup></td></tr><tr><td class=\"confluenceTd\">2</td><td class=\"confluenceTd\">79</td><td class=\"confluenceTd\">80</td><td class=\"confluenceTd\">N</td><td class=\"confluenceTd\">9(2)</td><td class=\"confluenceTd\">Expiration Day of Month<sup><a href=\"http://www.cme-ch.com/span/spanl308.htm#note4\" class=\"external-link\" rel=\"nofollow\">4</a></sup></td></tr></tbody></table></div><hr/><h4 id=\"Type8Records-Standard-Type&quot;82&quot;record-SecondPhysicalrecord-StandardUnpackedFormat\">Type &quot;82&quot; record - Second Physical record - Standard Unpacked Format</h4><div class=\"table-wrap\"><table class=\"confluenceTable\"><tbody><tr><th class=\"confluenceTh\">Length</th><th class=\"confluenceTh\">From</th><th class=\"confluenceTh\">To</th><th class=\"confluenceTh\">Datatype</th><th class=\"confluenceTh\">Format</th><th class=\"confluenceTh\">Description and Comments</th></tr><tr><td class=\"confluenceTd\">2</td><td class=\"confluenceTd\">1</td><td class=\"confluenceTd\">2</td><td class=\"confluenceTd\">AN</td><td class=\"confluenceTd\">X(2)</td><td class=\"confluenceTd\">Record ID - &quot;82&quot;</td></tr><tr><td class=\"confluenceTd\">2</td><td class=\"confluenceTd\">3</td><td class=\"confluenceTd\">4</td><td class=\"confluenceTd\">AN</td><td class=\"confluenceTd\">X(2)</td><td class=\"confluenceTd\">Exchange Code</td></tr><tr><td class=\"confluenceTd\">2</td><td class=\"confluenceTd\">5</td><td class=\"confluenceTd\">6</td><td class=\"confluenceTd\">AN</td><td class=\"confluenceTd\">X(2)</td><td class=\"confluenceTd\">Commodity (Product) Code</td></tr><tr><td class=\"confluenceTd\">1</td><td class=\"confluenceTd\">7</td><td class=\"confluenceTd\">7</td><td class=\"confluenceTd\">AN</td><td class=\"confluenceTd\">X</td><td class=\"confluenceTd\">Contract Type (Future/Put/Call) Flag:\u00a0<strong>blank</strong>\u00a0for future,\u00a0<strong>C</strong>\u00a0for Calls, or\u00a0<strong>P</strong>\u00a0for Puts</td></tr><tr><td class=\"confluenceTd\">4</td><td class=\"confluenceTd\">8</td><td class=\"confluenceTd\">11</td><td class=\"confluenceTd\">N</td><td class=\"confluenceTd\">9(4)</td><td class=\"confluenceTd\">Futures Contract Month as\u00a0<strong>YYMM</strong></td></tr><tr><td class=\"confluenceTd\">4</td><td class=\"confluenceTd\">12</td><td class=\"confluenceTd\">15</td><td class=\"confluenceTd\">N</td><td class=\"confluenceTd\">9(4)</td><td class=\"confluenceTd\">Option Contract Month as\u00a0<strong>YYMM</strong><sup><a href=\"http://www.cme-ch.com/span/spanl308.htm#note4\" class=\"external-link\" rel=\"nofollow\">4</a></sup></td></tr><tr><td class=\"confluenceTd\">6</td><td class=\"confluenceTd\">16</td><td class=\"confluenceTd\">21</td><td class=\"confluenceTd\">N</td><td class=\"confluenceTd\">9(6)</td><td class=\"confluenceTd\">Option Strike Price</td></tr><tr><td class=\"confluenceTd\">5</td><td class=\"confluenceTd\">22</td><td class=\"confluenceTd\">26</td><td class=\"confluenceTd\">N</td><td class=\"confluenceTd\">9(5)</td><td class=\"confluenceTd\">Array Value\u00a0<strong>10</strong>: Futures\u00a0<strong>Down 2/3 / Volatility Down</strong></td></tr><tr><td class=\"confluenceTd\">1</td><td class=\"confluenceTd\">27</td><td class=\"confluenceTd\">27</td><td class=\"confluenceTd\">AN</td><td class=\"confluenceTd\">X</td><td class=\"confluenceTd\">Sign for Array Value 10 (&quot;+&quot; or &quot;-&quot;)</td></tr><tr><td class=\"confluenceTd\">5</td><td class=\"confluenceTd\">28</td><td class=\"confluenceTd\">32</td><td class=\"confluenceTd\">N</td><td class=\"confluenceTd\">9(5)</td><td class=\"confluenceTd\">Array Value\u00a0<strong>11</strong>: Futures\u00a0<strong>Up 3/3 / Volatility Up</strong></td></tr><tr><td class=\"confluenceTd\">1</td><td class=\"confluenceTd\">33</td><td class=\"confluenceTd\">33</td><td class=\"confluenceTd\">AN</td><td class=\"confluenceTd\">X</td><td class=\"confluenceTd\">Sign for Array Value 11 (&quot;+&quot; or &quot;-&quot;)</td></tr><tr><td class=\"confluenceTd\">5</td><td class=\"confluenceTd\">34</td><td class=\"confluenceTd\">38</td><td class=\"confluenceTd\">N</td><td class=\"confluenceTd\">9(5)</td><td class=\"confluenceTd\">Array Value\u00a0<strong>12</strong>: Futures\u00a0<strong>Up 3/3 / Volatility Down</strong></td></tr><tr><td class=\"confluenceTd\">1</td><td class=\"confluenceTd\">39</td><td class=\"confluenceTd\">39</td><td class=\"confluenceTd\">AN</td><td class=\"confluenceTd\">X</td><td class=\"confluenceTd\">Sign for Array Value 12 (&quot;+&quot; or &quot;-&quot;)</td></tr><tr><td class=\"confluenceTd\">5</td><td class=\"confluenceTd\">40</td><td class=\"confluenceTd\">44</td><td class=\"confluenceTd\">N</td><td class=\"confluenceTd\">9(5)</td><td class=\"confluenceTd\">Array Value\u00a0<strong>13</strong>: Futures\u00a0<strong>Down 3/3 / Volatility Up</strong></td></tr><tr><td class=\"confluenceTd\">1</td><td class=\"confluenceTd\">45</td><td class=\"confluenceTd\">45</td><td class=\"confluenceTd\">AN</td><td class=\"confluenceTd\">X</td><td class=\"confluenceTd\">Sign for Array Value 13 (&quot;+&quot; or &quot;-&quot;)</td></tr><tr><td class=\"confluenceTd\">5</td><td class=\"confluenceTd\">46</td><td class=\"confluenceTd\">50</td><td class=\"confluenceTd\">N</td><td class=\"confluenceTd\">9(5)</td><td class=\"confluenceTd\">Array Value\u00a0<strong>14</strong>: Futures\u00a0<strong>Down 3/3 / Volatility Down</strong></td></tr><tr><td class=\"confluenceTd\">1</td><td class=\"confluenceTd\">51</td><td class=\"confluenceTd\">51</td><td class=\"confluenceTd\">AN</td><td class=\"confluenceTd\">X</td><td class=\"confluenceTd\">Sign for Array Value 14 (&quot;+&quot; or &quot;-&quot;)</td></tr><tr><td class=\"confluenceTd\">5</td><td class=\"confluenceTd\">52</td><td class=\"confluenceTd\">56</td><td class=\"confluenceTd\">N</td><td class=\"confluenceTd\">9(5)</td><td class=\"confluenceTd\">Array Value\u00a0<strong>15</strong>: Futures\u00a0<strong>Up Extreme - Cover Fraction</strong></td></tr><tr><td class=\"confluenceTd\">1</td><td class=\"confluenceTd\">57</td><td class=\"confluenceTd\">57</td><td class=\"confluenceTd\">AN</td><td class=\"confluenceTd\">X</td><td class=\"confluenceTd\">Sign for Array Value 15 (&quot;+&quot; or &quot;-&quot;)</td></tr><tr><td class=\"confluenceTd\">5</td><td class=\"confluenceTd\">58</td><td class=\"confluenceTd\">62</td><td class=\"confluenceTd\">N</td><td class=\"confluenceTd\">9(5)</td><td class=\"confluenceTd\">Array Value\u00a0<strong>16</strong>: Futures\u00a0<strong>Down Extreme - Cover Fraction</strong></td></tr><tr><td class=\"confluenceTd\">1</td><td class=\"confluenceTd\">63</td><td class=\"confluenceTd\">63</td><td class=\"confluenceTd\">AN</td><td class=\"confluenceTd\">X</td><td class=\"confluenceTd\">Sign for Array Value 16 (&quot;+&quot; or &quot;-&quot;)</td></tr><tr><td class=\"confluenceTd\">3</td><td class=\"confluenceTd\">64</td><td class=\"confluenceTd\">66</td><td class=\"confluenceTd\">N</td><td class=\"confluenceTd\">9V99</td><td class=\"confluenceTd\">Composite Delta</td></tr><tr><td class=\"confluenceTd\">1</td><td class=\"confluenceTd\">67</td><td class=\"confluenceTd\">67</td><td class=\"confluenceTd\">AN</td><td class=\"confluenceTd\">X</td><td class=\"confluenceTd\">Sign for Composite Delta (&quot;+&quot; or &quot;-&quot;)</td></tr><tr><td class=\"confluenceTd\">5</td><td class=\"confluenceTd\">68</td><td class=\"confluenceTd\">72</td><td class=\"confluenceTd\">N</td><td class=\"confluenceTd\">9V9(4)</td><td class=\"confluenceTd\">Implied Volatility as decimal fraction<sup><a href=\"http://www.cme-ch.com/span/spanl308.htm#note6\" class=\"external-link\" rel=\"nofollow\">6</a></sup></td></tr><tr><td class=\"confluenceTd\">7</td><td class=\"confluenceTd\">73</td><td class=\"confluenceTd\">79</td><td class=\"confluenceTd\">N</td><td class=\"confluenceTd\">9(7)</td><td class=\"confluenceTd\">Settlement Price</td></tr><tr><td class=\"confluenceTd\">1</td><td class=\"confluenceTd\">80</td><td class=\"confluenceTd\">80</td><td class=\"confluenceTd\">AN</td><td class=\"confluenceTd\">X</td><td class=\"confluenceTd\">Sign for Settlement or Strike Price (blank, &quot;+&quot; or &quot;-&quot;, &quot;S&quot;)<sup><a href=\"http://www.cme-ch.com/span/spanl308.htm#note7\" class=\"external-link\" rel=\"nofollow\">7</a></sup></td></tr></tbody></table></div><hr/><h4 id=\"Type8Records-Standard-Type&quot;8&quot;record-StandardPackedFormat\">Type &quot;8&quot; record - Standard Packed Format</h4><div class=\"table-wrap\"><table class=\"confluenceTable\"><tbody><tr><th class=\"confluenceTh\">Length</th><th class=\"confluenceTh\">From</th><th class=\"confluenceTh\">To</th><th class=\"confluenceTh\">Datatype</th><th class=\"confluenceTh\">Format</th><th class=\"confluenceTh\">Description and Comments</th></tr><tr><td class=\"confluenceTd\">2</td><td class=\"confluenceTd\">1</td><td class=\"confluenceTd\">2</td><td class=\"confluenceTd\">AN</td><td class=\"confluenceTd\">X(2)</td><td class=\"confluenceTd\">Record ID - &quot;81&quot;</td></tr><tr><td class=\"confluenceTd\">2</td><td class=\"confluenceTd\">3</td><td class=\"confluenceTd\">4</td><td class=\"confluenceTd\">AN</td><td class=\"confluenceTd\">X(2)</td><td class=\"confluenceTd\">Exchange Code</td></tr><tr><td class=\"confluenceTd\">2</td><td class=\"confluenceTd\">5</td><td class=\"confluenceTd\">6</td><td class=\"confluenceTd\">AN</td><td class=\"confluenceTd\">X(2)</td><td class=\"confluenceTd\">Commodity (Product) Code</td></tr><tr><td class=\"confluenceTd\">1</td><td class=\"confluenceTd\">7</td><td class=\"confluenceTd\">7</td><td class=\"confluenceTd\">AN</td><td class=\"confluenceTd\">X</td><td class=\"confluenceTd\">Contract Type (Future/Put/Call) Flag:\u00a0<strong>blank</strong>\u00a0for future,\u00a0<strong>C</strong>\u00a0for Calls, or\u00a0<strong>P</strong>\u00a0for Puts</td></tr><tr><td class=\"confluenceTd\">3</td><td class=\"confluenceTd\">8</td><td class=\"confluenceTd\">10</td><td class=\"confluenceTd\">P</td><td class=\"confluenceTd\">9(4)</td><td class=\"confluenceTd\">Futures Contract Month as\u00a0<strong>YYMM</strong></td></tr><tr><td class=\"confluenceTd\">3</td><td class=\"confluenceTd\">11</td><td class=\"confluenceTd\">13</td><td class=\"confluenceTd\">P</td><td class=\"confluenceTd\">9(4)</td><td class=\"confluenceTd\">Option Contract Month as\u00a0<strong>YYMM</strong><sup><a href=\"http://www.cme-ch.com/span/spanl308.htm#note4\" class=\"external-link\" rel=\"nofollow\">4</a></sup></td></tr><tr><td class=\"confluenceTd\">4</td><td class=\"confluenceTd\">14</td><td class=\"confluenceTd\">17</td><td class=\"confluenceTd\">P</td><td class=\"confluenceTd\">9(6)</td><td class=\"confluenceTd\">Option Strike Price</td></tr><tr><td class=\"confluenceTd\">3</td><td class=\"confluenceTd\">18</td><td class=\"confluenceTd\">20</td><td class=\"confluenceTd\">P</td><td class=\"confluenceTd\">S9(5)</td><td class=\"confluenceTd\">Array Value\u00a0<strong>1</strong>: Futures\u00a0<strong>No Change / Volatility Up</strong><sup><a href=\"http://www.cme-ch.com/span/spanl308.htm#note1\" class=\"external-link\" rel=\"nofollow\">1</a>,<a href=\"http://www.cme-ch.com/span/spanl308.htm#note2\" class=\"external-link\" rel=\"nofollow\">2</a>,<a href=\"http://www.cme-ch.com/span/spanl308.htm#note3\" class=\"external-link\" rel=\"nofollow\">3</a></sup></td></tr><tr><td class=\"confluenceTd\">3</td><td class=\"confluenceTd\">21</td><td class=\"confluenceTd\">23</td><td class=\"confluenceTd\">N</td><td class=\"confluenceTd\">S9(5)</td><td class=\"confluenceTd\">Array Value\u00a0<strong>2</strong>: Futures\u00a0<strong>No Change / Volatility Down</strong></td></tr><tr><td class=\"confluenceTd\">3</td><td class=\"confluenceTd\">24</td><td class=\"confluenceTd\">26</td><td class=\"confluenceTd\">N</td><td class=\"confluenceTd\">S9(5)</td><td class=\"confluenceTd\">Array Value\u00a0<strong>3</strong>: Futures\u00a0<strong>Up 1/3 / Volatility Up</strong></td></tr><tr><td class=\"confluenceTd\">3</td><td class=\"confluenceTd\">27</td><td class=\"confluenceTd\">29</td><td class=\"confluenceTd\">N</td><td class=\"confluenceTd\">S9(5)</td><td class=\"confluenceTd\">Array Value\u00a0<strong>4</strong>: Futures\u00a0<strong>Up 1/3 / Volatility Down</strong></td></tr><tr><td class=\"confluenceTd\">3</td><td class=\"confluenceTd\">30</td><td class=\"confluenceTd\">32</td><td class=\"confluenceTd\">N</td><td class=\"confluenceTd\">S9(5)</td><td class=\"confluenceTd\">Array Value\u00a0<strong>5</strong>: Futures\u00a0<strong>Down 1/3 / Volatility Up</strong></td></tr><tr><td class=\"confluenceTd\">3</td><td class=\"confluenceTd\">33</td><td class=\"confluenceTd\">35</td><td class=\"confluenceTd\">N</td><td class=\"confluenceTd\">S9(5)</td><td class=\"confluenceTd\">Array Value\u00a0<strong>6</strong>: Futures\u00a0<strong>Down 1/3 / Volatility Down</strong></td></tr><tr><td class=\"confluenceTd\">3</td><td class=\"confluenceTd\">36</td><td class=\"confluenceTd\">38</td><td class=\"confluenceTd\">N</td><td class=\"confluenceTd\">S9(5)</td><td class=\"confluenceTd\">Array Value\u00a0<strong>7</strong>: Futures\u00a0<strong>Up 2/3 / Volatility Up</strong></td></tr><tr><td class=\"confluenceTd\">3</td><td class=\"confluenceTd\">39</td><td class=\"confluenceTd\">41</td><td class=\"confluenceTd\">N</td><td class=\"confluenceTd\">S9(5)</td><td class=\"confluenceTd\">Array Value\u00a0<strong>8</strong>: Futures\u00a0<strong>Up 2/3 / Volatility Down</strong></td></tr><tr><td class=\"confluenceTd\">3</td><td class=\"confluenceTd\">42</td><td class=\"confluenceTd\">44</td><td class=\"confluenceTd\">N</td><td class=\"confluenceTd\">S9(5)</td><td class=\"confluenceTd\">Array Value\u00a0<strong>9</strong>: Futures\u00a0<strong>Down 2/3 / Volatility Up</strong></td></tr><tr><td class=\"confluenceTd\">3</td><td class=\"confluenceTd\">45</td><td class=\"confluenceTd\">47</td><td class=\"confluenceTd\">N</td><td class=\"confluenceTd\">S9(5)</td><td class=\"confluenceTd\">Array Value\u00a0<strong>10</strong>: Futures\u00a0<strong>Down 2/3 / Volatility Down</strong></td></tr><tr><td class=\"confluenceTd\">3</td><td class=\"confluenceTd\">48</td><td class=\"confluenceTd\">50</td><td class=\"confluenceTd\">N</td><td class=\"confluenceTd\">S9(5)</td><td class=\"confluenceTd\">Array Value\u00a0<strong>11</strong>: Futures\u00a0<strong>Up 3/3 / Volatility Up</strong></td></tr><tr><td class=\"confluenceTd\">3</td><td class=\"confluenceTd\">51</td><td class=\"confluenceTd\">53</td><td class=\"confluenceTd\">N</td><td class=\"confluenceTd\">S9(5)</td><td class=\"confluenceTd\">Array Value\u00a0<strong>12</strong>: Futures\u00a0<strong>Up 3/3 / Volatility Down</strong></td></tr><tr><td class=\"confluenceTd\">3</td><td class=\"confluenceTd\">54</td><td class=\"confluenceTd\">56</td><td class=\"confluenceTd\">N</td><td class=\"confluenceTd\">S9(5)</td><td class=\"confluenceTd\">Array Value\u00a0<strong>13</strong>: Futures\u00a0<strong>Down 3/3 / Volatility Up</strong></td></tr><tr><td class=\"confluenceTd\">3</td><td class=\"confluenceTd\">57</td><td class=\"confluenceTd\">59</td><td class=\"confluenceTd\">N</td><td class=\"confluenceTd\">S9(5)</td><td class=\"confluenceTd\">Array Value\u00a0<strong>14</strong>: Futures\u00a0<strong>Down 3/3 / Volatility Down</strong></td></tr><tr><td class=\"confluenceTd\">3</td><td class=\"confluenceTd\">60</td><td class=\"confluenceTd\">62</td><td class=\"confluenceTd\">N</td><td class=\"confluenceTd\">S9(5)</td><td class=\"confluenceTd\">Array Value\u00a0<strong>15</strong>: Futures\u00a0<strong>Up Extreme - Cover Fraction</strong></td></tr><tr><td class=\"confluenceTd\">3</td><td class=\"confluenceTd\">63</td><td class=\"confluenceTd\">65</td><td class=\"confluenceTd\">N</td><td class=\"confluenceTd\">S9(5)</td><td class=\"confluenceTd\">Array Value\u00a0<strong>16</strong>: Futures\u00a0<strong>Down Extreme - Cover Fraction</strong></td></tr><tr><td class=\"confluenceTd\">2</td><td class=\"confluenceTd\">66</td><td class=\"confluenceTd\">67</td><td class=\"confluenceTd\">P</td><td class=\"confluenceTd\">S9V99</td><td class=\"confluenceTd\">Composite Delta</td></tr><tr><td class=\"confluenceTd\">3</td><td class=\"confluenceTd\">68</td><td class=\"confluenceTd\">70</td><td class=\"confluenceTd\">P</td><td class=\"confluenceTd\">9V9(4)</td><td class=\"confluenceTd\">Implied Volatility as decimal fraction<sup><a href=\"http://www.cme-ch.com/span/spanl308.htm#note6\" class=\"external-link\" rel=\"nofollow\">6</a></sup></td></tr><tr><td class=\"confluenceTd\">4</td><td class=\"confluenceTd\">71</td><td class=\"confluenceTd\">74</td><td class=\"confluenceTd\">P</td><td class=\"confluenceTd\">9(7)</td><td class=\"confluenceTd\">Settlement Price</td></tr><tr><td class=\"confluenceTd\">1</td><td class=\"confluenceTd\">75</td><td class=\"confluenceTd\">75</td><td class=\"confluenceTd\">AN</td><td class=\"confluenceTd\">X</td><td class=\"confluenceTd\">Cycle Indicator -\u00a0<strong>blank</strong>,\u00a0<strong>F</strong>\u00a0for Flex,\u00a0<strong>G</strong>\u00a0for Futures, or\u00a0<strong>W</strong>\u00a0for &quot;COMEX weekly&quot;<sup><a href=\"http://www.cme-ch.com/span/spanl308.htm#note4\" class=\"external-link\" rel=\"nofollow\">4</a></sup></td></tr><tr><td class=\"confluenceTd\">2</td><td class=\"confluenceTd\">76</td><td class=\"confluenceTd\">77</td><td class=\"confluenceTd\">AN</td><td class=\"confluenceTd\">X(2)</td><td class=\"confluenceTd\">Underlying Commodity (Product) Code<sup><a href=\"http://www.cme-ch.com/span/spanl308.htm#note5\" class=\"external-link\" rel=\"nofollow\">5</a></sup></td></tr><tr><td class=\"confluenceTd\">2</td><td class=\"confluenceTd\">78</td><td class=\"confluenceTd\">79</td><td class=\"confluenceTd\">N</td><td class=\"confluenceTd\">9(2)</td><td class=\"confluenceTd\">Expiration Day of Month<sup><a href=\"http://www.cme-ch.com/span/spanl308.htm#note4\" class=\"external-link\" rel=\"nofollow\">4</a></sup></td></tr><tr><td class=\"confluenceTd\">1</td><td class=\"confluenceTd\">80</td><td class=\"confluenceTd\">80</td><td class=\"confluenceTd\">-</td><td class=\"confluenceTd\">-</td><td class=\"confluenceTd\">Filler</td></tr></tbody></table></div><hr/><p><strong>Notes:</strong></p><ol><ol><li>By convention, a\u00a0<strong>positive</strong>\u00a0risk array value represents a\u00a0<strong>loss</strong>\u00a0for a\u00a0<strong>single long position</strong>, and a\u00a0<strong>negative</strong>\u00a0risk array value represents a\u00a0<strong>gain</strong>\u00a0for a\u00a0<strong>single long position</strong>. &quot;Long&quot; in this context means long the instrument, not the market; a long put is a long position.<br/><br/></li></ol></ol><ol><ol><li>Risk array values are denominated in the\u00a0<strong>performance bond currency</strong>\u00a0for the combined commodity in which the specified contract is contained.<br/><br/></li></ol></ol><ol><ol><li>If the\u00a0<strong>Risk Array Exponent</strong>\u00a0specified on the\u00a0<strong>type 2</strong>\u00a0record for the combined commodity in which this contract is contained is\u00a0<strong>not zero</strong>, then the risk array values specified in the file must be multiplied by 10 to raised to Risk Array Exponent power. In other words, shift the decimal point rightward this number of places.<br/><br/></li></ol></ol><ol><ol><li>If the\u00a0<strong>Cycle Indicator</strong>\u00a0field is blank, then the\u00a0<strong>Option Contract Period</strong>\u00a0consists only of the\u00a0<strong>Option Contract Month</strong>\u00a0field, as a\u00a0<strong>YYMM</strong>\u00a0value, and the\u00a0<strong>Futures Contract Period</strong>\u00a0similarly consists only of the Futures Contract Month field.\u00a0 In other words, if a future, the contract is a standard monthly future, and if an option, the contract is a standard monthly option on a standard monthly future.. For example, if Cycle Indicator field is blank and the Option Contract Month field is\u00a0<strong>9812</strong>, then the option is the Dec. 98 standard monthly option; the option contract period is\u00a0<strong>199812</strong>.<br/><br/>But if the Cycle Indicator is\u00a0<strong>F</strong>\u00a0for\u00a0<strong>Flex</strong>, then the\u00a0<strong>Expiration Day of Month</strong>\u00a0field must be appended to the Option Contract Month field to yield the full Option Contract Period. For example, if the Cycle Indicator is\u00a0<strong>F</strong>, the Option Contract Month is\u00a0<strong>9812</strong>\u00a0and the Option Expiration Day of Month is\u00a0<strong>23</strong>, then the option is the December 23rd, 1998, option, and the option contract period is\u00a0<strong>19981223</strong>.<br/><br/>Prior to the introduction of the\u00a0<strong>F</strong>\u00a0value for Cycle Indicator, the same flexibility was provided for COMEX weekly options via the use of the\u00a0<strong>W</strong>\u00a0(for Weekly) value. A Cycle Indicator of\u00a0<strong>W</strong>\u00a0means that the Option Contract Month field is redefined: instead of providing the\u00a0<strong>YYMM</strong>\u00a0part of the option contract period, it provides the\u00a0<strong>MMDD</strong>\u00a0part. In this case, the year must be inferred by comparing the month of the option with the month of the underlying future: If the two-digit month number for the option is less than or equal to the two-digit month number for the underlying future, then the four-digit year number for the option is equal to the four-digit year number for the future. But if the two-digit month number for the option is greater than two-digit month number for the future, then the four-digit year number for the option is one less than the four-digit year number for the future.<br/><br/>The new value of\u00a0<strong>G</strong>\u00a0for Cycle Indicator is used for a Futures Contract, and indicates that the contract has an expiration specific to the day.\u00a0 To obtain the full Futures Period Code in this case, take the Futures Contract Month field, and append the two bytes from the Expiration Day of Month field.<br/><br/></li></ol></ol><ol><ol><li>The\u00a0<strong>Underlying Commodity (Product) Code</strong>\u00a0field is an optional field and is not required for the performance bond calculation. If present for any particular option, it indicates the product code of the underlying future, combination, or cash instrument.<br/><br/></li></ol></ol><ol><li>The\u00a0<strong>Implied Volatility</strong>\u00a0field is optional. Implied volatilities may be as large as 999% and may be expressed to a precision of .01%. For example,\u00a0<strong>01572</strong>\u00a0means 15.72%.<br/><br/></li><li>The\u00a0<strong>Sign for Settlement Price\u00a0</strong>field in the unpacked-format file can be used to support\u00a0<strong>negative option strike prices</strong>, as can sometimes be possible for an option on a combination product such as a spread.\u00a0 Normally this field is either\u00a0<strong>blank</strong>,\u00a0<strong>null</strong>, or contains a\u00a0<strong>&quot;+&quot;\u00a0</strong>(plus) sign, meaning that the settlement price for the instrument is a positive value.\u00a0 A\u00a0<strong>&quot;-&quot;</strong>\u00a0(minus) sign in this field means a negative settlement price, as can occur if this record is for a combination instrument.\u00a0 We have now introduced a new value in this field:\u00a0\u00a0<strong>&quot;S&quot;</strong>\u00a0for strike price.\u00a0 An &quot;S&quot; in this field, which is only valid for an option record, means that the settlement price is positive (an option can never have a negative price), but that the\u00a0<strong>strike price\u00a0</strong>is negative.\u00a0 This field is not needed in the packed-format to indicate either a negative instrument price or a a negative strike price, as those fields in that format are in packed-decimal (COBOL COMP-3), which can directly express a negative value.</li></ol>"
        }
    },
    "status": "current",
    "title": "Type 8 Records - Standard",
    "spaceId": "457312811",
    "id": "457314279",
    "_links": {
        "editui": "/pages/resumedraft.action?draftId=457314279",
        "webui": "/spaces/pubsub/pages/457314279/Type+8+Records+-+Standard",
        "edituiv2": "/spaces/pubsub/pages/edit-v2/457314279",
        "tinyui": "/x/5w9CGw",
        "base": "https://cmegroupclientsite.atlassian.net/wiki"
    }
}