{
    "data": [
        {
            "type": "heading",
            "text": "Notes:"
        },
        {
            "type": "confluence_tables",
            "text": [
                {
                    "headers": [
                        "Length",
                        "From",
                        "To",
                        "Datatype",
                        "Format",
                        "Description and Comments"
                    ],
                    "rows": [
                        {
                            "cells": [
                                "2",
                                "1",
                                "2",
                                "AN",
                                "X",
                                "Record ID - \"5 \""
                            ],
                            "links": []
                        },
                        {
                            "cells": [
                                "3",
                                "3",
                                "5",
                                "AN",
                                "X(3)",
                                "Combined Commodity Group Code"
                            ],
                            "links": []
                        },
                        {
                            "cells": [
                                "7",
                                "6",
                                "12",
                                "-",
                                "-",
                                "Filler"
                            ],
                            "links": []
                        },
                        {
                            "cells": [
                                "6",
                                "13",
                                "18",
                                "AN",
                                "X(6)",
                                "Combined Commodity Code 1"
                            ],
                            "links": []
                        },
                        {
                            "cells": [
                                "6",
                                "19",
                                "24",
                                "AN",
                                "X(6)",
                                "Combined Commodity Code 2"
                            ],
                            "links": []
                        },
                        {
                            "cells": [
                                "6",
                                "25",
                                "30",
                                "AN",
                                "X(6)",
                                "Combined Commodity Code 3"
                            ],
                            "links": []
                        },
                        {
                            "cells": [
                                "6",
                                "31",
                                "36",
                                "AN",
                                "X(6)",
                                "Combined Commodity Code 4"
                            ],
                            "links": []
                        },
                        {
                            "cells": [
                                "6",
                                "37",
                                "42",
                                "AN",
                                "X(6)",
                                "Combined Commodity Code 5"
                            ],
                            "links": []
                        },
                        {
                            "cells": [
                                "6",
                                "43",
                                "48",
                                "AN",
                                "X(6)",
                                "Combined Commodity Code 6"
                            ],
                            "links": []
                        },
                        {
                            "cells": [
                                "6",
                                "49",
                                "54",
                                "AN",
                                "X(6)",
                                "Combined Commodity Code 7"
                            ],
                            "links": []
                        },
                        {
                            "cells": [
                                "6",
                                "55",
                                "60",
                                "AN",
                                "X(6)",
                                "Combined Commodity Code 8"
                            ],
                            "links": []
                        },
                        {
                            "cells": [
                                "6",
                                "61",
                                "66",
                                "AN",
                                "X(6)",
                                "Combined Commodity Code 9"
                            ],
                            "links": []
                        },
                        {
                            "cells": [
                                "6",
                                "67",
                                "72",
                                "AN",
                                "X(6)",
                                "Combined Commodity Code 10"
                            ],
                            "links": []
                        },
                        {
                            "cells": [
                                "60",
                                "73",
                                "132",
                                "-",
                                "-",
                                "Filler"
                            ],
                            "links": []
                        }
                    ]
                }
            ]
        }
    ],
    "page_id": "457314351",
    "child_page_ids": []
}