{
    "data": [
        {
            "type": "heading",
            "text": "Exch Cmplx:\u00a0\u00a0\u00a0 Exchange Complex"
        },
        {
            "type": "heading",
            "text": "Comb Comm:\u00a0\u00a0\u00a0 Combined Commodity"
        },
        {
            "type": "heading",
            "text": "Level:The breakdown of the scanning risk calculations for net and gross portfolios.\u00a0 The scan scenario is shown as net for a net portfolio, but\u00a0 for a gross portfolio scan risk calculations are categorized by inter, intra and naked."
        },
        {
            "type": "heading",
            "text": "Class:Specifies the different levels of performance bond requirements.\u00a0 This allows an exchange or clearing organization to divide its performance bond requirement into different, acceptable forms of collateral."
        },
        {
            "type": "heading",
            "text": "Maint/Init:Identifies whether a performance bond requirement is a Maintenance Requirement or an Initial Requirement."
        },
        {
            "type": "heading",
            "text": "Tier No.:A tier is a set of consecutive contract expirations for one Combined Commodity.\u00a0 The tier number refers to a series of contract expirations within a tier.\u00a0 Overall is used to identify all contract expirations in a Combined Commodity."
        },
        {
            "type": "heading",
            "text": "Scan Risk:The per contract risk calculation Span generates to identify the greatest loss from a Combined Commodity under one of the Risk Array calculations."
        },
        {
            "type": "heading",
            "text": "Active Scenario:"
        },
        {
            "type": "heading",
            "text": "Scenario:"
        },
        {
            "type": "heading",
            "text": "Scenario Total:"
        },
        {
            "type": "confluence_tables",
            "text": []
        }
    ],
    "page_id": "457313891",
    "child_page_ids": []
}