{
    "data": [
        {
            "type": "link",
            "text": "File Format Considerations",
            "url": "#UsingPC-SPANversion4.02forTRAKRS-FileFormatConsiderations",
            "data-linked-resource-id": null,
            "data-linked-resource-type": null
        },
        {
            "type": "link",
            "text": "Obtaining SPAN Files and Daily Adjustment History Files",
            "url": "#UsingPC-SPANversion4.02forTRAKRS-ObtainingSPANFilesandDailyAdjustmentHistoryFiles",
            "data-linked-resource-id": null,
            "data-linked-resource-type": null
        },
        {
            "type": "link",
            "text": "Loading SPAN files and Daily Adjustment History Files",
            "url": "#UsingPC-SPANversion4.02forTRAKRS-LoadingSPANfilesandDailyAdjustmentHistoryFiles",
            "data-linked-resource-id": null,
            "data-linked-resource-type": null
        },
        {
            "type": "link",
            "text": "Defining TRAKRS Positions for QIB Accounts",
            "url": "#UsingPC-SPANversion4.02forTRAKRS-DefiningTRAKRSPositionsforQIBAccounts",
            "data-linked-resource-id": null,
            "data-linked-resource-type": null
        },
        {
            "type": "link",
            "text": "Defining TRAKRS Positions for Non-QIB Accounts",
            "url": "#UsingPC-SPANversion4.02forTRAKRS-DefiningTRAKRSPositionsforNon-QIBAccounts",
            "data-linked-resource-id": null,
            "data-linked-resource-type": null
        },
        {
            "type": "link",
            "text": "Defining TRAKRS Positions for Omnibus Accounts",
            "url": "#UsingPC-SPANversion4.02forTRAKRS-DefiningTRAKRSPositionsforOmnibusAccounts",
            "data-linked-resource-id": null,
            "data-linked-resource-type": null
        },
        {
            "type": "link",
            "text": "Calculating SPAN Requirements for Portfolios Including TRAKRS",
            "url": "#UsingPC-SPANversion4.02forTRAKRS-CalculatingSPANRequirementsforPortfoliosIncludingTRAKRS",
            "data-linked-resource-id": null,
            "data-linked-resource-type": null
        },
        {
            "type": "link",
            "text": "Viewing Reports for TRAKRS",
            "url": "#UsingPC-SPANversion4.02forTRAKRS-ViewingReportsforTRAKRS",
            "data-linked-resource-id": null,
            "data-linked-resource-type": null
        },
        {
            "type": "link",
            "text": "ftp.cme.com/pub/span/data/cme",
            "url": "http://ftp.cme.com/pub/span/data/cme",
            "data-linked-resource-id": null,
            "data-linked-resource-type": null
        },
        {
            "type": "link",
            "text": "ftp.cme.com/pub/span/data/cme/xml",
            "url": "http://ftp.cme.com/pub/span/data/cme/xml",
            "data-linked-resource-id": null,
            "data-linked-resource-type": null
        },
        {
            "type": "link",
            "text": "ftp.cme.com/pub/span/data/cme/trakrs",
            "url": "http://ftp.cme.com/pub/span/data/cme/trakrs",
            "data-linked-resource-id": null,
            "data-linked-resource-type": null
        },
        {
            "type": "confluence_tables",
            "text": []
        }
    ],
    "page_id": "457313662",
    "child_page_ids": []
}