{
    "data": [
        {
            "type": "heading",
            "text": "Notes:"
        },
        {
            "type": "link",
            "text": "4",
            "url": "http://www.cme-ch.com/span/spanl308.htm#note4",
            "data-linked-resource-id": null,
            "data-linked-resource-type": null
        },
        {
            "type": "link",
            "text": "1",
            "url": "http://www.cme-ch.com/span/spanl308.htm#note1",
            "data-linked-resource-id": null,
            "data-linked-resource-type": null
        },
        {
            "type": "link",
            "text": "2",
            "url": "http://www.cme-ch.com/span/spanl308.htm#note2",
            "data-linked-resource-id": null,
            "data-linked-resource-type": null
        },
        {
            "type": "link",
            "text": "3",
            "url": "http://www.cme-ch.com/span/spanl308.htm#note3",
            "data-linked-resource-id": null,
            "data-linked-resource-type": null
        },
        {
            "type": "link",
            "text": "4",
            "url": "http://www.cme-ch.com/span/spanl308.htm#note4",
            "data-linked-resource-id": null,
            "data-linked-resource-type": null
        },
        {
            "type": "link",
            "text": "5",
            "url": "http://www.cme-ch.com/span/spanl308.htm#note5",
            "data-linked-resource-id": null,
            "data-linked-resource-type": null
        },
        {
            "type": "link",
            "text": "4",
            "url": "http://www.cme-ch.com/span/spanl308.htm#note4",
            "data-linked-resource-id": null,
            "data-linked-resource-type": null
        },
        {
            "type": "link",
            "text": "4",
            "url": "http://www.cme-ch.com/span/spanl308.htm#note4",
            "data-linked-resource-id": null,
            "data-linked-resource-type": null
        },
        {
            "type": "link",
            "text": "6",
            "url": "http://www.cme-ch.com/span/spanl308.htm#note6",
            "data-linked-resource-id": null,
            "data-linked-resource-type": null
        },
        {
            "type": "link",
            "text": "7",
            "url": "http://www.cme-ch.com/span/spanl308.htm#note7",
            "data-linked-resource-id": null,
            "data-linked-resource-type": null
        },
        {
            "type": "link",
            "text": "4",
            "url": "http://www.cme-ch.com/span/spanl308.htm#note4",
            "data-linked-resource-id": null,
            "data-linked-resource-type": null
        },
        {
            "type": "link",
            "text": "1",
            "url": "http://www.cme-ch.com/span/spanl308.htm#note1",
            "data-linked-resource-id": null,
            "data-linked-resource-type": null
        },
        {
            "type": "link",
            "text": "2",
            "url": "http://www.cme-ch.com/span/spanl308.htm#note2",
            "data-linked-resource-id": null,
            "data-linked-resource-type": null
        },
        {
            "type": "link",
            "text": "3",
            "url": "http://www.cme-ch.com/span/spanl308.htm#note3",
            "data-linked-resource-id": null,
            "data-linked-resource-type": null
        },
        {
            "type": "link",
            "text": "6",
            "url": "http://www.cme-ch.com/span/spanl308.htm#note6",
            "data-linked-resource-id": null,
            "data-linked-resource-type": null
        },
        {
            "type": "link",
            "text": "4",
            "url": "http://www.cme-ch.com/span/spanl308.htm#note4",
            "data-linked-resource-id": null,
            "data-linked-resource-type": null
        },
        {
            "type": "link",
            "text": "5",
            "url": "http://www.cme-ch.com/span/spanl308.htm#note5",
            "data-linked-resource-id": null,
            "data-linked-resource-type": null
        },
        {
            "type": "link",
            "text": "4",
            "url": "http://www.cme-ch.com/span/spanl308.htm#note4",
            "data-linked-resource-id": null,
            "data-linked-resource-type": null
        },
        {
            "type": "confluence_tables",
            "text": [
                {
                    "headers": [
                        "Length",
                        "From",
                        "To",
                        "Datatype",
                        "Format",
                        "Description and Comments"
                    ],
                    "rows": [
                        {
                            "cells": [
                                "2",
                                "1",
                                "2",
                                "AN",
                                "X(2)",
                                "Record ID - \"81\""
                            ],
                            "links": []
                        },
                        {
                            "cells": [
                                "2",
                                "3",
                                "4",
                                "AN",
                                "X(2)",
                                "Exchange Code"
                            ],
                            "links": []
                        },
                        {
                            "cells": [
                                "2",
                                "5",
                                "6",
                                "AN",
                                "X(2)",
                                "Commodity (Product) Code"
                            ],
                            "links": []
                        },
                        {
                            "cells": [
                                "1",
                                "7",
                                "7",
                                "AN",
                                "X",
                                "Contract Type (Future/Put/Call) Flag:blankfor future or combination,Cfor Calls, orPfor Puts"
                            ],
                            "links": []
                        },
                        {
                            "cells": [
                                "4",
                                "8",
                                "11",
                                "N",
                                "9(4)",
                                "Futures Contract Month asYYMM"
                            ],
                            "links": []
                        },
                        {
                            "cells": [
                                "4",
                                "12",
                                "15",
                                "N",
                                "9(4)",
                                "Option Contract Month asYYMM4"
                            ],
                            "links": [
                                "http://www.cme-ch.com/span/spanl308.htm#note4"
                            ]
                        },
                        {
                            "cells": [
                                "6",
                                "16",
                                "21",
                                "N",
                                "9(6)",
                                "Option Strike Price"
                            ],
                            "links": []
                        },
                        {
                            "cells": [
                                "5",
                                "22",
                                "26",
                                "N",
                                "9(5)",
                                "Array Value1: FuturesNo Change / Volatility Up1,2,3"
                            ],
                            "links": [
                                "http://www.cme-ch.com/span/spanl308.htm#note1"
                            ]
                        },
                        {
                            "cells": [
                                "1",
                                "27",
                                "27",
                                "AN",
                                "X",
                                "Sign for Array Value 1 (\"+\" or \"-\")"
                            ],
                            "links": []
                        },
                        {
                            "cells": [
                                "5",
                                "28",
                                "32",
                                "N",
                                "9(5)",
                                "Array Value2: FuturesNo Change / Volatility Down"
                            ],
                            "links": []
                        },
                        {
                            "cells": [
                                "1",
                                "33",
                                "33",
                                "AN",
                                "X",
                                "Sign for Array Value 2 (\"+\" or \"-\")"
                            ],
                            "links": []
                        },
                        {
                            "cells": [
                                "5",
                                "34",
                                "38",
                                "N",
                                "9(5)",
                                "Array Value3: FuturesUp 1/3 / Volatility Up"
                            ],
                            "links": []
                        },
                        {
                            "cells": [
                                "1",
                                "39",
                                "39",
                                "AN",
                                "X",
                                "Sign for Array Value 3 (\"+\" or \"-\")"
                            ],
                            "links": []
                        },
                        {
                            "cells": [
                                "5",
                                "40",
                                "44",
                                "N",
                                "9(5)",
                                "Array Value4: FuturesUp 1/3 / Volatility Down"
                            ],
                            "links": []
                        },
                        {
                            "cells": [
                                "1",
                                "45",
                                "45",
                                "AN",
                                "X",
                                "Sign for Array Value 4 (\"+\" or \"-\")"
                            ],
                            "links": []
                        },
                        {
                            "cells": [
                                "5",
                                "46",
                                "50",
                                "N",
                                "9(5)",
                                "Array Value5: FuturesDown 1/3 / Volatility Up"
                            ],
                            "links": []
                        },
                        {
                            "cells": [
                                "1",
                                "51",
                                "51",
                                "AN",
                                "X",
                                "Sign for Array Value 5 (\"+\" or \"-\")"
                            ],
                            "links": []
                        },
                        {
                            "cells": [
                                "5",
                                "52",
                                "56",
                                "N",
                                "9(5)",
                                "Array Value6: FuturesDown 1/3 / Volatility Down"
                            ],
                            "links": []
                        },
                        {
                            "cells": [
                                "1",
                                "57",
                                "57",
                                "AN",
                                "X",
                                "Sign for Array Value 6 (\"+\" or \"-\")"
                            ],
                            "links": []
                        },
                        {
                            "cells": [
                                "5",
                                "58",
                                "62",
                                "N",
                                "9(5)",
                                "Array Value7: FuturesUp 2/3 / Volatility Up"
                            ],
                            "links": []
                        },
                        {
                            "cells": [
                                "1",
                                "63",
                                "63",
                                "AN",
                                "X",
                                "Sign for Array Value 7 (\"+\" or \"-\")"
                            ],
                            "links": []
                        },
                        {
                            "cells": [
                                "5",
                                "64",
                                "68",
                                "N",
                                "9(5)",
                                "Array Value8: FuturesUp 2/3 / Volatility Down"
                            ],
                            "links": []
                        },
                        {
                            "cells": [
                                "1",
                                "69",
                                "69",
                                "AN",
                                "X",
                                "Sign for Array Value 8 (\"+\" or \"-\")"
                            ],
                            "links": []
                        },
                        {
                            "cells": [
                                "5",
                                "70",
                                "74",
                                "N",
                                "9(5)",
                                "Array Value9: FuturesDown 2/3 / Volatility Up"
                            ],
                            "links": []
                        },
                        {
                            "cells": [
                                "1",
                                "75",
                                "75",
                                "AN",
                                "X",
                                "Sign for Array Value 9 (\"+\" or \"-\")"
                            ],
                            "links": []
                        },
                        {
                            "cells": [
                                "1",
                                "76",
                                "76",
                                "AN",
                                "X",
                                "Cycle Indicator -blank,Ffor Flex,Gfor Futures, orWfor \"COMEX weekly\"4"
                            ],
                            "links": [
                                "http://www.cme-ch.com/span/spanl308.htm#note4"
                            ]
                        },
                        {
                            "cells": [
                                "2",
                                "77",
                                "78",
                                "AN",
                                "X(2)",
                                "Underlying Commodity (Product) Code5"
                            ],
                            "links": [
                                "http://www.cme-ch.com/span/spanl308.htm#note5"
                            ]
                        },
                        {
                            "cells": [
                                "2",
                                "79",
                                "80",
                                "N",
                                "9(2)",
                                "Expiration Day of Month4"
                            ],
                            "links": [
                                "http://www.cme-ch.com/span/spanl308.htm#note4"
                            ]
                        }
                    ]
                },
                {
                    "headers": [
                        "Length",
                        "From",
                        "To",
                        "Datatype",
                        "Format",
                        "Description and Comments"
                    ],
                    "rows": [
                        {
                            "cells": [
                                "2",
                                "1",
                                "2",
                                "AN",
                                "X(2)",
                                "Record ID - \"82\""
                            ],
                            "links": []
                        },
                        {
                            "cells": [
                                "2",
                                "3",
                                "4",
                                "AN",
                                "X(2)",
                                "Exchange Code"
                            ],
                            "links": []
                        },
                        {
                            "cells": [
                                "2",
                                "5",
                                "6",
                                "AN",
                                "X(2)",
                                "Commodity (Product) Code"
                            ],
                            "links": []
                        },
                        {
                            "cells": [
                                "1",
                                "7",
                                "7",
                                "AN",
                                "X",
                                "Contract Type (Future/Put/Call) Flag:blankfor future,Cfor Calls, orPfor Puts"
                            ],
                            "links": []
                        },
                        {
                            "cells": [
                                "4",
                                "8",
                                "11",
                                "N",
                                "9(4)",
                                "Futures Contract Month asYYMM"
                            ],
                            "links": []
                        },
                        {
                            "cells": [
                                "4",
                                "12",
                                "15",
                                "N",
                                "9(4)",
                                "Option Contract Month asYYMM4"
                            ],
                            "links": [
                                "http://www.cme-ch.com/span/spanl308.htm#note4"
                            ]
                        },
                        {
                            "cells": [
                                "6",
                                "16",
                                "21",
                                "N",
                                "9(6)",
                                "Option Strike Price"
                            ],
                            "links": []
                        },
                        {
                            "cells": [
                                "5",
                                "22",
                                "26",
                                "N",
                                "9(5)",
                                "Array Value10: FuturesDown 2/3 / Volatility Down"
                            ],
                            "links": []
                        },
                        {
                            "cells": [
                                "1",
                                "27",
                                "27",
                                "AN",
                                "X",
                                "Sign for Array Value 10 (\"+\" or \"-\")"
                            ],
                            "links": []
                        },
                        {
                            "cells": [
                                "5",
                                "28",
                                "32",
                                "N",
                                "9(5)",
                                "Array Value11: FuturesUp 3/3 / Volatility Up"
                            ],
                            "links": []
                        },
                        {
                            "cells": [
                                "1",
                                "33",
                                "33",
                                "AN",
                                "X",
                                "Sign for Array Value 11 (\"+\" or \"-\")"
                            ],
                            "links": []
                        },
                        {
                            "cells": [
                                "5",
                                "34",
                                "38",
                                "N",
                                "9(5)",
                                "Array Value12: FuturesUp 3/3 / Volatility Down"
                            ],
                            "links": []
                        },
                        {
                            "cells": [
                                "1",
                                "39",
                                "39",
                                "AN",
                                "X",
                                "Sign for Array Value 12 (\"+\" or \"-\")"
                            ],
                            "links": []
                        },
                        {
                            "cells": [
                                "5",
                                "40",
                                "44",
                                "N",
                                "9(5)",
                                "Array Value13: FuturesDown 3/3 / Volatility Up"
                            ],
                            "links": []
                        },
                        {
                            "cells": [
                                "1",
                                "45",
                                "45",
                                "AN",
                                "X",
                                "Sign for Array Value 13 (\"+\" or \"-\")"
                            ],
                            "links": []
                        },
                        {
                            "cells": [
                                "5",
                                "46",
                                "50",
                                "N",
                                "9(5)",
                                "Array Value14: FuturesDown 3/3 / Volatility Down"
                            ],
                            "links": []
                        },
                        {
                            "cells": [
                                "1",
                                "51",
                                "51",
                                "AN",
                                "X",
                                "Sign for Array Value 14 (\"+\" or \"-\")"
                            ],
                            "links": []
                        },
                        {
                            "cells": [
                                "5",
                                "52",
                                "56",
                                "N",
                                "9(5)",
                                "Array Value15: FuturesUp Extreme - Cover Fraction"
                            ],
                            "links": []
                        },
                        {
                            "cells": [
                                "1",
                                "57",
                                "57",
                                "AN",
                                "X",
                                "Sign for Array Value 15 (\"+\" or \"-\")"
                            ],
                            "links": []
                        },
                        {
                            "cells": [
                                "5",
                                "58",
                                "62",
                                "N",
                                "9(5)",
                                "Array Value16: FuturesDown Extreme - Cover Fraction"
                            ],
                            "links": []
                        },
                        {
                            "cells": [
                                "1",
                                "63",
                                "63",
                                "AN",
                                "X",
                                "Sign for Array Value 16 (\"+\" or \"-\")"
                            ],
                            "links": []
                        },
                        {
                            "cells": [
                                "3",
                                "64",
                                "66",
                                "N",
                                "9V99",
                                "Composite Delta"
                            ],
                            "links": []
                        },
                        {
                            "cells": [
                                "1",
                                "67",
                                "67",
                                "AN",
                                "X",
                                "Sign for Composite Delta (\"+\" or \"-\")"
                            ],
                            "links": []
                        },
                        {
                            "cells": [
                                "5",
                                "68",
                                "72",
                                "N",
                                "9V9(4)",
                                "Implied Volatility as decimal fraction6"
                            ],
                            "links": [
                                "http://www.cme-ch.com/span/spanl308.htm#note6"
                            ]
                        },
                        {
                            "cells": [
                                "7",
                                "73",
                                "79",
                                "N",
                                "9(7)",
                                "Settlement Price"
                            ],
                            "links": []
                        },
                        {
                            "cells": [
                                "1",
                                "80",
                                "80",
                                "AN",
                                "X",
                                "Sign for Settlement or Strike Price (blank, \"+\" or \"-\", \"S\")7"
                            ],
                            "links": [
                                "http://www.cme-ch.com/span/spanl308.htm#note7"
                            ]
                        }
                    ]
                },
                {
                    "headers": [
                        "Length",
                        "From",
                        "To",
                        "Datatype",
                        "Format",
                        "Description and Comments"
                    ],
                    "rows": [
                        {
                            "cells": [
                                "2",
                                "1",
                                "2",
                                "AN",
                                "X(2)",
                                "Record ID - \"81\""
                            ],
                            "links": []
                        },
                        {
                            "cells": [
                                "2",
                                "3",
                                "4",
                                "AN",
                                "X(2)",
                                "Exchange Code"
                            ],
                            "links": []
                        },
                        {
                            "cells": [
                                "2",
                                "5",
                                "6",
                                "AN",
                                "X(2)",
                                "Commodity (Product) Code"
                            ],
                            "links": []
                        },
                        {
                            "cells": [
                                "1",
                                "7",
                                "7",
                                "AN",
                                "X",
                                "Contract Type (Future/Put/Call) Flag:blankfor future,Cfor Calls, orPfor Puts"
                            ],
                            "links": []
                        },
                        {
                            "cells": [
                                "3",
                                "8",
                                "10",
                                "P",
                                "9(4)",
                                "Futures Contract Month asYYMM"
                            ],
                            "links": []
                        },
                        {
                            "cells": [
                                "3",
                                "11",
                                "13",
                                "P",
                                "9(4)",
                                "Option Contract Month asYYMM4"
                            ],
                            "links": [
                                "http://www.cme-ch.com/span/spanl308.htm#note4"
                            ]
                        },
                        {
                            "cells": [
                                "4",
                                "14",
                                "17",
                                "P",
                                "9(6)",
                                "Option Strike Price"
                            ],
                            "links": []
                        },
                        {
                            "cells": [
                                "3",
                                "18",
                                "20",
                                "P",
                                "S9(5)",
                                "Array Value1: FuturesNo Change / Volatility Up1,2,3"
                            ],
                            "links": [
                                "http://www.cme-ch.com/span/spanl308.htm#note1"
                            ]
                        },
                        {
                            "cells": [
                                "3",
                                "21",
                                "23",
                                "N",
                                "S9(5)",
                                "Array Value2: FuturesNo Change / Volatility Down"
                            ],
                            "links": []
                        },
                        {
                            "cells": [
                                "3",
                                "24",
                                "26",
                                "N",
                                "S9(5)",
                                "Array Value3: FuturesUp 1/3 / Volatility Up"
                            ],
                            "links": []
                        },
                        {
                            "cells": [
                                "3",
                                "27",
                                "29",
                                "N",
                                "S9(5)",
                                "Array Value4: FuturesUp 1/3 / Volatility Down"
                            ],
                            "links": []
                        },
                        {
                            "cells": [
                                "3",
                                "30",
                                "32",
                                "N",
                                "S9(5)",
                                "Array Value5: FuturesDown 1/3 / Volatility Up"
                            ],
                            "links": []
                        },
                        {
                            "cells": [
                                "3",
                                "33",
                                "35",
                                "N",
                                "S9(5)",
                                "Array Value6: FuturesDown 1/3 / Volatility Down"
                            ],
                            "links": []
                        },
                        {
                            "cells": [
                                "3",
                                "36",
                                "38",
                                "N",
                                "S9(5)",
                                "Array Value7: FuturesUp 2/3 / Volatility Up"
                            ],
                            "links": []
                        },
                        {
                            "cells": [
                                "3",
                                "39",
                                "41",
                                "N",
                                "S9(5)",
                                "Array Value8: FuturesUp 2/3 / Volatility Down"
                            ],
                            "links": []
                        },
                        {
                            "cells": [
                                "3",
                                "42",
                                "44",
                                "N",
                                "S9(5)",
                                "Array Value9: FuturesDown 2/3 / Volatility Up"
                            ],
                            "links": []
                        },
                        {
                            "cells": [
                                "3",
                                "45",
                                "47",
                                "N",
                                "S9(5)",
                                "Array Value10: FuturesDown 2/3 / Volatility Down"
                            ],
                            "links": []
                        },
                        {
                            "cells": [
                                "3",
                                "48",
                                "50",
                                "N",
                                "S9(5)",
                                "Array Value11: FuturesUp 3/3 / Volatility Up"
                            ],
                            "links": []
                        },
                        {
                            "cells": [
                                "3",
                                "51",
                                "53",
                                "N",
                                "S9(5)",
                                "Array Value12: FuturesUp 3/3 / Volatility Down"
                            ],
                            "links": []
                        },
                        {
                            "cells": [
                                "3",
                                "54",
                                "56",
                                "N",
                                "S9(5)",
                                "Array Value13: FuturesDown 3/3 / Volatility Up"
                            ],
                            "links": []
                        },
                        {
                            "cells": [
                                "3",
                                "57",
                                "59",
                                "N",
                                "S9(5)",
                                "Array Value14: FuturesDown 3/3 / Volatility Down"
                            ],
                            "links": []
                        },
                        {
                            "cells": [
                                "3",
                                "60",
                                "62",
                                "N",
                                "S9(5)",
                                "Array Value15: FuturesUp Extreme - Cover Fraction"
                            ],
                            "links": []
                        },
                        {
                            "cells": [
                                "3",
                                "63",
                                "65",
                                "N",
                                "S9(5)",
                                "Array Value16: FuturesDown Extreme - Cover Fraction"
                            ],
                            "links": []
                        },
                        {
                            "cells": [
                                "2",
                                "66",
                                "67",
                                "P",
                                "S9V99",
                                "Composite Delta"
                            ],
                            "links": []
                        },
                        {
                            "cells": [
                                "3",
                                "68",
                                "70",
                                "P",
                                "9V9(4)",
                                "Implied Volatility as decimal fraction6"
                            ],
                            "links": [
                                "http://www.cme-ch.com/span/spanl308.htm#note6"
                            ]
                        },
                        {
                            "cells": [
                                "4",
                                "71",
                                "74",
                                "P",
                                "9(7)",
                                "Settlement Price"
                            ],
                            "links": []
                        },
                        {
                            "cells": [
                                "1",
                                "75",
                                "75",
                                "AN",
                                "X",
                                "Cycle Indicator -blank,Ffor Flex,Gfor Futures, orWfor \"COMEX weekly\"4"
                            ],
                            "links": [
                                "http://www.cme-ch.com/span/spanl308.htm#note4"
                            ]
                        },
                        {
                            "cells": [
                                "2",
                                "76",
                                "77",
                                "AN",
                                "X(2)",
                                "Underlying Commodity (Product) Code5"
                            ],
                            "links": [
                                "http://www.cme-ch.com/span/spanl308.htm#note5"
                            ]
                        },
                        {
                            "cells": [
                                "2",
                                "78",
                                "79",
                                "N",
                                "9(2)",
                                "Expiration Day of Month4"
                            ],
                            "links": [
                                "http://www.cme-ch.com/span/spanl308.htm#note4"
                            ]
                        },
                        {
                            "cells": [
                                "1",
                                "80",
                                "80",
                                "-",
                                "-",
                                "Filler"
                            ],
                            "links": []
                        }
                    ]
                }
            ]
        }
    ],
    "page_id": "457314279",
    "child_page_ids": []
}