{
    "parentId": "457083480",
    "ownerId": "60653f79352e1e0069fb728f",
    "lastOwnerId": null,
    "createdAt": "2024-12-21T16:43:23.807Z",
    "authorId": "60653f79352e1e0069fb728f",
    "parentType": "page",
    "version": {
        "number": 1,
        "message": "",
        "minorEdit": false,
        "authorId": "60653f79352e1e0069fb728f",
        "createdAt": "2024-12-21T16:43:24.985Z"
    },
    "position": 474963084,
    "body": {
        "export_view": {
            "representation": "export_view",
            "value": "<div class=\"table-wrap\"><table class=\"confluenceTable\"><tbody><tr><th class=\"confluenceTh\">Length</th><th class=\"confluenceTh\">From</th><th class=\"confluenceTh\">To</th><th class=\"confluenceTh\">Datatype</th><th class=\"confluenceTh\">Format</th><th class=\"confluenceTh\">Description and Comments</th></tr><tr><td class=\"confluenceTd\">1</td><td class=\"confluenceTd\">1</td><td class=\"confluenceTd\">1</td><td class=\"confluenceTd\">AN</td><td class=\"confluenceTd\">X</td><td class=\"confluenceTd\">Record ID - &quot;2&quot;</td></tr><tr><td class=\"confluenceTd\">3</td><td class=\"confluenceTd\">2</td><td class=\"confluenceTd\">4</td><td class=\"confluenceTd\">AN</td><td class=\"confluenceTd\">X(3)</td><td class=\"confluenceTd\">Combined Commodity Code</td></tr><tr><td class=\"confluenceTd\">2</td><td class=\"confluenceTd\">5</td><td class=\"confluenceTd\">6</td><td class=\"confluenceTd\">AN</td><td class=\"confluenceTd\">X(2)</td><td class=\"confluenceTd\">Commodity (Product) Code 1</td></tr><tr><td class=\"confluenceTd\">1</td><td class=\"confluenceTd\">7</td><td class=\"confluenceTd\">7</td><td class=\"confluenceTd\">AN</td><td class=\"confluenceTd\">X</td><td class=\"confluenceTd\">Contract Type (Future/Put/Call) Indicator 1</td></tr><tr><td class=\"confluenceTd\">2</td><td class=\"confluenceTd\">8</td><td class=\"confluenceTd\">9</td><td class=\"confluenceTd\">AN</td><td class=\"confluenceTd\">X(2)</td><td class=\"confluenceTd\">Commodity (Product) Code 2</td></tr><tr><td class=\"confluenceTd\">1</td><td class=\"confluenceTd\">10</td><td class=\"confluenceTd\">10</td><td class=\"confluenceTd\">AN</td><td class=\"confluenceTd\">X</td><td class=\"confluenceTd\">Contract Type (Future/Put/Call) Indicator 2</td></tr><tr><td class=\"confluenceTd\">2</td><td class=\"confluenceTd\">11</td><td class=\"confluenceTd\">12</td><td class=\"confluenceTd\">AN</td><td class=\"confluenceTd\">X(2)</td><td class=\"confluenceTd\">Commodity (Product) Code 3</td></tr><tr><td class=\"confluenceTd\">1</td><td class=\"confluenceTd\">13</td><td class=\"confluenceTd\">13</td><td class=\"confluenceTd\">AN</td><td class=\"confluenceTd\">X</td><td class=\"confluenceTd\">Contract Type (Future/Put/Call) Indicator 3</td></tr><tr><td class=\"confluenceTd\">2</td><td class=\"confluenceTd\">14</td><td class=\"confluenceTd\">15</td><td class=\"confluenceTd\">AN</td><td class=\"confluenceTd\">X(2)</td><td class=\"confluenceTd\">Commodity (Product) Code 4</td></tr><tr><td class=\"confluenceTd\">1</td><td class=\"confluenceTd\">16</td><td class=\"confluenceTd\">16</td><td class=\"confluenceTd\">AN</td><td class=\"confluenceTd\">X</td><td class=\"confluenceTd\">Contract Type (Future/Put/Call) Indicator 4</td></tr><tr><td class=\"confluenceTd\">2</td><td class=\"confluenceTd\">17</td><td class=\"confluenceTd\">18</td><td class=\"confluenceTd\">AN</td><td class=\"confluenceTd\">X(2)</td><td class=\"confluenceTd\">Commodity (Product) Code 5</td></tr><tr><td class=\"confluenceTd\">1</td><td class=\"confluenceTd\">19</td><td class=\"confluenceTd\">19</td><td class=\"confluenceTd\">AN</td><td class=\"confluenceTd\">X</td><td class=\"confluenceTd\">Contract Type (Future/Put/Call) Indicator 5</td></tr><tr><td class=\"confluenceTd\">2</td><td class=\"confluenceTd\">20</td><td class=\"confluenceTd\">21</td><td class=\"confluenceTd\">AN</td><td class=\"confluenceTd\">X(2)</td><td class=\"confluenceTd\">Commodity (Product) Code 6</td></tr><tr><td class=\"confluenceTd\">1</td><td class=\"confluenceTd\">22</td><td class=\"confluenceTd\">22</td><td class=\"confluenceTd\">AN</td><td class=\"confluenceTd\">X</td><td class=\"confluenceTd\">Contract Type (Future/Put/Call) Indicator 6</td></tr><tr><td class=\"confluenceTd\">2</td><td class=\"confluenceTd\">23</td><td class=\"confluenceTd\">24</td><td class=\"confluenceTd\">AN</td><td class=\"confluenceTd\">X(2)</td><td class=\"confluenceTd\">Commodity (Product) Code 7</td></tr><tr><td class=\"confluenceTd\">1</td><td class=\"confluenceTd\">25</td><td class=\"confluenceTd\">25</td><td class=\"confluenceTd\">AN</td><td class=\"confluenceTd\">X</td><td class=\"confluenceTd\">Contract Type (Future/Put/Call) Indicator 7</td></tr><tr><td class=\"confluenceTd\">2</td><td class=\"confluenceTd\">26</td><td class=\"confluenceTd\">27</td><td class=\"confluenceTd\">AN</td><td class=\"confluenceTd\">X(2)</td><td class=\"confluenceTd\">Commodity (Product) Code 8</td></tr><tr><td class=\"confluenceTd\">1</td><td class=\"confluenceTd\">28</td><td class=\"confluenceTd\">28</td><td class=\"confluenceTd\">AN</td><td class=\"confluenceTd\">X</td><td class=\"confluenceTd\">Contract Type (Future/Put/Call) Indicator 8</td></tr><tr><td class=\"confluenceTd\">2</td><td class=\"confluenceTd\">29</td><td class=\"confluenceTd\">30</td><td class=\"confluenceTd\">AN</td><td class=\"confluenceTd\">X(2)</td><td class=\"confluenceTd\">Commodity (Product) Code 9</td></tr><tr><td class=\"confluenceTd\">1</td><td class=\"confluenceTd\">31</td><td class=\"confluenceTd\">31</td><td class=\"confluenceTd\">AN</td><td class=\"confluenceTd\">X</td><td class=\"confluenceTd\">Contract Type (Future/Put/Call) Indicator 9</td></tr><tr><td class=\"confluenceTd\">2</td><td class=\"confluenceTd\">32</td><td class=\"confluenceTd\">33</td><td class=\"confluenceTd\">AN</td><td class=\"confluenceTd\">X(2)</td><td class=\"confluenceTd\">Commodity (Product) Code 10</td></tr><tr><td class=\"confluenceTd\">1</td><td class=\"confluenceTd\">34</td><td class=\"confluenceTd\">34</td><td class=\"confluenceTd\">AN</td><td class=\"confluenceTd\">X</td><td class=\"confluenceTd\">Contract Type (Future/Put/Call) Indicator 10</td></tr><tr><td class=\"confluenceTd\">2</td><td class=\"confluenceTd\">35</td><td class=\"confluenceTd\">36</td><td class=\"confluenceTd\">AN</td><td class=\"confluenceTd\">X(2)</td><td class=\"confluenceTd\">Commodity (Product) Code 11</td></tr><tr><td class=\"confluenceTd\">1</td><td class=\"confluenceTd\">37</td><td class=\"confluenceTd\">37</td><td class=\"confluenceTd\">AN</td><td class=\"confluenceTd\">X</td><td class=\"confluenceTd\">Contract Type (Future/Put/Call) Indicator 11</td></tr><tr><td class=\"confluenceTd\">2</td><td class=\"confluenceTd\">38</td><td class=\"confluenceTd\">39</td><td class=\"confluenceTd\">AN</td><td class=\"confluenceTd\">X(2)</td><td class=\"confluenceTd\">Commodity (Product) Code 12</td></tr><tr><td class=\"confluenceTd\">1</td><td class=\"confluenceTd\">40</td><td class=\"confluenceTd\">40</td><td class=\"confluenceTd\">AN</td><td class=\"confluenceTd\">X</td><td class=\"confluenceTd\">Contract Type (Future/Put/Call) Indicator 12</td></tr><tr><td class=\"confluenceTd\">2</td><td class=\"confluenceTd\">41</td><td class=\"confluenceTd\">42</td><td class=\"confluenceTd\">AN</td><td class=\"confluenceTd\">X(2)</td><td class=\"confluenceTd\">Commodity (Product) Code 13</td></tr><tr><td class=\"confluenceTd\">1</td><td class=\"confluenceTd\">43</td><td class=\"confluenceTd\">43</td><td class=\"confluenceTd\">AN</td><td class=\"confluenceTd\">X</td><td class=\"confluenceTd\">Contract Type (Future/Put/Call) Indicator 13</td></tr><tr><td class=\"confluenceTd\">2</td><td class=\"confluenceTd\">44</td><td class=\"confluenceTd\">45</td><td class=\"confluenceTd\">AN</td><td class=\"confluenceTd\">X(2)</td><td class=\"confluenceTd\">Commodity (Product) Code 14</td></tr><tr><td class=\"confluenceTd\">1</td><td class=\"confluenceTd\">46</td><td class=\"confluenceTd\">46</td><td class=\"confluenceTd\">AN</td><td class=\"confluenceTd\">X</td><td class=\"confluenceTd\">Contract Type (Future/Put/Call) Indicator 14</td></tr><tr><td class=\"confluenceTd\">2</td><td class=\"confluenceTd\">47</td><td class=\"confluenceTd\">48</td><td class=\"confluenceTd\">AN</td><td class=\"confluenceTd\">X(2)</td><td class=\"confluenceTd\">Commodity (Product) Code 15</td></tr><tr><td class=\"confluenceTd\">1</td><td class=\"confluenceTd\">49</td><td class=\"confluenceTd\">49</td><td class=\"confluenceTd\">AN</td><td class=\"confluenceTd\">X</td><td class=\"confluenceTd\">Contract Type (Future/Put/Call) Indicator 15</td></tr><tr><td class=\"confluenceTd\">2</td><td class=\"confluenceTd\">50</td><td class=\"confluenceTd\">51</td><td class=\"confluenceTd\">AN</td><td class=\"confluenceTd\">X(2)</td><td class=\"confluenceTd\">Commodity (Product) Code 16</td></tr><tr><td class=\"confluenceTd\">1</td><td class=\"confluenceTd\">52</td><td class=\"confluenceTd\">52</td><td class=\"confluenceTd\">AN</td><td class=\"confluenceTd\">X</td><td class=\"confluenceTd\">Contract Type (Future/Put/Call) Indicator 16</td></tr><tr><td class=\"confluenceTd\">2</td><td class=\"confluenceTd\">53</td><td class=\"confluenceTd\">54</td><td class=\"confluenceTd\">AN</td><td class=\"confluenceTd\">X(2)</td><td class=\"confluenceTd\">Commodity (Product) Code 17</td></tr><tr><td class=\"confluenceTd\">1</td><td class=\"confluenceTd\">55</td><td class=\"confluenceTd\">55</td><td class=\"confluenceTd\">AN</td><td class=\"confluenceTd\">X</td><td class=\"confluenceTd\">Contract Type (Future/Put/Call) Indicator 17</td></tr><tr><td class=\"confluenceTd\">2</td><td class=\"confluenceTd\">56</td><td class=\"confluenceTd\">57</td><td class=\"confluenceTd\">AN</td><td class=\"confluenceTd\">X(2)</td><td class=\"confluenceTd\">Commodity (Product) Code 18</td></tr><tr><td class=\"confluenceTd\">1</td><td class=\"confluenceTd\">58</td><td class=\"confluenceTd\">58</td><td class=\"confluenceTd\">AN</td><td class=\"confluenceTd\">X</td><td class=\"confluenceTd\">Contract Type (Future/Put/Call) Indicator 18</td></tr><tr><td class=\"confluenceTd\">2</td><td class=\"confluenceTd\">59</td><td class=\"confluenceTd\">60</td><td class=\"confluenceTd\">AN</td><td class=\"confluenceTd\">X(2)</td><td class=\"confluenceTd\">Commodity (Product) Code 19</td></tr><tr><td class=\"confluenceTd\">1</td><td class=\"confluenceTd\">61</td><td class=\"confluenceTd\">61</td><td class=\"confluenceTd\">AN</td><td class=\"confluenceTd\">X</td><td class=\"confluenceTd\">Contract Type (Future/Put/Call) Indicator 19</td></tr><tr><td class=\"confluenceTd\">2</td><td class=\"confluenceTd\">62</td><td class=\"confluenceTd\">63</td><td class=\"confluenceTd\">AN</td><td class=\"confluenceTd\">X(2)</td><td class=\"confluenceTd\">Commodity (Product) Code 20</td></tr><tr><td class=\"confluenceTd\">1</td><td class=\"confluenceTd\">64</td><td class=\"confluenceTd\">64</td><td class=\"confluenceTd\">AN</td><td class=\"confluenceTd\">X</td><td class=\"confluenceTd\">Contract Type (Future/Put/Call) Indicator 20</td></tr><tr><td class=\"confluenceTd\">1</td><td class=\"confluenceTd\">65</td><td class=\"confluenceTd\">65</td><td class=\"confluenceTd\">N</td><td class=\"confluenceTd\">9</td><td class=\"confluenceTd\">Risk Exponent</td></tr><tr><td class=\"confluenceTd\">1</td><td class=\"confluenceTd\">66</td><td class=\"confluenceTd\">66</td><td class=\"confluenceTd\">AN</td><td class=\"confluenceTd\">X</td><td class=\"confluenceTd\">Performance Bond Currency Code</td></tr><tr><td class=\"confluenceTd\">10</td><td class=\"confluenceTd\">67</td><td class=\"confluenceTd\">76</td><td class=\"confluenceTd\">N</td><td class=\"confluenceTd\">9(4)V9(6)</td><td class=\"confluenceTd\">Currency-to-US Dollar Conversion Rate</td></tr><tr><td class=\"confluenceTd\">1</td><td class=\"confluenceTd\">77</td><td class=\"confluenceTd\">77</td><td class=\"confluenceTd\">AN</td><td class=\"confluenceTd\">X</td><td class=\"confluenceTd\">Settlement Currency Code</td></tr><tr><td class=\"confluenceTd\">1</td><td class=\"confluenceTd\">78</td><td class=\"confluenceTd\">78</td><td class=\"confluenceTd\">AN</td><td class=\"confluenceTd\">X</td><td class=\"confluenceTd\">Option Margin Style (Valuation Method) --\u00a0<strong>P</strong>\u00a0for premium-style,\u00a0<strong>F</strong>\u00a0for futures-style, or blank -- if blank, premium-style is assumed.</td></tr><tr><td class=\"confluenceTd\">1</td><td class=\"confluenceTd\">79</td><td class=\"confluenceTd\">79</td><td class=\"confluenceTd\">AN</td><td class=\"confluenceTd\">X</td><td class=\"confluenceTd\">Limit Option Value (Cap Available Net Option Value) Flag -\u00a0<strong>Y</strong>,\u00a0<strong>N</strong>\u00a0or blank -- if blank, no is assumed.</td></tr><tr><td class=\"confluenceTd\">1</td><td class=\"confluenceTd\">80</td><td class=\"confluenceTd\">80</td><td class=\"confluenceTd\">AN</td><td class=\"confluenceTd\">X</td><td class=\"confluenceTd\">Combination Margining Method Flag -\u00a0<strong>S</strong>\u00a0for split-allocation,\u00a0<strong>D</strong>\u00a0for delta-split-allocation, or blank.</td></tr></tbody></table></div><p><strong>Notes:</strong></p><ol><li>The commodity code-contract type fields specify which commodities (products) are linked into this combined commodity. A blank contract type field means futures, physicals or combinations.\u00a0<strong>C</strong>\u00a0for call and/or\u00a0<strong>P</strong>\u00a0for put means options on futures, physicals or combinations.<br/><br/></li><li>Up to 20 commodity code and contract type field pairs can be specified on one type &quot;2&quot; record. If more are needed, additional type &quot;2&quot; record(s) for the same combined commodity follow immediately.<br/><br/></li><li>The risk exponent field is the power of ten to be applied to all risk array values and monetary charge rates for this combined commodity. Zero is the typical value, meaning risk array values and monetary charge rates in the file are correct as given. A value of one, for example, means that all risk array values and monetary charge rates should be multiplied by ten raised to the one power, or ten. Risk exponents apply to risk array values, intracommodity spread charge rates, delivery (spot) charge rates, short option minimum charge rates, and futures price scan ranges.\u00a0<br/><br/></li><li>The performance bond currency is the currency in which the performance bond (margin) requirement for this combined commodity is denominated. The settlement currency is the currency in which products in this combined commodity are --\u00a0<em>ie</em>, in which their variation or premium requirements are paid or collected, and in which their settlement price is quoted. If the settlement currency is blank or is not present (due to the truncation of blanks at the end of the record), then the settlement currency is assumed to be the performance bond currency. In the standard-format SPAN file, either or both of the performance bond or the settlement currency may be different from U.S. Dollars, but if both are different, then both must be the same non-dollar currency.\u00a0<br/><br/></li><li>A value of\u00a0<strong>Y</strong>\u00a0in the Limit Option Value Flag, also called the Cap Available Net Option Value Flag, means that excess net option value in this combined commodity may not be used to offset risk in other parts of the portfolio, regardless of the default value for this flag defined for the exchange complex. In other words, the available net option value is capped at the risk. A value of\u00a0<strong>N</strong>, which is the default, means that there is no such limitation, again regardless of the default value.\u00a0<br/><br/></li><li>If the Combination Margining Method is\u00a0<strong>S</strong>\u00a0for Split-Allocation, then\u00a0<strong>all</strong>\u00a0products in this combined commodity are either combinations or options on combinations which are to be margined using the split-allocation method. If this flag is\u00a0<strong>D</strong>\u00a0for Delta-Split-Allocation, then\u00a0<strong>some</strong>\u00a0products in this combined commodity are combinations or options on combinations which are to be margined using the delta-split-allocation method. If this flag is blank or not present, then there are no products in this combined commodity which are margined using either of these two methods.</li></ol>"
        }
    },
    "status": "current",
    "title": "Type 2 Record - Standard",
    "spaceId": "457312811",
    "id": "457314153",
    "_links": {
        "editui": "/pages/resumedraft.action?draftId=457314153",
        "webui": "/spaces/pubsub/pages/457314153/Type+2+Record+-+Standard",
        "edituiv2": "/spaces/pubsub/pages/edit-v2/457314153",
        "tinyui": "/x/aQ9CGw",
        "base": "https://cmegroupclientsite.atlassian.net/wiki"
    }
}