{
    "data": [
        {
            "type": "heading",
            "text": "Some futures contracts have features that result in a daily cash flow in addition to normal settlement variation.\u00a0 This daily cash flow may be an embedded fee, as in CBOT's Dow AIG Excess Return futures.\u00a0 Or it may be a financing cost associated with rolling each position from one day to the next -- for example, theTRAKRSSMcontracts now trading at CME, or the Rolling Spot\u00ae currency futures which were formerly traded."
        },
        {
            "type": "heading",
            "text": "Generically, this cash flow is referred to as theDaily Adjustment, and the resulting cash flows are banked together with normal settlement variation."
        },
        {
            "type": "heading",
            "text": "The Daily Adjustment history file published at the end of each business day provides the rates, called theDaily Adjustment Rates, which drive the calculation of these cash flows for all such futures eligible to trade on that business day.\u00a0 One file is published for CME, and one for CBOT.\u00a0 For each exchange, for each futures currently eligible to trade which has a daily adjustment, a record is provided for each business day since that future first became eligible to trade, up to and including the current day.\u00a0 Each record provides:"
        },
        {
            "type": "heading",
            "text": "theDaily Adjustment Rate-Long-- the rate applicable to each long position for the specified business day"
        },
        {
            "type": "heading",
            "text": "theCumulative Adjustment Rate-Long-- the cumulative rate for a long position since the contract first became eligible to trade, up to but not including the specified business date"
        },
        {
            "type": "heading",
            "text": "theDaily Adjustment Rate-Short --the rate applicable to each short position for the specified business day"
        },
        {
            "type": "heading",
            "text": "theCumulative Adjustment Rate-Short--the cumulative rate for a short position since the contract first become eligible to trade, up to but not including the specified business date."
        },
        {
            "type": "heading",
            "text": "The layout for the \"Flat\" (Positional) Format:"
        },
        {
            "type": "heading",
            "text": ""
        },
        {
            "type": "heading",
            "text": "The XML-based Daily Adjustment History File"
        },
        {
            "type": "heading",
            "text": "Annotated DTD for the XML-based Daily Adjustment History File"
        },
        {
            "type": "heading",
            "text": "Sample XML-based DA History File"
        },
        {
            "type": "heading",
            "text": "Here's an annotated example of an XML-based DA History File."
        },
        {
            "type": "link",
            "text": "ftp.cme.com/pub/span/data/cme/trakrs",
            "url": "ftp://ftp.cme.com/pub/span/data/cme/trakrs",
            "data-linked-resource-id": null,
            "data-linked-resource-type": null
        },
        {
            "type": "link",
            "text": "ftp.cme.com/pub/span/data/cbt/darates",
            "url": "ftp://ftp.cme.com/pub/span/data/cbt/darates",
            "data-linked-resource-id": null,
            "data-linked-resource-type": null
        },
        {
            "type": "confluence_tables",
            "text": []
        }
    ],
    "page_id": "457313675",
    "child_page_ids": []
}