{
    "data": [
        {
            "type": "heading",
            "text": "Notes:"
        },
        {
            "type": "confluence_tables",
            "text": [
                {
                    "headers": [
                        "Length",
                        "From",
                        "To",
                        "Datatype",
                        "Format",
                        "Description and Comments"
                    ],
                    "rows": [
                        {
                            "cells": [
                                "2",
                                "1",
                                "2",
                                "AN",
                                "X(2)",
                                "Record ID - \"T \""
                            ],
                            "links": []
                        },
                        {
                            "cells": [
                                "3",
                                "3",
                                "5",
                                "AN",
                                "X(3)",
                                "Convert-To Currency ISO Code"
                            ],
                            "links": []
                        },
                        {
                            "cells": [
                                "1",
                                "6",
                                "6",
                                "AN",
                                "X",
                                "Convert-To Currency One-Byte Code"
                            ],
                            "links": []
                        },
                        {
                            "cells": [
                                "3",
                                "7",
                                "9",
                                "AN",
                                "X(3)",
                                "Convert-From Currency ISO Code"
                            ],
                            "links": []
                        },
                        {
                            "cells": [
                                "1",
                                "10",
                                "10",
                                "AN",
                                "X",
                                "Convert-From Currency One-Byte Code"
                            ],
                            "links": []
                        },
                        {
                            "cells": [
                                "10",
                                "11",
                                "20",
                                "N",
                                "9(10)",
                                "Conversion Multiplier"
                            ],
                            "links": []
                        },
                        {
                            "cells": [
                                "1",
                                "21",
                                "21",
                                "N",
                                "9",
                                "Conversion Multiplier Decimal Locator"
                            ],
                            "links": []
                        }
                    ]
                }
            ]
        }
    ],
    "page_id": "457411456",
    "child_page_ids": []
}