{
    "parentId": "457411114",
    "spaceId": "457312811",
    "ownerId": "60653f79352e1e0069fb728f",
    "lastOwnerId": null,
    "createdAt": "2024-12-21T16:43:13.626Z",
    "authorId": "60653f79352e1e0069fb728f",
    "parentType": "page",
    "version": {
        "number": 1,
        "message": "",
        "minorEdit": false,
        "authorId": "60653f79352e1e0069fb728f",
        "createdAt": "2024-12-21T16:43:14.977Z"
    },
    "position": 91135552,
    "id": "457411427",
    "status": "current",
    "body": {
        "export_view": {
            "representation": "export_view",
            "value": "<p><span class=\"confluence-embedded-file-wrapper\"><img class=\"confluence-embedded-image\" src=\"https://cmegroupclientsite.atlassian.net/wiki/download/attachments/457411427/spotperiods.jpg?api=v2\"></span></p><p>This report lists any Combined Commodities which may be in a Spot (Delivery) period at the specified point in time, as well as how much of the charge rate per delta is used up in spreads, and how much is left as outright.</p><p><strong>Comb Comm: </strong>\u00a0Combined Commodity</p><p>The set of all eligible products used to generate a total requirement for each Exchange Complex within a portfolio.\u00a0 A Combined Commodity generally consists of all products of the same underlying physical. For example, at the CME, the Eurodollar combined commodity encompasses Mid-Curve options, Eurodollars and Eurodollar options.\u00a0</p><p><strong>Rate ID:</strong> Span assigns an ID to each spread rate</p><p><strong>Period:\u00a0 </strong>Gives the period (which is the spot month period)</p><p><strong>Charge Rate Per Delta:</strong></p><ul><li><strong>Consumed by Spreads </strong>- the additional charge (or credit if negative) rate amount per delta for Intracommodity Spreads</li><li><strong>Remaining in Outrights </strong>- the additional charge (or credit if negative) rate amount per delta for outrights\u00a0</li></ul>"
        }
    },
    "title": "Spot Periods",
    "_links": {
        "editui": "/pages/resumedraft.action?draftId=457411427",
        "webui": "/spaces/pubsub/pages/457411427/Spot+Periods",
        "edituiv2": "/spaces/pubsub/pages/edit-v2/457411427",
        "tinyui": "/x/Y4tDGw",
        "base": "https://cmegroupclientsite.atlassian.net/wiki"
    }
}