{
    "data": [
        {
            "type": "confluence_tables",
            "text": [
                {
                    "headers": [
                        "Length",
                        "From",
                        "To",
                        "Datatype",
                        "Format",
                        "Description and Comments"
                    ],
                    "rows": [
                        {
                            "cells": [
                                "2",
                                "1",
                                "2",
                                "AN",
                                "X(2)",
                                "Record ID - \"91\""
                            ],
                            "links": []
                        },
                        {
                            "cells": [
                                "3",
                                "3",
                                "5",
                                "AN",
                                "X(3)",
                                "Exchange Acronym"
                            ],
                            "links": []
                        },
                        {
                            "cells": [
                                "2",
                                "6",
                                "7",
                                "-",
                                "-",
                                "Filler"
                            ],
                            "links": []
                        },
                        {
                            "cells": [
                                "10",
                                "8",
                                "17",
                                "AN",
                                "X(10)",
                                "Target Commodity (Product) Code"
                            ],
                            "links": []
                        },
                        {
                            "cells": [
                                "6",
                                "18",
                                "23",
                                "N",
                                "9(6)",
                                "Target Contract Month as CCYYMM"
                            ],
                            "links": []
                        },
                        {
                            "cells": [
                                "3",
                                "24",
                                "26",
                                "-",
                                "-",
                                "Filler"
                            ],
                            "links": []
                        },
                        {
                            "cells": [
                                "3",
                                "27",
                                "29",
                                "AN",
                                "X(3)",
                                "Issuing Country Code"
                            ],
                            "links": []
                        },
                        {
                            "cells": [
                                "2",
                                "30",
                                "31",
                                "-",
                                "-",
                                "Filler"
                            ],
                            "links": []
                        },
                        {
                            "cells": [
                                "15",
                                "32",
                                "46",
                                "AN",
                                "X(15)",
                                "CUSIP or ISIN or other primary instrument ID"
                            ],
                            "links": []
                        },
                        {
                            "cells": [
                                "3",
                                "47",
                                "49",
                                "AN",
                                "X(3)",
                                "Currency of Denomination - ISO code"
                            ],
                            "links": []
                        },
                        {
                            "cells": [
                                "1",
                                "50",
                                "50",
                                "AN",
                                "X",
                                "Currency of Denomination - 1-byte code"
                            ],
                            "links": []
                        },
                        {
                            "cells": [
                                "8",
                                "51",
                                "58",
                                "N",
                                "9(8)",
                                "Maturity Date as CCYYMMDD"
                            ],
                            "links": []
                        },
                        {
                            "cells": [
                                "5",
                                "59",
                                "63",
                                "N",
                                "9(2)V9(3)",
                                "Coupon Rate (in percent)"
                            ],
                            "links": []
                        },
                        {
                            "cells": [
                                "9",
                                "64",
                                "72",
                                "N",
                                "9(2)V9(7)",
                                "Physical Conversion Factor"
                            ],
                            "links": []
                        },
                        {
                            "cells": [
                                "60",
                                "73",
                                "132",
                                "-",
                                "-",
                                "Filler"
                            ],
                            "links": []
                        }
                    ]
                },
                {
                    "headers": [
                        "Length",
                        "From",
                        "To",
                        "Datatype",
                        "Format",
                        "Description and Comments"
                    ],
                    "rows": [
                        {
                            "cells": [
                                "2",
                                "1",
                                "2",
                                "AN",
                                "X(2)",
                                "Record ID - \"92\""
                            ],
                            "links": []
                        },
                        {
                            "cells": [
                                "3",
                                "3",
                                "5",
                                "AN",
                                "X(3)",
                                "Exchange Acronym"
                            ],
                            "links": []
                        },
                        {
                            "cells": [
                                "2",
                                "6",
                                "7",
                                "-",
                                "-",
                                "Filler"
                            ],
                            "links": []
                        },
                        {
                            "cells": [
                                "10",
                                "8",
                                "17",
                                "AN",
                                "X(10)",
                                "Target Commodity (Product) Code"
                            ],
                            "links": []
                        },
                        {
                            "cells": [
                                "6",
                                "18",
                                "23",
                                "N",
                                "9(6)",
                                "Target Contract Month as CCYYMM"
                            ],
                            "links": []
                        },
                        {
                            "cells": [
                                "3",
                                "24",
                                "26",
                                "-",
                                "-",
                                "Filler"
                            ],
                            "links": []
                        },
                        {
                            "cells": [
                                "3",
                                "27",
                                "29",
                                "AN",
                                "X(3)",
                                "Issuing Country Code"
                            ],
                            "links": []
                        },
                        {
                            "cells": [
                                "2",
                                "30",
                                "31",
                                "-",
                                "-",
                                "Filler"
                            ],
                            "links": []
                        },
                        {
                            "cells": [
                                "15",
                                "32",
                                "46",
                                "AN",
                                "X(15)",
                                "CUSIP or ISIN or other primary instrument ID"
                            ],
                            "links": []
                        },
                        {
                            "cells": [
                                "50",
                                "47",
                                "96",
                                "AN",
                                "X(50)",
                                "Instrument Description"
                            ],
                            "links": []
                        },
                        {
                            "cells": [
                                "10",
                                "97",
                                "106",
                                "N",
                                "9(4)V9(6)",
                                "Long-Bond-Equivalence Factor"
                            ],
                            "links": []
                        },
                        {
                            "cells": [
                                "26",
                                "107",
                                "132",
                                "-",
                                "-",
                                "Filler"
                            ],
                            "links": []
                        }
                    ]
                }
            ]
        }
    ],
    "page_id": "457411595",
    "child_page_ids": []
}