{
    "data": [
        {
            "type": "heading",
            "text": "You can switch between these three windows at any time by clicking on the desired tab, or by using theViewcommand on the menu."
        },
        {
            "type": "heading",
            "text": "When you do save it to disk, you can give it any filename, but the last part of the filename -- also known as the \"filetype\" or \"extension\" -- will be.spn.\u00a0 The default name for your SPAN document, which you can accept or change, isspan.spn."
        },
        {
            "type": "heading",
            "text": "(When you install PC-SPAN, the.spnfiletype is \"registered\" with Windows.\u00a0 So Windows knows that any file that has a name ending in.spnis a SPAN document.\u00a0 If you're in Windows Explorer, for example, if you double-click on a SPAN document, PC-SPAN version 4 will be launched and that SPAN document will be opened in it.)"
        },
        {
            "type": "heading",
            "text": "By default, PC-SPAN version 4 will save your SPAN documents in thedatasubdirectory of the main directory where the program is installed.\u00a0 You can save SPAN documents anywhere, however."
        },
        {
            "type": "heading",
            "text": "When you work in the Data window, you will see your SPAN data arranged in a\"tree view.\"This works very much like the tree view in Windows Explorer and many other programs.\u00a0 You see your data in a hierarchical structure."
        },
        {
            "type": "heading",
            "text": "If you see a data element -- called a \"node\" -- which has a plus sign (\"+\") to the left of it, that means that the node is expandible.\u00a0 Click on the plus sign toexpandthe node, to see the data beneath it.\u00a0 When the node is expanded, the symbol will change to the minus sign (\"-\").\u00a0 Click on the minus sign tocontractthe node -- to make the data beneath it invisible again."
        },
        {
            "type": "heading",
            "text": "You can use the keyboard to work with the tree view if you choose.\u00a0 Simply use theUparrow and theDownarrow to browse up or down.\u00a0 If you are on a node which is expandible, press theRightarrow to expand it, or theLeftarrow to contract it."
        },
        {
            "type": "heading",
            "text": "Some data items on the tree -- for example -- portfolios, or contracts, -- have \"Properties\" dialog boxes associated with them.\u00a0 You can bring up the dialog box associated with an item in several different ways.\u00a0 If the item is selected, press eitherEnterorAlt-Enter.\u00a0 Or you candouble clickon the item.\u00a0 Or you can single click on the item to select it, right-click on it to bring up its associated \"object\" menu, and then select \"Properties.\""
        },
        {
            "type": "heading",
            "text": "Use theLogcommand on theViewmenu to display or hide theLog View.\u00a0 This is the new-and-improved equivalent of the old calculation log and load log.\u00a0 You can also change the relative size of the log view by dragging the top of the view up or down."
        },
        {
            "type": "link",
            "text": "Starting PC-SPAN",
            "url": "#UsePC-SPAN-StartingPC-SPAN",
            "data-linked-resource-id": null,
            "data-linked-resource-type": null
        },
        {
            "type": "link",
            "text": "PC-SPAN Version 4's Three-Tabbed User Interface",
            "url": "#UsePC-SPAN-PC-SPANVersion4'sThree-TabbedUserInterface",
            "data-linked-resource-id": null,
            "data-linked-resource-type": null
        },
        {
            "type": "link",
            "text": "PC-SPAN as a Windows application, and the concept of the \"SPAN document\"",
            "url": "#UsePC-SPAN-PC-SPANasaWindowsapplication,andtheconceptofthe\"SPANdocument\"",
            "data-linked-resource-id": null,
            "data-linked-resource-type": null
        },
        {
            "type": "link",
            "text": "Working in the Data window",
            "url": "#UsePC-SPAN-WorkingintheDatawindow",
            "data-linked-resource-id": null,
            "data-linked-resource-type": null
        },
        {
            "type": "link",
            "text": "Basic operations: Opening and saving SPAN documents, and loading SPAN risk parameter files",
            "url": "#UsePC-SPAN-Basicoperations:OpeningandsavingSPANdocuments,andloadingSPANriskparameterfiles",
            "data-linked-resource-id": null,
            "data-linked-resource-type": null
        },
        {
            "type": "link",
            "text": "Using the Log View",
            "url": "#UsePC-SPAN-UsingtheLogView",
            "data-linked-resource-id": null,
            "data-linked-resource-type": null
        },
        {
            "type": "link",
            "text": "User Tips",
            "url": "https://cmegroupclientsite.atlassian.net/wiki/spaces/pubsub/pages/457313493/User+Tips",
            "data-linked-resource-id": "457313493",
            "data-linked-resource-type": "page"
        },
        {
            "type": "link",
            "text": "Calculating Performance Bond Requirements",
            "url": "https://cmegroupclientsite.atlassian.net/wiki/spaces/pubsub/pages/457083100/Calculating+Performance+Bond+Requirements",
            "data-linked-resource-id": "457083100",
            "data-linked-resource-type": "page"
        },
        {
            "type": "link",
            "text": "Defining Portfolios",
            "url": "https://cmegroupclientsite.atlassian.net/wiki/spaces/pubsub/pages/457411067/Defining+Portfolios",
            "data-linked-resource-id": "457411067",
            "data-linked-resource-type": "page"
        },
        {
            "type": "link",
            "text": "Defining Positions",
            "url": "https://cmegroupclientsite.atlassian.net/wiki/spaces/pubsub/pages/457214561/Defining+Positions",
            "data-linked-resource-id": "457214561",
            "data-linked-resource-type": "page"
        },
        {
            "type": "link",
            "text": "Loading SPAN Risk Parameter Files",
            "url": "https://cmegroupclientsite.atlassian.net/wiki/spaces/pubsub/pages/457083256/Loading+SPAN+Risk+Parameter+Files",
            "data-linked-resource-id": "457083256",
            "data-linked-resource-type": "page"
        },
        {
            "type": "link",
            "text": "PC-SPAN Reports",
            "url": "https://cmegroupclientsite.atlassian.net/wiki/spaces/pubsub/pages/457214646/PC-SPAN+Reports",
            "data-linked-resource-id": "457214646",
            "data-linked-resource-type": "page"
        },
        {
            "type": "confluence_tables",
            "text": []
        }
    ],
    "page_id": "457411024",
    "child_page_ids": [
        "457411067",
        "457214646",
        "457083256",
        "457214561",
        "457083100",
        "457313493"
    ]
}