{
    "parentId": "457214773",
    "ownerId": "60653f79352e1e0069fb728f",
    "lastOwnerId": null,
    "createdAt": "2024-12-21T16:43:38.879Z",
    "authorId": "60653f79352e1e0069fb728f",
    "parentType": "page",
    "position": 452762270,
    "version": {
        "number": 1,
        "message": "",
        "minorEdit": false,
        "authorId": "60653f79352e1e0069fb728f",
        "createdAt": "2024-12-21T16:43:40.094Z"
    },
    "spaceId": "457312811",
    "body": {
        "export_view": {
            "representation": "export_view",
            "value": "<div class=\"table-wrap\"><table class=\"confluenceTable\"><tbody><tr><th class=\"confluenceTh\">Length</th><th class=\"confluenceTh\">From</th><th class=\"confluenceTh\">To</th><th class=\"confluenceTh\">Datatype</th><th class=\"confluenceTh\">Format</th><th class=\"confluenceTh\">Description and Comments</th></tr><tr><td class=\"confluenceTd\">2</td><td class=\"confluenceTd\">1</td><td class=\"confluenceTd\">2</td><td class=\"confluenceTd\">AN</td><td class=\"confluenceTd\">X</td><td class=\"confluenceTd\">Record ID - &quot;3 &quot;</td></tr><tr><td class=\"confluenceTd\">6</td><td class=\"confluenceTd\">3</td><td class=\"confluenceTd\">8</td><td class=\"confluenceTd\">AN</td><td class=\"confluenceTd\">X(6)</td><td class=\"confluenceTd\">Combined Commodity Code</td></tr><tr><td class=\"confluenceTd\">2</td><td class=\"confluenceTd\">9</td><td class=\"confluenceTd\">10</td><td class=\"confluenceTd\">AN</td><td class=\"confluenceTd\">X(2)</td><td class=\"confluenceTd\">Intracommodity (Intermonth) Spread Charge Method Code</td></tr><tr><td class=\"confluenceTd\">2</td><td class=\"confluenceTd\">11</td><td class=\"confluenceTd\">12</td><td class=\"confluenceTd\">N</td><td class=\"confluenceTd\">9(2)</td><td class=\"confluenceTd\">Tier 1 Tier Number</td></tr><tr><td class=\"confluenceTd\">6</td><td class=\"confluenceTd\">13</td><td class=\"confluenceTd\">18</td><td class=\"confluenceTd\">N</td><td class=\"confluenceTd\">9(6)</td><td class=\"confluenceTd\">Tier 1 Starting Contract Month as\u00a0<strong>CCYYMM</strong></td></tr><tr><td class=\"confluenceTd\">6</td><td class=\"confluenceTd\">19</td><td class=\"confluenceTd\">24</td><td class=\"confluenceTd\">N</td><td class=\"confluenceTd\">9(6)</td><td class=\"confluenceTd\">Tier 1 Ending Contract Month as\u00a0<strong>CCYYMM</strong></td></tr><tr><td class=\"confluenceTd\">2</td><td class=\"confluenceTd\">25</td><td class=\"confluenceTd\">26</td><td class=\"confluenceTd\">N</td><td class=\"confluenceTd\">9(2)</td><td class=\"confluenceTd\">Tier 2 Tier Number</td></tr><tr><td class=\"confluenceTd\">6</td><td class=\"confluenceTd\">27</td><td class=\"confluenceTd\">32</td><td class=\"confluenceTd\">N</td><td class=\"confluenceTd\">9(6)</td><td class=\"confluenceTd\">Tier 2 Starting Contract Month as\u00a0<strong>CCYYMM</strong></td></tr><tr><td class=\"confluenceTd\">6</td><td class=\"confluenceTd\">33</td><td class=\"confluenceTd\">38</td><td class=\"confluenceTd\">N</td><td class=\"confluenceTd\">9(6)</td><td class=\"confluenceTd\">Tier 2 Ending Contract Month as\u00a0<strong>CCYYMM</strong></td></tr><tr><td class=\"confluenceTd\">2</td><td class=\"confluenceTd\">39</td><td class=\"confluenceTd\">40</td><td class=\"confluenceTd\">N</td><td class=\"confluenceTd\">9(2)</td><td class=\"confluenceTd\">Tier 3 Tier Number</td></tr><tr><td class=\"confluenceTd\">6</td><td class=\"confluenceTd\">41</td><td class=\"confluenceTd\">46</td><td class=\"confluenceTd\">N</td><td class=\"confluenceTd\">9(6)</td><td class=\"confluenceTd\">Tier 3 Starting Contract Month as\u00a0<strong>CCYYMM</strong></td></tr><tr><td class=\"confluenceTd\">6</td><td class=\"confluenceTd\">47</td><td class=\"confluenceTd\">52</td><td class=\"confluenceTd\">N</td><td class=\"confluenceTd\">9(6)</td><td class=\"confluenceTd\">Tier 3 Ending Contract Month as\u00a0<strong>CCYYMM</strong></td></tr><tr><td class=\"confluenceTd\">2</td><td class=\"confluenceTd\">53</td><td class=\"confluenceTd\">54</td><td class=\"confluenceTd\">N</td><td class=\"confluenceTd\">9(2)</td><td class=\"confluenceTd\">Tier 4 Tier Number</td></tr><tr><td class=\"confluenceTd\">6</td><td class=\"confluenceTd\">55</td><td class=\"confluenceTd\">60</td><td class=\"confluenceTd\">N</td><td class=\"confluenceTd\">9(6)</td><td class=\"confluenceTd\">Tier 4 Starting Contract Month as\u00a0<strong>CCYYMM</strong></td></tr><tr><td class=\"confluenceTd\">6</td><td class=\"confluenceTd\">61</td><td class=\"confluenceTd\">66</td><td class=\"confluenceTd\">N</td><td class=\"confluenceTd\">9(6)</td><td class=\"confluenceTd\">Tier 4 Ending Contract Month as\u00a0<strong>CCYYMM</strong></td></tr><tr><td class=\"confluenceTd\">2</td><td class=\"confluenceTd\">67</td><td class=\"confluenceTd\">68</td><td class=\"confluenceTd\">-</td><td class=\"confluenceTd\">-</td><td class=\"confluenceTd\">Filler</td></tr><tr><td class=\"confluenceTd\">4</td><td class=\"confluenceTd\">69</td><td class=\"confluenceTd\">72</td><td class=\"confluenceTd\">N</td><td class=\"confluenceTd\">9(4)</td><td class=\"confluenceTd\">Initial to Maintenance Ratio -- Member Accounts</td></tr><tr><td class=\"confluenceTd\">1</td><td class=\"confluenceTd\">73</td><td class=\"confluenceTd\">73</td><td class=\"confluenceTd\">N</td><td class=\"confluenceTd\">9</td><td class=\"confluenceTd\">Member Accounts Ratio Decimal Locator</td></tr><tr><td class=\"confluenceTd\">4</td><td class=\"confluenceTd\">74</td><td class=\"confluenceTd\">77</td><td class=\"confluenceTd\">N</td><td class=\"confluenceTd\">9(4)</td><td class=\"confluenceTd\">Initial to Maintenance Ratio -- Hedger Accounts</td></tr><tr><td class=\"confluenceTd\">1</td><td class=\"confluenceTd\">78</td><td class=\"confluenceTd\">78</td><td class=\"confluenceTd\">N</td><td class=\"confluenceTd\">9</td><td class=\"confluenceTd\">Hedger Accounts Ratio Decimal Locator</td></tr><tr><td class=\"confluenceTd\">4</td><td class=\"confluenceTd\">79</td><td class=\"confluenceTd\">82</td><td class=\"confluenceTd\">N</td><td class=\"confluenceTd\">9(4)</td><td class=\"confluenceTd\">Initial to Maintenance Ratio -- Speculator Accounts</td></tr><tr><td class=\"confluenceTd\">1</td><td class=\"confluenceTd\">83</td><td class=\"confluenceTd\">83</td><td class=\"confluenceTd\">N</td><td class=\"confluenceTd\">9</td><td class=\"confluenceTd\">Speculator Accounts Ratio Decimal Locator</td></tr><tr><td class=\"confluenceTd\">2</td><td class=\"confluenceTd\">84</td><td class=\"confluenceTd\">85</td><td class=\"confluenceTd\">AN</td><td class=\"confluenceTd\">X(2)</td><td class=\"confluenceTd\">Tier 1 Starting Contract Day or Week Code</td></tr><tr><td class=\"confluenceTd\">2</td><td class=\"confluenceTd\">86</td><td class=\"confluenceTd\">87</td><td class=\"confluenceTd\">AN</td><td class=\"confluenceTd\">X(2)</td><td class=\"confluenceTd\">Tier 1 Ending Contract Day or Week Code</td></tr><tr><td class=\"confluenceTd\">2</td><td class=\"confluenceTd\">88</td><td class=\"confluenceTd\">89</td><td class=\"confluenceTd\">AN</td><td class=\"confluenceTd\">X(2)</td><td class=\"confluenceTd\">Tier 2 Starting Contract Day or Week Code</td></tr><tr><td class=\"confluenceTd\">2</td><td class=\"confluenceTd\">90</td><td class=\"confluenceTd\">91</td><td class=\"confluenceTd\">AN</td><td class=\"confluenceTd\">X(2)</td><td class=\"confluenceTd\">Tier 2 Ending Contract Day or Week Code</td></tr><tr><td class=\"confluenceTd\">2</td><td class=\"confluenceTd\">92</td><td class=\"confluenceTd\">93</td><td class=\"confluenceTd\">AN</td><td class=\"confluenceTd\">X(2)</td><td class=\"confluenceTd\">Tier 3 Starting Contract Day or Week Code</td></tr><tr><td class=\"confluenceTd\">2</td><td class=\"confluenceTd\">94</td><td class=\"confluenceTd\">95</td><td class=\"confluenceTd\">AN</td><td class=\"confluenceTd\">X(2)</td><td class=\"confluenceTd\">Tier 3 Ending Contract Day or Week Code</td></tr><tr><td class=\"confluenceTd\">2</td><td class=\"confluenceTd\">96</td><td class=\"confluenceTd\">97</td><td class=\"confluenceTd\">AN</td><td class=\"confluenceTd\">X(2)</td><td class=\"confluenceTd\">Tier 4 Starting Contract Day or Week Code</td></tr><tr><td class=\"confluenceTd\">2</td><td class=\"confluenceTd\">98</td><td class=\"confluenceTd\">99</td><td class=\"confluenceTd\">AN</td><td class=\"confluenceTd\">X(2)</td><td class=\"confluenceTd\">Tier 4 Ending Contract Day or Week Code</td></tr><tr><td class=\"confluenceTd\">33</td><td class=\"confluenceTd\">100</td><td class=\"confluenceTd\">132</td><td class=\"confluenceTd\">-</td><td class=\"confluenceTd\">-</td><td class=\"confluenceTd\">Filler</td></tr></tbody></table></div><p><strong>Notes:</strong></p><ol><li>The expanded unpacked format supports only intracommodity spread charge methods\u00a0<strong>01</strong>\u00a0(no charge) and\u00a0<strong>10</strong>\u00a0(the table-driven method.) Older methods, in which the spreading logic was hard-coded, are not supported and are intended to be phased out.<br/><br/></li><li>If the intracommodity spread charge method code is\u00a0<strong>&quot;01&quot;</strong>, then there is no intracommodity spread charge for this combined commodity.<br/><br/></li><li>If the intracommodity spread charge method code is\u00a0<strong>&quot;10&quot;</strong>\u00a0-- the\u00a0<strong>table-driven</strong>\u00a0method -- then each type &quot;3&quot; record specifies up to four\u00a0<strong>intracommodity spread tiers</strong>. Each such tier is defined as a group of consecutive futures months; the tiers defined for a combined commodity do not overlap. There will be at least one tier for each such combined commodity. If more than four tiers are specified for a combined commodity, they will be on additional type &quot;3&quot; records which immediately follow the first.</li></ol>"
        }
    },
    "status": "current",
    "title": "Type 3 - Paris Expanded",
    "id": "457411666",
    "_links": {
        "editui": "/pages/resumedraft.action?draftId=457411666",
        "webui": "/spaces/pubsub/pages/457411666/Type+3+-+Paris+Expanded",
        "edituiv2": "/spaces/pubsub/pages/edit-v2/457411666",
        "tinyui": "/x/UoxDGw",
        "base": "https://cmegroupclientsite.atlassian.net/wiki"
    }
}