{
    "parentId": "457083480",
    "ownerId": "60653f79352e1e0069fb728f",
    "lastOwnerId": null,
    "createdAt": "2024-12-21T16:43:20.927Z",
    "authorId": "60653f79352e1e0069fb728f",
    "parentType": "page",
    "position": 474962736,
    "version": {
        "number": 1,
        "message": "",
        "minorEdit": false,
        "authorId": "60653f79352e1e0069fb728f",
        "createdAt": "2024-12-21T16:43:22.228Z"
    },
    "status": "current",
    "body": {
        "export_view": {
            "representation": "export_view",
            "value": "<div class=\"table-wrap\"><table class=\"confluenceTable\"><tbody><tr><th class=\"confluenceTh\">Length</th><th class=\"confluenceTh\">From</th><th class=\"confluenceTh\">To</th><th class=\"confluenceTh\">Datatype</th><th class=\"confluenceTh\">Format</th><th class=\"confluenceTh\">Description and Comments</th></tr><tr><td class=\"confluenceTd\">1</td><td class=\"confluenceTd\">1</td><td class=\"confluenceTd\">1</td><td class=\"confluenceTd\">AN</td><td class=\"confluenceTd\">X</td><td class=\"confluenceTd\">Record ID - &quot;5&quot;</td></tr><tr><td class=\"confluenceTd\">3</td><td class=\"confluenceTd\">2</td><td class=\"confluenceTd\">4</td><td class=\"confluenceTd\">AN</td><td class=\"confluenceTd\">X(3)</td><td class=\"confluenceTd\">Combined Commodity Group Code</td></tr><tr><td class=\"confluenceTd\">4</td><td class=\"confluenceTd\">5</td><td class=\"confluenceTd\">8</td><td class=\"confluenceTd\">N</td><td class=\"confluenceTd\">9(2)V9(2)</td><td class=\"confluenceTd\">Group Initial to Maintenance Ratio - Speculators</td></tr><tr><td class=\"confluenceTd\">4</td><td class=\"confluenceTd\">9</td><td class=\"confluenceTd\">12</td><td class=\"confluenceTd\">N</td><td class=\"confluenceTd\">9(2)V9(2)</td><td class=\"confluenceTd\">Group Initial to Maintenance Ratio - Members</td></tr><tr><td class=\"confluenceTd\">3</td><td class=\"confluenceTd\">13</td><td class=\"confluenceTd\">15</td><td class=\"confluenceTd\">AN</td><td class=\"confluenceTd\">X(3)</td><td class=\"confluenceTd\">Combined Commodity Code 1</td></tr><tr><td class=\"confluenceTd\">3</td><td class=\"confluenceTd\">16</td><td class=\"confluenceTd\">18</td><td class=\"confluenceTd\">AN</td><td class=\"confluenceTd\">X(3)</td><td class=\"confluenceTd\">Combined Commodity Code 2</td></tr><tr><td class=\"confluenceTd\">3</td><td class=\"confluenceTd\">19</td><td class=\"confluenceTd\">21</td><td class=\"confluenceTd\">AN</td><td class=\"confluenceTd\">X(3)</td><td class=\"confluenceTd\">Combined Commodity Code 3</td></tr><tr><td class=\"confluenceTd\">3</td><td class=\"confluenceTd\">22</td><td class=\"confluenceTd\">24</td><td class=\"confluenceTd\">AN</td><td class=\"confluenceTd\">X(3)</td><td class=\"confluenceTd\">Combined Commodity Code 4</td></tr><tr><td class=\"confluenceTd\">3</td><td class=\"confluenceTd\">25</td><td class=\"confluenceTd\">27</td><td class=\"confluenceTd\">AN</td><td class=\"confluenceTd\">X(3)</td><td class=\"confluenceTd\">Combined Commodity Code 5</td></tr><tr><td class=\"confluenceTd\">3</td><td class=\"confluenceTd\">28</td><td class=\"confluenceTd\">30</td><td class=\"confluenceTd\">AN</td><td class=\"confluenceTd\">X(3)</td><td class=\"confluenceTd\">Combined Commodity Code 6</td></tr><tr><td class=\"confluenceTd\">3</td><td class=\"confluenceTd\">31</td><td class=\"confluenceTd\">33</td><td class=\"confluenceTd\">AN</td><td class=\"confluenceTd\">X(3)</td><td class=\"confluenceTd\">Combined Commodity Code 7</td></tr><tr><td class=\"confluenceTd\">3</td><td class=\"confluenceTd\">34</td><td class=\"confluenceTd\">36</td><td class=\"confluenceTd\">AN</td><td class=\"confluenceTd\">X(3)</td><td class=\"confluenceTd\">Combined Commodity Code 8</td></tr><tr><td class=\"confluenceTd\">3</td><td class=\"confluenceTd\">37</td><td class=\"confluenceTd\">39</td><td class=\"confluenceTd\">AN</td><td class=\"confluenceTd\">X(3)</td><td class=\"confluenceTd\">Combined Commodity Code 9</td></tr><tr><td class=\"confluenceTd\">3</td><td class=\"confluenceTd\">40</td><td class=\"confluenceTd\">42</td><td class=\"confluenceTd\">AN</td><td class=\"confluenceTd\">X(3)</td><td class=\"confluenceTd\">Combined Commodity Code 10</td></tr><tr><td class=\"confluenceTd\">3</td><td class=\"confluenceTd\">43</td><td class=\"confluenceTd\">45</td><td class=\"confluenceTd\">AN</td><td class=\"confluenceTd\">X(3)</td><td class=\"confluenceTd\">Combined Commodity Code 11</td></tr><tr><td class=\"confluenceTd\">3</td><td class=\"confluenceTd\">46</td><td class=\"confluenceTd\">48</td><td class=\"confluenceTd\">AN</td><td class=\"confluenceTd\">X(3)</td><td class=\"confluenceTd\">Combined Commodity Code 12</td></tr><tr><td class=\"confluenceTd\">3</td><td class=\"confluenceTd\">49</td><td class=\"confluenceTd\">51</td><td class=\"confluenceTd\">AN</td><td class=\"confluenceTd\">X(3)</td><td class=\"confluenceTd\">Combined Commodity Code 13</td></tr><tr><td class=\"confluenceTd\">3</td><td class=\"confluenceTd\">52</td><td class=\"confluenceTd\">54</td><td class=\"confluenceTd\">AN</td><td class=\"confluenceTd\">X(3)</td><td class=\"confluenceTd\">Combined Commodity Code 14</td></tr><tr><td class=\"confluenceTd\">3</td><td class=\"confluenceTd\">55</td><td class=\"confluenceTd\">57</td><td class=\"confluenceTd\">AN</td><td class=\"confluenceTd\">X(3)</td><td class=\"confluenceTd\">Combined Commodity Code 15</td></tr><tr><td class=\"confluenceTd\">3</td><td class=\"confluenceTd\">58</td><td class=\"confluenceTd\">60</td><td class=\"confluenceTd\">AN</td><td class=\"confluenceTd\">X(3)</td><td class=\"confluenceTd\">Combined Commodity Code 16</td></tr><tr><td class=\"confluenceTd\">3</td><td class=\"confluenceTd\">61</td><td class=\"confluenceTd\">63</td><td class=\"confluenceTd\">AN</td><td class=\"confluenceTd\">X(3)</td><td class=\"confluenceTd\">Combined Commodity Code 17</td></tr><tr><td class=\"confluenceTd\">3</td><td class=\"confluenceTd\">64</td><td class=\"confluenceTd\">66</td><td class=\"confluenceTd\">AN</td><td class=\"confluenceTd\">X(3)</td><td class=\"confluenceTd\">Combined Commodity Code 18</td></tr><tr><td class=\"confluenceTd\">3</td><td class=\"confluenceTd\">67</td><td class=\"confluenceTd\">69</td><td class=\"confluenceTd\">AN</td><td class=\"confluenceTd\">X(3)</td><td class=\"confluenceTd\">Combined Commodity Code 19</td></tr><tr><td class=\"confluenceTd\">3</td><td class=\"confluenceTd\">70</td><td class=\"confluenceTd\">72</td><td class=\"confluenceTd\">AN</td><td class=\"confluenceTd\">X(3)</td><td class=\"confluenceTd\">Combined Commodity Code 20</td></tr><tr><td class=\"confluenceTd\">4</td><td class=\"confluenceTd\">73</td><td class=\"confluenceTd\">76</td><td class=\"confluenceTd\">N</td><td class=\"confluenceTd\">9(2)V9(2)</td><td class=\"confluenceTd\">Group Initial to Maintenance Ratio - Hedgers</td></tr><tr><td class=\"confluenceTd\">4</td><td class=\"confluenceTd\">76</td><td class=\"confluenceTd\">80</td><td class=\"confluenceTd\">-</td><td class=\"confluenceTd\">-</td><td class=\"confluenceTd\">Filler</td></tr></tbody></table></div><p><strong>Notes:</strong></p><ol><li>Type &quot;5&quot; records define combined commodity groups, and specify which combined commodities are in which group. Each combined commodity must be in exactly one group, since the groups are used in rollups of SPAN requirements.<br/><br/></li><li>If there are more than twenty combined commodities in a group, additional type &quot;5&quot; records follow the first immediately.\u00a0<br/><br/></li><li>The initial to maintenance ratios specified here are not used in the SPAN calculation if it is done in\u00a0<strong>multi-currency mode</strong>\u00a0--\u00a0<em>ie</em>, if SPAN requirements are determined for each combined commodity in the portfolio. They are used if the SPAN calculation is done in the old single-currency mode, in which the SPAN requirement is determined at the group level and all combined commodities in the group must have the same performance bond (margin) currency.<br/><br/></li><li>If the Group Initial to Maintenance Ratio for Hedgers is not provided or is zero, then the value for members is also used for hedgers.</li></ol>"
        }
    },
    "title": "Type 5 Record - Standard",
    "spaceId": "457312811",
    "id": "457411492",
    "_links": {
        "editui": "/pages/resumedraft.action?draftId=457411492",
        "webui": "/spaces/pubsub/pages/457411492/Type+5+Record+-+Standard",
        "edituiv2": "/spaces/pubsub/pages/edit-v2/457411492",
        "tinyui": "/x/pItDGw",
        "base": "https://cmegroupclientsite.atlassian.net/wiki"
    }
}