{
    "parentId": "457214773",
    "spaceId": "457312811",
    "ownerId": "60653f79352e1e0069fb728f",
    "lastOwnerId": null,
    "createdAt": "2024-12-21T16:44:04.718Z",
    "authorId": "60653f79352e1e0069fb728f",
    "parentType": "page",
    "position": 452767351,
    "version": {
        "number": 1,
        "message": "",
        "minorEdit": false,
        "authorId": "60653f79352e1e0069fb728f",
        "createdAt": "2024-12-21T16:44:05.923Z"
    },
    "body": {
        "export_view": {
            "representation": "export_view",
            "value": "<div class=\"table-wrap\"><table class=\"confluenceTable\"><tbody><tr><th class=\"confluenceTh\">Length</th><th class=\"confluenceTh\">From</th><th class=\"confluenceTh\">To</th><th class=\"confluenceTh\">Datatype</th><th class=\"confluenceTh\">Format</th><th class=\"confluenceTh\">Description and Comments</th></tr><tr><td class=\"confluenceTd\">2</td><td class=\"confluenceTd\">1</td><td class=\"confluenceTd\">2</td><td class=\"confluenceTd\">AN</td><td class=\"confluenceTd\">X(2)</td><td class=\"confluenceTd\">Record ID - &quot;S &quot;</td></tr><tr><td class=\"confluenceTd\">6</td><td class=\"confluenceTd\">3</td><td class=\"confluenceTd\">8</td><td class=\"confluenceTd\">AN</td><td class=\"confluenceTd\">X(6)</td><td class=\"confluenceTd\">Combined Commodity Code</td></tr><tr><td class=\"confluenceTd\">2</td><td class=\"confluenceTd\">9</td><td class=\"confluenceTd\">10</td><td class=\"confluenceTd\">AN</td><td class=\"confluenceTd\">X(2)</td><td class=\"confluenceTd\">Scanning / Intercommodity Spreading Method Code:<br/>-\u00a0<strong>&quot;01&quot;</strong>\u00a0for\u00a0<strong>non-tiered processing</strong>\u00a0(<em>ie</em>, all the contract months together constitute a single tier for both scanning and intercommodity spreading)<br/>-\u00a0<strong>&quot;02&quot;</strong>\u00a0for each futures contract month as its own scanning and intercommodity spreading tier<br/>-\u00a0<strong>&quot;10&quot;</strong>\u00a0for\u00a0<strong>table-driven tiered scanning</strong>\u00a0with non-tiered intercommodity spreading<br/>-\u00a0<strong>&quot;20&quot;</strong>\u00a0for\u00a0<strong>table-driven tiered intercommodity spreading</strong>\u00a0with non-tiered scanning<br/>-\u00a0<strong>&quot;21&quot;</strong>\u00a0for\u00a0<strong>table-driven tiered scanning and tiered intercommodity spreading</strong>, with\u00a0<strong>identical tier definitions\u00a0</strong>for scanning and intercommodity spreading<br/>-\u00a0<strong>&quot;22&quot;</strong>\u00a0for\u00a0<strong>table-driven tiered scanning</strong>\u00a0<strong>and tiered intercommodity spreading</strong>, with scanning tiers and intercommodity spreading tiers defined independently, and with this record containing\u00a0<strong>scanning tier definitions<br/></strong>-\u00a0<strong>&quot;23&quot;</strong>\u00a0for\u00a0<strong>table-driven tiered scanning and tiered intercommodity spreading</strong>, with scanning tiers and intercommodity spreading tiers defined independently, and with this record containing\u00a0<strong>intercommodity spreading tier definitions<br/>- &quot;30&quot; for short option minimum charge rate tiers</strong></td></tr><tr><td class=\"confluenceTd\">2</td><td class=\"confluenceTd\">11</td><td class=\"confluenceTd\">12</td><td class=\"confluenceTd\">N</td><td class=\"confluenceTd\">9(2)</td><td class=\"confluenceTd\">Number of Tiers</td></tr><tr><td class=\"confluenceTd\">2</td><td class=\"confluenceTd\">13</td><td class=\"confluenceTd\">14</td><td class=\"confluenceTd\">N</td><td class=\"confluenceTd\">9(2)</td><td class=\"confluenceTd\">Tier 1 - Tier number</td></tr><tr><td class=\"confluenceTd\">6</td><td class=\"confluenceTd\">15</td><td class=\"confluenceTd\">20</td><td class=\"confluenceTd\">N</td><td class=\"confluenceTd\">9(6)</td><td class=\"confluenceTd\">Tier 1 - Starting Contract Month as\u00a0<strong>CCYYMM</strong></td></tr><tr><td class=\"confluenceTd\">6</td><td class=\"confluenceTd\">21</td><td class=\"confluenceTd\">26</td><td class=\"confluenceTd\">N</td><td class=\"confluenceTd\">9(6)</td><td class=\"confluenceTd\">Tier 1 - Ending Contract Month as\u00a0<strong>CCYYMM</strong></td></tr><tr><td class=\"confluenceTd\">2</td><td class=\"confluenceTd\">27</td><td class=\"confluenceTd\">28</td><td class=\"confluenceTd\">N</td><td class=\"confluenceTd\">9(2)</td><td class=\"confluenceTd\">Tier 2 - Tier number</td></tr><tr><td class=\"confluenceTd\">6</td><td class=\"confluenceTd\">29</td><td class=\"confluenceTd\">34</td><td class=\"confluenceTd\">N</td><td class=\"confluenceTd\">9(6)</td><td class=\"confluenceTd\">Tier 2 - Starting Contract Month as\u00a0<strong>CCYYMM</strong></td></tr><tr><td class=\"confluenceTd\">6</td><td class=\"confluenceTd\">35</td><td class=\"confluenceTd\">40</td><td class=\"confluenceTd\">N</td><td class=\"confluenceTd\">9(6)</td><td class=\"confluenceTd\">Tier 2 - Ending Contract Month as\u00a0<strong>CCYYMM</strong></td></tr><tr><td class=\"confluenceTd\">2</td><td class=\"confluenceTd\">41</td><td class=\"confluenceTd\">42</td><td class=\"confluenceTd\">N</td><td class=\"confluenceTd\">9(2)</td><td class=\"confluenceTd\">Tier 3 - Tier number</td></tr><tr><td class=\"confluenceTd\">6</td><td class=\"confluenceTd\">43</td><td class=\"confluenceTd\">48</td><td class=\"confluenceTd\">N</td><td class=\"confluenceTd\">9(6)</td><td class=\"confluenceTd\">Tier 3 - Starting Contract Month as\u00a0<strong>CCYYMM</strong></td></tr><tr><td class=\"confluenceTd\">6</td><td class=\"confluenceTd\">49</td><td class=\"confluenceTd\">54</td><td class=\"confluenceTd\">N</td><td class=\"confluenceTd\">9(6)</td><td class=\"confluenceTd\">Tier 3 - Ending Contract Month as\u00a0<strong>CCYYMM</strong></td></tr><tr><td class=\"confluenceTd\">2</td><td class=\"confluenceTd\">55</td><td class=\"confluenceTd\">56</td><td class=\"confluenceTd\">N</td><td class=\"confluenceTd\">9(2)</td><td class=\"confluenceTd\">Tier 4 - Tier number</td></tr><tr><td class=\"confluenceTd\">6</td><td class=\"confluenceTd\">57</td><td class=\"confluenceTd\">62</td><td class=\"confluenceTd\">N</td><td class=\"confluenceTd\">9(6)</td><td class=\"confluenceTd\">Tier 4 - Starting Contract Month as\u00a0<strong>CCYYMM</strong></td></tr><tr><td class=\"confluenceTd\">6</td><td class=\"confluenceTd\">63</td><td class=\"confluenceTd\">68</td><td class=\"confluenceTd\">N</td><td class=\"confluenceTd\">9(6)</td><td class=\"confluenceTd\">Tier 4 - Ending Contract Month as\u00a0<strong>CCYYMM</strong></td></tr><tr><td class=\"confluenceTd\">2</td><td class=\"confluenceTd\">69</td><td class=\"confluenceTd\">70</td><td class=\"confluenceTd\">N</td><td class=\"confluenceTd\">9(2)</td><td class=\"confluenceTd\">Tier 5 - Tier number</td></tr><tr><td class=\"confluenceTd\">6</td><td class=\"confluenceTd\">71</td><td class=\"confluenceTd\">76</td><td class=\"confluenceTd\">N</td><td class=\"confluenceTd\">9(6)</td><td class=\"confluenceTd\">Tier 5 - Starting Contract Month as\u00a0<strong>CCYYMM</strong></td></tr><tr><td class=\"confluenceTd\">6</td><td class=\"confluenceTd\">77</td><td class=\"confluenceTd\">82</td><td class=\"confluenceTd\">N</td><td class=\"confluenceTd\">9(6)</td><td class=\"confluenceTd\">Tier 5 - Ending Contract Month as\u00a0<strong>CCYYMM</strong></td></tr><tr><td class=\"confluenceTd\">1</td><td class=\"confluenceTd\">83</td><td class=\"confluenceTd\">83</td><td class=\"confluenceTd\">AN</td><td class=\"confluenceTd\">X(1)</td><td class=\"confluenceTd\">Weighted Futures Price Risk Calculation Method -\u00a0<strong>1</strong>\u00a0for the normal calculation in which price risk is evaluated and then divided by net delta,\u00a0<strong>2</strong>\u00a0for the normal method but where the value is capped at the futures price scan range, and\u00a0<strong>3</strong>\u00a0for the special method in which the value is set to the futures price scan range</td></tr><tr><td class=\"confluenceTd\">2</td><td class=\"confluenceTd\">84</td><td class=\"confluenceTd\">85</td><td class=\"confluenceTd\">AN</td><td class=\"confluenceTd\">X(2)</td><td class=\"confluenceTd\">Tier 1 - Starting Contract Day or Week Code</td></tr><tr><td class=\"confluenceTd\">2</td><td class=\"confluenceTd\">86</td><td class=\"confluenceTd\">87</td><td class=\"confluenceTd\">AN</td><td class=\"confluenceTd\">X(2)</td><td class=\"confluenceTd\">Tier 1 - Ending Contract Day or Week Code</td></tr><tr><td class=\"confluenceTd\">2</td><td class=\"confluenceTd\">88</td><td class=\"confluenceTd\">89</td><td class=\"confluenceTd\">AN</td><td class=\"confluenceTd\">X(2)</td><td class=\"confluenceTd\">Tier 2 - Starting Contract Day or Week Code</td></tr><tr><td class=\"confluenceTd\">2</td><td class=\"confluenceTd\">90</td><td class=\"confluenceTd\">91</td><td class=\"confluenceTd\">AN</td><td class=\"confluenceTd\">X(2)</td><td class=\"confluenceTd\">Tier 2 - Ending Contract Day or Week Code</td></tr><tr><td class=\"confluenceTd\">2</td><td class=\"confluenceTd\">92</td><td class=\"confluenceTd\">93</td><td class=\"confluenceTd\">AN</td><td class=\"confluenceTd\">X(2)</td><td class=\"confluenceTd\">Tier 3 - Starting Contract Day or Week Code</td></tr><tr><td class=\"confluenceTd\">2</td><td class=\"confluenceTd\">94</td><td class=\"confluenceTd\">95</td><td class=\"confluenceTd\">AN</td><td class=\"confluenceTd\">X(2)</td><td class=\"confluenceTd\">Tier 3 - Ending Contract Day or Week Code</td></tr><tr><td class=\"confluenceTd\">2</td><td class=\"confluenceTd\">96</td><td class=\"confluenceTd\">97</td><td class=\"confluenceTd\">AN</td><td class=\"confluenceTd\">X(2)</td><td class=\"confluenceTd\">Tier 4 - Starting Contract Day or Week Code</td></tr><tr><td class=\"confluenceTd\">2</td><td class=\"confluenceTd\">98</td><td class=\"confluenceTd\">99</td><td class=\"confluenceTd\">AN</td><td class=\"confluenceTd\">X(2)</td><td class=\"confluenceTd\">Tier 4 - Ending Contract Day or Week Code</td></tr><tr><td class=\"confluenceTd\">2</td><td class=\"confluenceTd\">100</td><td class=\"confluenceTd\">101</td><td class=\"confluenceTd\">AN</td><td class=\"confluenceTd\">X(2)</td><td class=\"confluenceTd\">Tier 5 - Starting Contract Day or Week Code</td></tr><tr><td class=\"confluenceTd\">2</td><td class=\"confluenceTd\">102</td><td class=\"confluenceTd\">103</td><td class=\"confluenceTd\">AN</td><td class=\"confluenceTd\">X(2)</td><td class=\"confluenceTd\">Tier 5 - Ending Contract Day or Week Code</td></tr><tr><td class=\"confluenceTd\">7</td><td class=\"confluenceTd\">104</td><td class=\"confluenceTd\">110</td><td class=\"confluenceTd\">N</td><td class=\"confluenceTd\">9(7)</td><td class=\"confluenceTd\">Tier 1 -- Short Option Minimum Charge Rate</td></tr><tr><td class=\"confluenceTd\">7</td><td class=\"confluenceTd\">111</td><td class=\"confluenceTd\">117</td><td class=\"confluenceTd\">N</td><td class=\"confluenceTd\">9(7)</td><td class=\"confluenceTd\">Tier 2 -- Short Option Minimum Charge Rate</td></tr><tr><td class=\"confluenceTd\">7</td><td class=\"confluenceTd\">118</td><td class=\"confluenceTd\">124</td><td class=\"confluenceTd\">N</td><td class=\"confluenceTd\">9(7)</td><td class=\"confluenceTd\">Tier 3 -- Short Option Minimum Charge Rate</td></tr><tr><td class=\"confluenceTd\">7</td><td class=\"confluenceTd\">125</td><td class=\"confluenceTd\">131</td><td class=\"confluenceTd\">N</td><td class=\"confluenceTd\">9(7)</td><td class=\"confluenceTd\">Tier 4 -- Short Option Minimum Charge Rate</td></tr><tr><td class=\"confluenceTd\">7</td><td class=\"confluenceTd\">132</td><td class=\"confluenceTd\">138</td><td class=\"confluenceTd\">N</td><td class=\"confluenceTd\">9(7)</td><td class=\"confluenceTd\">Tier 5 -- Short Option Minimum Charge Rate</td></tr></tbody></table></div><p><strong>Notes:</strong></p><ol><li>Type &quot;S&quot; records are optional. If not present for a combined commodity, scanning method &quot;01&quot; -- standard scanning -- is assumed.<br/><br/></li><li>The tier fields are not meaningful for scanning methods &quot;01&quot; or &quot;02&quot;.\u00a0<br/><br/></li><li>If there are more than five scanning tiers and/or intercommodity spread tiers for a combined commodity, additional type &quot;S&quot; records follow the first immediately.<br/>\u00a0</li><li>If values are provided which are non-null, non-blank or non-zero in the &quot;Starting Contract Day or Week Code&quot; or &quot;Ending Contract Day or Week Code&quot; fields, then these should be appended to the starting contract month or ending contract month fields, respectively, in order to determine the true starting or ending contract period code for the tier.<br/><br/>For example, suppose the Tier 1 Starting Contract Month field contains\u00a0<strong>200406</strong>, the Tier 1 Ending Contract Month field contains\u00a0<strong>200412</strong>, the Tier 1 Starting Contract Day or Week Code contains\u00a0<strong>12</strong>, and the Tier 1 Ending Contract Day or Week Code contains\u00a0<strong>23</strong>.\u00a0 This means that the starting period code for the tier is\u00a0<strong>20041212</strong>\u00a0(the 12th of December, 2004), and the ending period code for the tier is\u00a0<strong>20041223</strong>.<br/><br/>Normally in SPAN delta periods are defined only to the month level, and in this case the starting and ending periods for a tier are specific to the month.\u00a0 However, it is possible, for futures or forwards with period codes specific to the day, to have delta periods to the day.\u00a0 In this case, it may similarly be desired to make the starting or ending periods of a tier be specific to the day.<br/>\u00a0</li><li>Support for tiered short option minimum charge rates (method code &quot;30&quot;) was added in November 2010, although it has long been supported in the XML-format SPAN files.</li></ol>"
        }
    },
    "status": "current",
    "title": "Type S - Expanded Format and Paris Expanded",
    "id": "457411852",
    "_links": {
        "editui": "/pages/resumedraft.action?draftId=457411852",
        "webui": "/spaces/pubsub/pages/457411852/Type+S+-+Expanded+Format+and+Paris+Expanded",
        "edituiv2": "/spaces/pubsub/pages/edit-v2/457411852",
        "tinyui": "/x/DI1DGw",
        "base": "https://cmegroupclientsite.atlassian.net/wiki"
    }
}