{
    "data": [
        {
            "type": "heading",
            "text": "Layout for bytes 7-68 if the Intracommodity Spread Charge Method Code is any valueexcept'10':"
        },
        {
            "type": "heading",
            "text": "Layout for bytes 7-68 if the Intracommodity Spread Charge Method Code is '10':"
        },
        {
            "type": "heading",
            "text": "Layout for bytes 69-80: the Initial to Maintenance Ratios:"
        },
        {
            "type": "heading",
            "text": "Notes:"
        },
        {
            "type": "confluence_tables",
            "text": [
                {
                    "headers": [
                        "Length",
                        "From",
                        "To",
                        "Datatype",
                        "Format",
                        "Description and Comments"
                    ],
                    "rows": [
                        {
                            "cells": [
                                "1",
                                "1",
                                "1",
                                "AN",
                                "X",
                                "Record ID - \"3\""
                            ],
                            "links": []
                        },
                        {
                            "cells": [
                                "3",
                                "2",
                                "4",
                                "AN",
                                "X(3)",
                                "Combined Commodity Code"
                            ],
                            "links": []
                        },
                        {
                            "cells": [
                                "2",
                                "5",
                                "6",
                                "AN",
                                "X(2)",
                                "Intracommodity (Intermonth) Spread Charge Method Code"
                            ],
                            "links": []
                        }
                    ]
                },
                {
                    "headers": [
                        "Length",
                        "From",
                        "To",
                        "Datatype",
                        "Format",
                        "Description and Comments"
                    ],
                    "rows": [
                        {
                            "cells": [
                                "4",
                                "7",
                                "10",
                                "N",
                                "9(4)",
                                "Break Month for front to back spreads -- the last front month, in the formatYYMM"
                            ],
                            "links": []
                        },
                        {
                            "cells": [
                                "7",
                                "11",
                                "17",
                                "N",
                                "9(7)",
                                "Intracommodity Spread Rate 1: Standard, Front Months, or Per-Spread Rate"
                            ],
                            "links": []
                        },
                        {
                            "cells": [
                                "7",
                                "18",
                                "24",
                                "N",
                                "9(7)",
                                "Intracommodity Spread Rate 2: Back Months, or Per-Month Rate"
                            ],
                            "links": []
                        },
                        {
                            "cells": [
                                "7",
                                "25",
                                "31",
                                "N",
                                "9(7)",
                                "Intracommodity Spread Rate 3: Front Months to Back Months, or Flat-Rate"
                            ],
                            "links": []
                        },
                        {
                            "cells": [
                                "7",
                                "32",
                                "38",
                                "N",
                                "9(7)",
                                "Intracommodity Spread Rate 4"
                            ],
                            "links": []
                        },
                        {
                            "cells": [
                                "7",
                                "39",
                                "45",
                                "N",
                                "9(7)",
                                "Intracommodity Spread Rate 5"
                            ],
                            "links": []
                        },
                        {
                            "cells": [
                                "7",
                                "46",
                                "52",
                                "N",
                                "9(7)",
                                "Intracommodity Spread Rate 6"
                            ],
                            "links": []
                        },
                        {
                            "cells": [
                                "7",
                                "53",
                                "59",
                                "N",
                                "9(7)",
                                "Intracommodity Spread Rate 7"
                            ],
                            "links": []
                        },
                        {
                            "cells": [
                                "7",
                                "60",
                                "66",
                                "N",
                                "9(7)",
                                "Intracommodity Spread Rate 8"
                            ],
                            "links": []
                        },
                        {
                            "cells": [
                                "2",
                                "67",
                                "68",
                                "-",
                                "-",
                                "Filler"
                            ],
                            "links": []
                        }
                    ]
                },
                {
                    "headers": [
                        "Length",
                        "From",
                        "To",
                        "Datatype",
                        "Format",
                        "Description and Comments"
                    ],
                    "rows": [
                        {
                            "cells": [
                                "2",
                                "7",
                                "8",
                                "N",
                                "9(2)",
                                "Tier 1 Tier Number"
                            ],
                            "links": []
                        },
                        {
                            "cells": [
                                "6",
                                "9",
                                "14",
                                "N",
                                "9(6)",
                                "Tier 1 Starting Contract Month asCCYYMM"
                            ],
                            "links": []
                        },
                        {
                            "cells": [
                                "6",
                                "15",
                                "20",
                                "N",
                                "9(6)",
                                "Tier 1 Ending Contract Month asCCYYMM"
                            ],
                            "links": []
                        },
                        {
                            "cells": [
                                "2",
                                "21",
                                "22",
                                "N",
                                "9(2)",
                                "Tier 2 Tier Number"
                            ],
                            "links": []
                        },
                        {
                            "cells": [
                                "6",
                                "23",
                                "28",
                                "N",
                                "9(6)",
                                "Tier 2 Starting Contract Month asCCYYMM"
                            ],
                            "links": []
                        },
                        {
                            "cells": [
                                "6",
                                "29",
                                "34",
                                "N",
                                "9(6)",
                                "Tier 2 Ending Contract Month asCCYYMM"
                            ],
                            "links": []
                        },
                        {
                            "cells": [
                                "2",
                                "35",
                                "36",
                                "N",
                                "9(2)",
                                "Tier 3 Tier Number"
                            ],
                            "links": []
                        },
                        {
                            "cells": [
                                "6",
                                "37",
                                "42",
                                "N",
                                "9(6)",
                                "Tier 3 Starting Contract Month asCCYYMM"
                            ],
                            "links": []
                        },
                        {
                            "cells": [
                                "6",
                                "43",
                                "48",
                                "N",
                                "9(6)",
                                "Tier 3 Ending Contract Month asCCYYMM"
                            ],
                            "links": []
                        },
                        {
                            "cells": [
                                "2",
                                "49",
                                "50",
                                "N",
                                "9(2)",
                                "Tier 4 Tier Number"
                            ],
                            "links": []
                        },
                        {
                            "cells": [
                                "6",
                                "51",
                                "56",
                                "N",
                                "9(6)",
                                "Tier 4 Starting Contract Month asCCYYMM"
                            ],
                            "links": []
                        },
                        {
                            "cells": [
                                "6",
                                "57",
                                "62",
                                "N",
                                "9(6)",
                                "Tier 4 Ending Contract Month asCCYYMM"
                            ],
                            "links": []
                        },
                        {
                            "cells": [
                                "6",
                                "63",
                                "68",
                                "-",
                                "-",
                                "Filler"
                            ],
                            "links": []
                        }
                    ]
                },
                {
                    "headers": [
                        "Length",
                        "From",
                        "To",
                        "Datatype",
                        "Format",
                        "Description and Comments"
                    ],
                    "rows": [
                        {
                            "cells": [
                                "4",
                                "69",
                                "72",
                                "N",
                                "9V9(3)",
                                "Initial to Maintenance Ratio -- Member Accounts"
                            ],
                            "links": []
                        },
                        {
                            "cells": [
                                "4",
                                "73",
                                "76",
                                "N",
                                "9V9(3)",
                                "Initial to Maintenance Ratio -- Hedger Accounts"
                            ],
                            "links": []
                        },
                        {
                            "cells": [
                                "4",
                                "77",
                                "80",
                                "N",
                                "9V9(3)",
                                "Initial to Maintenance Ratio -- Speculator Accounts"
                            ],
                            "links": []
                        }
                    ]
                }
            ]
        }
    ],
    "page_id": "457411562",
    "child_page_ids": []
}