{
    "data": [
        {
            "type": "heading",
            "text": "The portfolio dialog box will now display, and you can start entering data for the portfolio.\u00a0 When you are done, click on theOKbutton (or pressEnter) to save the portfolio.\u00a0 (If you change your mind and don't want to save the portfolio, just select theCancelbutton.)"
        },
        {
            "type": "heading",
            "text": "Like any tabbed dialog box, you can switch among the different tabs either by clicking on the tab, or by pressingCtrl-Tab.\u00a0 For example, you can quickly move from the portfolio tab to the positions tab by pressingCtrl-Tab, and you can quickly return to the portfolio tab by pressingShift-Ctrl-Tab."
        },
        {
            "type": "heading",
            "text": "After making any changes to the portfolio -- either on the portfolio tab or the positions tab -- be sure to selectOKif you want the portfolio data to be updated.\u00a0 The portfolio data will not be updated until and less you do this."
        },
        {
            "type": "confluence_tables",
            "text": []
        }
    ],
    "page_id": "457411067",
    "child_page_ids": []
}