{
    "data": [
        {
            "type": "link",
            "text": "Combined Commodities",
            "url": "https://cmegroupclientsite.atlassian.net/wiki/spaces/pubsub/pages/457313720/Combined+Commodities",
            "data-linked-resource-id": "457313720",
            "data-linked-resource-type": "page"
        },
        {
            "type": "link",
            "text": "Risk Arrays",
            "url": "https://cmegroupclientsite.atlassian.net/wiki/spaces/pubsub/pages/457083458/Risk+Arrays",
            "data-linked-resource-id": "457083458",
            "data-linked-resource-type": "page"
        },
        {
            "type": "link",
            "text": "Contracts",
            "url": "https://cmegroupclientsite.atlassian.net/wiki/spaces/pubsub/pages/457083512/Contracts",
            "data-linked-resource-id": "457083512",
            "data-linked-resource-type": "page"
        },
        {
            "type": "link",
            "text": "Intra Tiers",
            "url": "https://cmegroupclientsite.atlassian.net/wiki/spaces/pubsub/pages/457313965/Intra+Tiers",
            "data-linked-resource-id": "457313965",
            "data-linked-resource-type": "page"
        },
        {
            "type": "link",
            "text": "Intra Spreads",
            "url": "https://cmegroupclientsite.atlassian.net/wiki/spaces/pubsub/pages/457083637/Intra+Spreads",
            "data-linked-resource-id": "457083637",
            "data-linked-resource-type": "page"
        },
        {
            "type": "link",
            "text": "Spot Periods",
            "url": "https://cmegroupclientsite.atlassian.net/wiki/spaces/pubsub/pages/457411427/Spot+Periods",
            "data-linked-resource-id": "457411427",
            "data-linked-resource-type": "page"
        },
        {
            "type": "link",
            "text": "Scan Tiers",
            "url": "https://cmegroupclientsite.atlassian.net/wiki/spaces/pubsub/pages/457083698/Scan+Tiers",
            "data-linked-resource-id": "457083698",
            "data-linked-resource-type": "page"
        },
        {
            "type": "link",
            "text": "Exchange Rates",
            "url": "https://cmegroupclientsite.atlassian.net/wiki/spaces/pubsub/pages/457214950/Exchange+Rates",
            "data-linked-resource-id": "457214950",
            "data-linked-resource-type": "page"
        },
        {
            "type": "link",
            "text": "Risk Arrays - Standard",
            "url": "https://cmegroupclientsite.atlassian.net/wiki/spaces/pubsub/pages/457411520/Risk+Arrays+-+Standard",
            "data-linked-resource-id": "457411520",
            "data-linked-resource-type": "page"
        },
        {
            "type": "link",
            "text": "Inter Tiers",
            "url": "https://cmegroupclientsite.atlassian.net/wiki/spaces/pubsub/pages/457083792/Inter+Tiers",
            "data-linked-resource-id": "457083792",
            "data-linked-resource-type": "page"
        },
        {
            "type": "link",
            "text": "SOM Tiers",
            "url": "https://cmegroupclientsite.atlassian.net/wiki/spaces/pubsub/pages/457314197/SOM+Tiers",
            "data-linked-resource-id": "457314197",
            "data-linked-resource-type": "page"
        },
        {
            "type": "link",
            "text": "Rate IDs",
            "url": "https://cmegroupclientsite.atlassian.net/wiki/spaces/pubsub/pages/457215043/Rate+IDs",
            "data-linked-resource-id": "457215043",
            "data-linked-resource-type": "page"
        },
        {
            "type": "link",
            "text": "Inter Exchange Spreads",
            "url": "https://cmegroupclientsite.atlassian.net/wiki/spaces/pubsub/pages/457411624/Inter+Exchange+Spreads",
            "data-linked-resource-id": "457411624",
            "data-linked-resource-type": "page"
        },
        {
            "type": "link",
            "text": "Risk Scenarios",
            "url": "https://cmegroupclientsite.atlassian.net/wiki/spaces/pubsub/pages/457215098/Risk+Scenarios",
            "data-linked-resource-id": "457215098",
            "data-linked-resource-type": "page"
        },
        {
            "type": "link",
            "text": "Scan Rate Tiers",
            "url": "https://cmegroupclientsite.atlassian.net/wiki/spaces/pubsub/pages/457314312/Scan+Rate+Tiers",
            "data-linked-resource-id": "457314312",
            "data-linked-resource-type": "page"
        },
        {
            "type": "link",
            "text": "Inter Spreads",
            "url": "https://cmegroupclientsite.atlassian.net/wiki/spaces/pubsub/pages/457083999/Inter+Spreads",
            "data-linked-resource-id": "457083999",
            "data-linked-resource-type": "page"
        },
        {
            "type": "link",
            "text": "Products",
            "url": "https://cmegroupclientsite.atlassian.net/wiki/spaces/pubsub/pages/457084023/Products",
            "data-linked-resource-id": "457084023",
            "data-linked-resource-type": "page"
        },
        {
            "type": "link",
            "text": "Products by Combined Commodity",
            "url": "https://cmegroupclientsite.atlassian.net/wiki/spaces/pubsub/pages/457084057/Products+by+Combined+Commodity",
            "data-linked-resource-id": "457084057",
            "data-linked-resource-type": "page"
        },
        {
            "type": "confluence_tables",
            "text": []
        }
    ],
    "page_id": "457411114",
    "child_page_ids": [
        "457215098",
        "457314312",
        "457411624",
        "457411427",
        "457083512",
        "457314197",
        "457083637",
        "457084057",
        "457084023",
        "457083999",
        "457083698",
        "457313965",
        "457083458",
        "457214950",
        "457215043",
        "457411520",
        "457083792",
        "457313720"
    ]
}