{
    "parentId": "457214773",
    "spaceId": "457312811",
    "ownerId": "60653f79352e1e0069fb728f",
    "lastOwnerId": null,
    "createdAt": "2024-12-21T16:43:35.878Z",
    "authorId": "60653f79352e1e0069fb728f",
    "parentType": "page",
    "version": {
        "number": 1,
        "message": "",
        "minorEdit": false,
        "authorId": "60653f79352e1e0069fb728f",
        "createdAt": "2024-12-21T16:43:37.291Z"
    },
    "position": 452761487,
    "body": {
        "export_view": {
            "representation": "export_view",
            "value": "<div class=\"table-wrap\"><table class=\"confluenceTable\"><tbody><tr><th class=\"confluenceTh\">Length</th><th class=\"confluenceTh\">From</th><th class=\"confluenceTh\">To</th><th class=\"confluenceTh\">Datatype</th><th class=\"confluenceTh\">Format</th><th class=\"confluenceTh\">Description and Comments</th></tr><tr><td class=\"confluenceTd\">2</td><td class=\"confluenceTd\">1</td><td class=\"confluenceTd\">2</td><td class=\"confluenceTd\">AN</td><td class=\"confluenceTd\">X(2)</td><td class=\"confluenceTd\">Record ID - &quot;B &quot;</td></tr><tr><td class=\"confluenceTd\">3</td><td class=\"confluenceTd\">3</td><td class=\"confluenceTd\">5</td><td class=\"confluenceTd\">AN</td><td class=\"confluenceTd\">X(3)</td><td class=\"confluenceTd\">Exchange Acronym</td></tr><tr><td class=\"confluenceTd\">12</td><td class=\"confluenceTd\">6</td><td class=\"confluenceTd\">17</td><td class=\"confluenceTd\">AN</td><td class=\"confluenceTd\">X(12)</td><td class=\"confluenceTd\">Commodity Code</td></tr><tr><td class=\"confluenceTd\">5</td><td class=\"confluenceTd\">18</td><td class=\"confluenceTd\">22</td><td class=\"confluenceTd\">AN</td><td class=\"confluenceTd\">X(5)</td><td class=\"confluenceTd\">Product Type Code</td></tr><tr><td class=\"confluenceTd\">6</td><td class=\"confluenceTd\">23</td><td class=\"confluenceTd\">28</td><td class=\"confluenceTd\">N</td><td class=\"confluenceTd\">9(6)</td><td class=\"confluenceTd\">Futures Contract Month as CCYYMM</td></tr><tr><td class=\"confluenceTd\">2</td><td class=\"confluenceTd\">29</td><td class=\"confluenceTd\">30</td><td class=\"confluenceTd\">AN</td><td class=\"confluenceTd\">X(2)</td><td class=\"confluenceTd\">Futures Contract Day or Week Code</td></tr><tr><td class=\"confluenceTd\">6</td><td class=\"confluenceTd\">31</td><td class=\"confluenceTd\">36</td><td class=\"confluenceTd\">N</td><td class=\"confluenceTd\">9(6)</td><td class=\"confluenceTd\">Option Contract Month as CCYYMM</td></tr><tr><td class=\"confluenceTd\">2</td><td class=\"confluenceTd\">37</td><td class=\"confluenceTd\">38</td><td class=\"confluenceTd\">AN</td><td class=\"confluenceTd\">X(2)</td><td class=\"confluenceTd\">Option Contract Day or Week Code</td></tr><tr><td class=\"confluenceTd\">8</td><td class=\"confluenceTd\">39</td><td class=\"confluenceTd\">46</td><td class=\"confluenceTd\">N</td><td class=\"confluenceTd\">9(8)</td><td class=\"confluenceTd\">Base Volatility (as a decimal fraction)</td></tr><tr><td class=\"confluenceTd\">1</td><td class=\"confluenceTd\">47</td><td class=\"confluenceTd\">47</td><td class=\"confluenceTd\">N</td><td class=\"confluenceTd\">9</td><td class=\"confluenceTd\">Base Volatility Decimal Locator</td></tr><tr><td class=\"confluenceTd\">8</td><td class=\"confluenceTd\">48</td><td class=\"confluenceTd\">55</td><td class=\"confluenceTd\">N</td><td class=\"confluenceTd\">9(8)</td><td class=\"confluenceTd\">Volatility Scan Range (as a decimal fraction)</td></tr><tr><td class=\"confluenceTd\">1</td><td class=\"confluenceTd\">56</td><td class=\"confluenceTd\">56</td><td class=\"confluenceTd\">N</td><td class=\"confluenceTd\">9</td><td class=\"confluenceTd\">Volatility Scan Range Decimal Locator</td></tr><tr><td class=\"confluenceTd\">7</td><td class=\"confluenceTd\">57</td><td class=\"confluenceTd\">63</td><td class=\"confluenceTd\">N</td><td class=\"confluenceTd\">9(5)</td><td class=\"confluenceTd\">Futures Price Scan Range</td></tr><tr><td class=\"confluenceTd\">1</td><td class=\"confluenceTd\">64</td><td class=\"confluenceTd\">64</td><td class=\"confluenceTd\">N</td><td class=\"confluenceTd\">9</td><td class=\"confluenceTd\">Futures Price Scan Range Decimal Locator</td></tr><tr><td class=\"confluenceTd\">5</td><td class=\"confluenceTd\">65</td><td class=\"confluenceTd\">69</td><td class=\"confluenceTd\">N</td><td class=\"confluenceTd\">9(5)</td><td class=\"confluenceTd\">Extreme Move Multiplier</td></tr><tr><td class=\"confluenceTd\">1</td><td class=\"confluenceTd\">70</td><td class=\"confluenceTd\">70</td><td class=\"confluenceTd\">N</td><td class=\"confluenceTd\">9</td><td class=\"confluenceTd\">Extreme Move Multiplier Decimal Locator</td></tr><tr><td class=\"confluenceTd\">5</td><td class=\"confluenceTd\">71</td><td class=\"confluenceTd\">75</td><td class=\"confluenceTd\">N</td><td class=\"confluenceTd\">9(5)</td><td class=\"confluenceTd\">Extreme Move Covered Fraction</td></tr><tr><td class=\"confluenceTd\">1</td><td class=\"confluenceTd\">76</td><td class=\"confluenceTd\">76</td><td class=\"confluenceTd\">N</td><td class=\"confluenceTd\">9</td><td class=\"confluenceTd\">Extreme Move Covered Fraction Decimal Locator</td></tr><tr><td class=\"confluenceTd\">5</td><td class=\"confluenceTd\">77</td><td class=\"confluenceTd\">81</td><td class=\"confluenceTd\">N</td><td class=\"confluenceTd\">9(5)</td><td class=\"confluenceTd\">Interest Rate (as a decimal fraction)</td></tr><tr><td class=\"confluenceTd\">1</td><td class=\"confluenceTd\">82</td><td class=\"confluenceTd\">82</td><td class=\"confluenceTd\">N</td><td class=\"confluenceTd\">9</td><td class=\"confluenceTd\">Interest Rate Decimal Locator</td></tr><tr><td class=\"confluenceTd\">7</td><td class=\"confluenceTd\">83</td><td class=\"confluenceTd\">89</td><td class=\"confluenceTd\">N</td><td class=\"confluenceTd\">9(7)</td><td class=\"confluenceTd\">Time to Expiration (in years)</td></tr><tr><td class=\"confluenceTd\">1</td><td class=\"confluenceTd\">90</td><td class=\"confluenceTd\">90</td><td class=\"confluenceTd\">N</td><td class=\"confluenceTd\">9</td><td class=\"confluenceTd\">Time to Expiration Decimal Locator</td></tr><tr><td class=\"confluenceTd\">6</td><td class=\"confluenceTd\">91</td><td class=\"confluenceTd\">96</td><td class=\"confluenceTd\">N</td><td class=\"confluenceTd\">9(6)</td><td class=\"confluenceTd\">Lookahead Time (in years)</td></tr><tr><td class=\"confluenceTd\">1</td><td class=\"confluenceTd\">97</td><td class=\"confluenceTd\">97</td><td class=\"confluenceTd\">N</td><td class=\"confluenceTd\">9</td><td class=\"confluenceTd\">Lookahead Time Decimal Locator</td></tr><tr><td class=\"confluenceTd\">6</td><td class=\"confluenceTd\">98</td><td class=\"confluenceTd\">103</td><td class=\"confluenceTd\">N</td><td class=\"confluenceTd\">9(6)</td><td class=\"confluenceTd\">Delta Scaling Factor</td></tr><tr><td class=\"confluenceTd\">1</td><td class=\"confluenceTd\">104</td><td class=\"confluenceTd\">104</td><td class=\"confluenceTd\">N</td><td class=\"confluenceTd\">9</td><td class=\"confluenceTd\">Delta Scaling Factor Decimal Locator</td></tr><tr><td class=\"confluenceTd\">8</td><td class=\"confluenceTd\">105</td><td class=\"confluenceTd\">112</td><td class=\"confluenceTd\">N</td><td class=\"confluenceTd\">9(8)</td><td class=\"confluenceTd\">Expiration (Settlement) Date as CCYYMMDD</td></tr><tr><td class=\"confluenceTd\">12</td><td class=\"confluenceTd\">113</td><td class=\"confluenceTd\">124</td><td class=\"confluenceTd\">AN</td><td class=\"confluenceTd\">X(12)</td><td class=\"confluenceTd\">Underlying Commodity Code</td></tr><tr><td class=\"confluenceTd\">2</td><td class=\"confluenceTd\">125</td><td class=\"confluenceTd\">126</td><td class=\"confluenceTd\">AN</td><td class=\"confluenceTd\">X(2)</td><td class=\"confluenceTd\">Pricing Model</td></tr><tr><td class=\"confluenceTd\">5</td><td class=\"confluenceTd\">127</td><td class=\"confluenceTd\">131</td><td class=\"confluenceTd\">N</td><td class=\"confluenceTd\">9(5)</td><td class=\"confluenceTd\">Dividend Yield (as a decimal fraction)</td></tr><tr><td class=\"confluenceTd\">1</td><td class=\"confluenceTd\">132</td><td class=\"confluenceTd\">132</td><td class=\"confluenceTd\">N</td><td class=\"confluenceTd\">9</td><td class=\"confluenceTd\">Dividend Yield Decimal Locator</td></tr><tr><td colspan=\"1\" class=\"confluenceTd\">1</td><td colspan=\"1\" class=\"confluenceTd\">133\u00a0</td><td colspan=\"1\" class=\"confluenceTd\">134\u00a0</td><td colspan=\"1\" class=\"confluenceTd\">AN\u00a0</td><td colspan=\"1\" class=\"confluenceTd\">X\u00a0</td><td colspan=\"1\" class=\"confluenceTd\">Interest Rate Sign.\u00a0\u00a0A minus sign means negative, and blank, null, plus sign or any other value means positive.\u00a0</td></tr><tr><td colspan=\"1\" class=\"confluenceTd\">1\u00a0</td><td colspan=\"1\" class=\"confluenceTd\">133</td><td colspan=\"1\" class=\"confluenceTd\">134\u00a0</td><td colspan=\"1\" class=\"confluenceTd\">AN\u00a0</td><td colspan=\"1\" class=\"confluenceTd\">X\u00a0</td><td colspan=\"1\" class=\"confluenceTd\">Dividend Yield Sign.\u00a0 A minus sign means negative, and blank, null, plus sign or any other value means positive.\u00a0</td></tr></tbody></table></div><p><strong>Notes:</strong></p><ol><li>&quot;B&quot; records provide delta-scaling factors as well as risk array calculation parameters for either a particular futures contract, or for a particular option series -\u00a0<em>ie</em>, for all options which are identical except for their put/call code and their strike.<br/><br/></li><li><strong>Except for the delta-scaling factors, parameters contained on &quot;B&quot; records are not needed for the SPAN performance bond calculation itself.</strong>\u00a0\u00a0If &quot;B&quot; records are not provided for a particular future or option series, the delta-scaling factor for that future or that series should be defaulted to 1.00.<br/><br/></li><li>If &quot;B&quot; records are provided, then the &quot;B&quot; records for all products in a combined commodity are typically located in the SPAN file after the &quot;4&quot; record for that combined commodity.<br/><br/></li><li>&quot;B&quot; records for a futures contract will contain either zeros or spaces in the Option Contract Month and Option Contract Day fields.<br/><br/></li><li>The Option Contract Day or Week Code field is used to distinguish option series which expire at different times than the standard monthly options. \u00a0For standard monthly options, this field will contain zeros or blanks. \u00a0For other options, this field will typically contain &quot;W1&quot;, &quot;W2&quot;, etc. - for weekly options expiring in week 1 of the month, week 2 of the month, etc. - or a two-digit day of the month, for flex options or other options for which the exact expiration day is specified.\u00a0\u00a0The Futures Contract Day or Week Code is intended to be used analogously to distinguish futures which expire at different times than standard monthly futures.<br/><br/></li><li>The Price Scan Range parameter on the &quot;B&quot; record is in the performance bond currency for the combined commodity and must be multiplied by ten raised to the Risk Exponent power for that combined commodity. \u00a0The Risk Exponent is taken from the &quot;2&quot; record.<br/><br/></li><li>The Expiration (Settlement) Date for a future is the date on which its final marking price is determined. \u00a0The Expiration (Settlement) Date for an option series is the last date on which holders of options in that series can elect to exercise those options.\u00a0\u00a0Time to Expiration is determined by taking the number of calendar days between the Expiration Date and the business date of this SPAN file, and dividing by 365, with zero as a minimum value.<br/><br/></li><li>Currently supported values for the Pricing Model code are:\u00a0<strong>B</strong>\u00a0for Black (European futures options),\u00a0<strong>BS</strong>\u00a0for Black-Scholes (European physical options with no dividends),\u00a0<strong>M</strong>\u00a0for the generic Merton European option model,\u00a0<strong>WB</strong>\u00a0for &quot;Whaley Black&quot; (the Adesi-Whaley model for American futures options),\u00a0<strong>WS</strong>\u00a0for &quot;Whaley Scholes&quot; (the Adesi-Whaley model for American physical options with no dividends,\u00a0<strong>WI</strong>\u00a0for &quot;Whaley for Indices&quot; (the generic Adesi-Whaley model), and\u00a0<strong>I</strong>\u00a0for Intrinsic.<br/><br/></li><li>Product type codes are\u00a0<strong>PHY</strong>\u00a0for\u00a0<strong>Physical</strong>,\u00a0<strong>FUT</strong>\u00a0for\u00a0<strong>Future</strong>,\u00a0<strong>CMB</strong>\u00a0for\u00a0<strong>Combination</strong>,\u00a0<strong>OOP</strong>\u00a0for\u00a0<strong>Option on Physical</strong>,\u00a0<strong>OOF</strong>\u00a0for\u00a0<strong>Option on Future</strong>,\u00a0<strong>OOC</strong>\u00a0for\u00a0<strong>Option on Combination, STOCK\u00a0</strong>for<strong>\u00a0Stocks, DEBT\u00a0</strong>for<strong>\u00a0Debt,\u00a0</strong>and<strong>\u00a0OOS\u00a0</strong>for<strong>\u00a0Option on Equity</strong>.</li></ol>"
        }
    },
    "status": "current",
    "title": "Type B - Paris Expanded",
    "id": "457411644",
    "_links": {
        "editui": "/pages/resumedraft.action?draftId=457411644",
        "webui": "/spaces/pubsub/pages/457411644/Type+B+-+Paris+Expanded",
        "edituiv2": "/spaces/pubsub/pages/edit-v2/457411644",
        "tinyui": "/x/PIxDGw",
        "base": "https://cmegroupclientsite.atlassian.net/wiki"
    }
}