{
    "parentId": "457214773",
    "spaceId": "457312811",
    "ownerId": "60653f79352e1e0069fb728f",
    "lastOwnerId": null,
    "createdAt": "2024-12-21T16:43:59.059Z",
    "authorId": "60653f79352e1e0069fb728f",
    "parentType": "page",
    "version": {
        "number": 1,
        "message": "",
        "minorEdit": false,
        "authorId": "60653f79352e1e0069fb728f",
        "createdAt": "2024-12-21T16:44:00.361Z"
    },
    "position": 452765931,
    "body": {
        "export_view": {
            "representation": "export_view",
            "value": "<div class=\"table-wrap\"><table class=\"confluenceTable\"><tbody><tr><th class=\"confluenceTh\">Length</th><th class=\"confluenceTh\">From</th><th class=\"confluenceTh\">To</th><th class=\"confluenceTh\">Datatype</th><th class=\"confluenceTh\">Format</th><th class=\"confluenceTh\">Description and Comments</th></tr><tr><td class=\"confluenceTd\">2</td><td class=\"confluenceTd\">1</td><td class=\"confluenceTd\">2</td><td class=\"confluenceTd\">AN</td><td class=\"confluenceTd\">X(2)</td><td class=\"confluenceTd\">Record ID - &quot;C &quot;</td></tr><tr><td class=\"confluenceTd\">6</td><td class=\"confluenceTd\">3</td><td class=\"confluenceTd\">8</td><td class=\"confluenceTd\">AN</td><td class=\"confluenceTd\">X(6)</td><td class=\"confluenceTd\">Combined Commodity Code</td></tr><tr><td class=\"confluenceTd\">2</td><td class=\"confluenceTd\">9</td><td class=\"confluenceTd\">10</td><td class=\"confluenceTd\">AN</td><td class=\"confluenceTd\">X(2)</td><td class=\"confluenceTd\">Intracommodity Spread Method Code - &quot;10&quot;</td></tr><tr><td class=\"confluenceTd\">2</td><td class=\"confluenceTd\">11</td><td class=\"confluenceTd\">12</td><td class=\"confluenceTd\">N</td><td class=\"confluenceTd\">9(2)</td><td class=\"confluenceTd\">Spread Priority (Spread Number)</td></tr><tr><td class=\"confluenceTd\">2</td><td class=\"confluenceTd\">13</td><td class=\"confluenceTd\">14</td><td class=\"confluenceTd\">N</td><td class=\"confluenceTd\">9(2)</td><td class=\"confluenceTd\">Number of Legs</td></tr><tr><td class=\"confluenceTd\">7</td><td class=\"confluenceTd\">15</td><td class=\"confluenceTd\">21</td><td class=\"confluenceTd\">N</td><td class=\"confluenceTd\">9(7)</td><td class=\"confluenceTd\">Charge Rate</td></tr><tr><td class=\"confluenceTd\">2</td><td class=\"confluenceTd\">22</td><td class=\"confluenceTd\">23</td><td class=\"confluenceTd\">N</td><td class=\"confluenceTd\">9(2)</td><td class=\"confluenceTd\">Leg 1 - Leg number</td></tr><tr><td class=\"confluenceTd\">2</td><td class=\"confluenceTd\">24</td><td class=\"confluenceTd\">25</td><td class=\"confluenceTd\">N</td><td class=\"confluenceTd\">9(2)</td><td class=\"confluenceTd\">Leg 1 - Tier number</td></tr><tr><td class=\"confluenceTd\">2</td><td class=\"confluenceTd\">26</td><td class=\"confluenceTd\">27</td><td class=\"confluenceTd\">N</td><td class=\"confluenceTd\">9(2)</td><td class=\"confluenceTd\">Leg 1 - Delta Per Spread Ratio</td></tr><tr><td class=\"confluenceTd\">1</td><td class=\"confluenceTd\">28</td><td class=\"confluenceTd\">28</td><td class=\"confluenceTd\">A</td><td class=\"confluenceTd\">A</td><td class=\"confluenceTd\">Leg 1 - Market Side (<strong>A</strong>\u00a0or\u00a0<strong>B</strong>)</td></tr><tr><td class=\"confluenceTd\">2</td><td class=\"confluenceTd\">29</td><td class=\"confluenceTd\">30</td><td class=\"confluenceTd\">N</td><td class=\"confluenceTd\">9(2)</td><td class=\"confluenceTd\">Leg 2 - Leg number</td></tr><tr><td class=\"confluenceTd\">2</td><td class=\"confluenceTd\">31</td><td class=\"confluenceTd\">32</td><td class=\"confluenceTd\">N</td><td class=\"confluenceTd\">9(2)</td><td class=\"confluenceTd\">Leg 2 - Tier number</td></tr><tr><td class=\"confluenceTd\">2</td><td class=\"confluenceTd\">33</td><td class=\"confluenceTd\">34</td><td class=\"confluenceTd\">N</td><td class=\"confluenceTd\">9(2)</td><td class=\"confluenceTd\">Leg 2 - Delta Per Spread Ratio</td></tr><tr><td class=\"confluenceTd\">1</td><td class=\"confluenceTd\">35</td><td class=\"confluenceTd\">35</td><td class=\"confluenceTd\">A</td><td class=\"confluenceTd\">A</td><td class=\"confluenceTd\">Leg 2 - Market Side (<strong>A</strong>\u00a0or\u00a0<strong>B</strong>)</td></tr><tr><td class=\"confluenceTd\">2</td><td class=\"confluenceTd\">36</td><td class=\"confluenceTd\">37</td><td class=\"confluenceTd\">N</td><td class=\"confluenceTd\">9(2)</td><td class=\"confluenceTd\">Leg 3 - Leg number</td></tr><tr><td class=\"confluenceTd\">2</td><td class=\"confluenceTd\">38</td><td class=\"confluenceTd\">39</td><td class=\"confluenceTd\">N</td><td class=\"confluenceTd\">9(2)</td><td class=\"confluenceTd\">Leg 3 - Tier number</td></tr><tr><td class=\"confluenceTd\">2</td><td class=\"confluenceTd\">40</td><td class=\"confluenceTd\">41</td><td class=\"confluenceTd\">N</td><td class=\"confluenceTd\">9(2)</td><td class=\"confluenceTd\">Leg 3 - Delta Per Spread Ratio</td></tr><tr><td class=\"confluenceTd\">1</td><td class=\"confluenceTd\">42</td><td class=\"confluenceTd\">42</td><td class=\"confluenceTd\">A</td><td class=\"confluenceTd\">A</td><td class=\"confluenceTd\">Leg 3 - Market Side (<strong>A</strong>\u00a0or\u00a0<strong>B</strong>)</td></tr><tr><td class=\"confluenceTd\">2</td><td class=\"confluenceTd\">43</td><td class=\"confluenceTd\">44</td><td class=\"confluenceTd\">N</td><td class=\"confluenceTd\">9(2)</td><td class=\"confluenceTd\">Leg 4 - Leg number</td></tr><tr><td class=\"confluenceTd\">2</td><td class=\"confluenceTd\">45</td><td class=\"confluenceTd\">46</td><td class=\"confluenceTd\">N</td><td class=\"confluenceTd\">9(2)</td><td class=\"confluenceTd\">Leg 4 - Tier number</td></tr><tr><td class=\"confluenceTd\">2</td><td class=\"confluenceTd\">47</td><td class=\"confluenceTd\">48</td><td class=\"confluenceTd\">N</td><td class=\"confluenceTd\">9(2)</td><td class=\"confluenceTd\">Leg 4 - Delta Per Spread Ratio</td></tr><tr><td class=\"confluenceTd\">1</td><td class=\"confluenceTd\">49</td><td class=\"confluenceTd\">49</td><td class=\"confluenceTd\">A</td><td class=\"confluenceTd\">A</td><td class=\"confluenceTd\">Leg 4 - Market Side (<strong>A</strong>\u00a0or\u00a0<strong>B</strong>)</td></tr><tr><td class=\"confluenceTd\">2</td><td class=\"confluenceTd\">50</td><td class=\"confluenceTd\">51</td><td class=\"confluenceTd\">N</td><td class=\"confluenceTd\">9(2)</td><td class=\"confluenceTd\">Leg 5 - Leg number</td></tr><tr><td class=\"confluenceTd\">2</td><td class=\"confluenceTd\">52</td><td class=\"confluenceTd\">53</td><td class=\"confluenceTd\">N</td><td class=\"confluenceTd\">9(2)</td><td class=\"confluenceTd\">Leg 5 - Tier number</td></tr><tr><td class=\"confluenceTd\">2</td><td class=\"confluenceTd\">54</td><td class=\"confluenceTd\">55</td><td class=\"confluenceTd\">N</td><td class=\"confluenceTd\">9(2)</td><td class=\"confluenceTd\">Leg 5 - Delta Per Spread Ratio</td></tr><tr><td class=\"confluenceTd\">1</td><td class=\"confluenceTd\">56</td><td class=\"confluenceTd\">56</td><td class=\"confluenceTd\">A</td><td class=\"confluenceTd\">A</td><td class=\"confluenceTd\">Leg 5 - Market Side (<strong>A</strong>\u00a0or\u00a0<strong>B</strong>)</td></tr><tr><td class=\"confluenceTd\">2</td><td class=\"confluenceTd\">57</td><td class=\"confluenceTd\">58</td><td class=\"confluenceTd\">N</td><td class=\"confluenceTd\">9(2)</td><td class=\"confluenceTd\">Leg 6 - Leg number</td></tr><tr><td class=\"confluenceTd\">2</td><td class=\"confluenceTd\">59</td><td class=\"confluenceTd\">60</td><td class=\"confluenceTd\">N</td><td class=\"confluenceTd\">9(2)</td><td class=\"confluenceTd\">Leg 6 - Tier number</td></tr><tr><td class=\"confluenceTd\">2</td><td class=\"confluenceTd\">61</td><td class=\"confluenceTd\">62</td><td class=\"confluenceTd\">N</td><td class=\"confluenceTd\">9(2)</td><td class=\"confluenceTd\">Leg 6 - Delta Per Spread Ratio</td></tr><tr><td class=\"confluenceTd\">1</td><td class=\"confluenceTd\">63</td><td class=\"confluenceTd\">63</td><td class=\"confluenceTd\">A</td><td class=\"confluenceTd\">A</td><td class=\"confluenceTd\">Leg 6 - Market Side (<strong>A</strong>\u00a0or\u00a0<strong>B</strong>)</td></tr><tr><td class=\"confluenceTd\">2</td><td class=\"confluenceTd\">64</td><td class=\"confluenceTd\">65</td><td class=\"confluenceTd\">N</td><td class=\"confluenceTd\">9(2)</td><td class=\"confluenceTd\">Leg 7 - Leg number</td></tr><tr><td class=\"confluenceTd\">2</td><td class=\"confluenceTd\">66</td><td class=\"confluenceTd\">67</td><td class=\"confluenceTd\">N</td><td class=\"confluenceTd\">9(2)</td><td class=\"confluenceTd\">Leg 7 - Tier number</td></tr><tr><td class=\"confluenceTd\">2</td><td class=\"confluenceTd\">68</td><td class=\"confluenceTd\">69</td><td class=\"confluenceTd\">N</td><td class=\"confluenceTd\">9(2)</td><td class=\"confluenceTd\">Leg 7 - Delta Per Spread Ratio</td></tr><tr><td class=\"confluenceTd\">1</td><td class=\"confluenceTd\">70</td><td class=\"confluenceTd\">70</td><td class=\"confluenceTd\">A</td><td class=\"confluenceTd\">A</td><td class=\"confluenceTd\">Leg 7 - Market Side (<strong>A</strong>\u00a0or\u00a0<strong>B</strong>)</td></tr><tr><td class=\"confluenceTd\">2</td><td class=\"confluenceTd\">71</td><td class=\"confluenceTd\">72</td><td class=\"confluenceTd\">N</td><td class=\"confluenceTd\">9(2)</td><td class=\"confluenceTd\">Leg 8 - Leg number</td></tr><tr><td class=\"confluenceTd\">2</td><td class=\"confluenceTd\">73</td><td class=\"confluenceTd\">74</td><td class=\"confluenceTd\">N</td><td class=\"confluenceTd\">9(2)</td><td class=\"confluenceTd\">Leg 8 - Tier number</td></tr><tr><td class=\"confluenceTd\">2</td><td class=\"confluenceTd\">75</td><td class=\"confluenceTd\">76</td><td class=\"confluenceTd\">N</td><td class=\"confluenceTd\">9(2)</td><td class=\"confluenceTd\">Leg 8 - Delta Per Spread Ratio</td></tr><tr><td class=\"confluenceTd\">1</td><td class=\"confluenceTd\">77</td><td class=\"confluenceTd\">77</td><td class=\"confluenceTd\">A</td><td class=\"confluenceTd\">A</td><td class=\"confluenceTd\">Leg 8 - Market Side (<strong>A</strong>\u00a0or\u00a0<strong>B</strong>)</td></tr><tr><td class=\"confluenceTd\">55</td><td class=\"confluenceTd\">78</td><td class=\"confluenceTd\">132</td><td class=\"confluenceTd\">-</td><td class=\"confluenceTd\">-</td><td class=\"confluenceTd\">Filler</td></tr></tbody></table></div><p><strong>Notes:</strong></p><ol><li>Type &quot;C&quot; records are subrecords of the type &quot;3&quot; - intracommodity spread parameters - record for a combined commodity, and typically follow that record immediately. Each one provides data about a particular tier to tier intracommodity spread for that combined commodity.<br/><br/></li><li>Up to 8 legs are supported on a particular &quot;C&quot; record -- if more than 8 legs are defined for a particular spread, additional &quot;C&quot; records with the same spread priority number follow the first one immediately.</li></ol>"
        }
    },
    "status": "current",
    "title": "Type C - Expanded Format and Paris Expanded",
    "id": "457411817",
    "_links": {
        "editui": "/pages/resumedraft.action?draftId=457411817",
        "webui": "/spaces/pubsub/pages/457411817/Type+C+-+Expanded+Format+and+Paris+Expanded",
        "edituiv2": "/spaces/pubsub/pages/edit-v2/457411817",
        "tinyui": "/x/6YxDGw",
        "base": "https://cmegroupclientsite.atlassian.net/wiki"
    }
}