{
    "data": [
        {
            "type": "heading",
            "text": "Main Variable"
        },
        {
            "type": "heading",
            "text": "Step Size"
        },
        {
            "type": "heading",
            "text": "Step Size Specified as"
        },
        {
            "type": "heading",
            "text": "Number of Steps"
        },
        {
            "type": "heading",
            "text": "Secondary Variable"
        },
        {
            "type": "heading",
            "text": "Maint/InitMargin"
        },
        {
            "type": "heading",
            "text": "Combined Commodities With Positions and Combined Commodity Selection"
        },
        {
            "type": "heading",
            "text": "Multicommodity Analysis with a Secondary Variable"
        },
        {
            "type": "heading",
            "text": "Saving Scenarios"
        },
        {
            "type": "heading",
            "text": "Exporting Data"
        },
        {
            "type": "heading",
            "text": "Risk Graph"
        },
        {
            "type": "confluence_tables",
            "text": []
        }
    ],
    "page_id": "457411398",
    "child_page_ids": []
}