{
    "parentId": "457083133",
    "spaceId": "457312811",
    "ownerId": "60653f79352e1e0069fb728f",
    "lastOwnerId": null,
    "createdAt": "2024-12-21T16:42:44.426Z",
    "authorId": "60653f79352e1e0069fb728f",
    "parentType": "page",
    "version": {
        "number": 1,
        "message": "",
        "minorEdit": false,
        "authorId": "60653f79352e1e0069fb728f",
        "createdAt": "2024-12-21T16:42:45.761Z"
    },
    "position": 403442708,
    "body": {
        "export_view": {
            "representation": "export_view",
            "value": "<p>This report shows the intracommodity spread charges for each Combined Commodity.\u00a0 It further breaks the intracommodity spreads down by original and remaining delta.</p><p><strong>Exch Cmplx:\u00a0\u00a0\u00a0 Exchange Complex</strong></p><p>The exchange complex, clearing organization or cross margining agreement.\u00a0 The Exchange Complex contains the set of Combined Commodities for a single exchange, clearing organization or cross margining agreement (although in some cases the Exchange Complex may have more than one exchange).\u00a0 To view the complete listing of Exchange Complexes refer to the Exchanges report under the reports Master folder.</p><p><strong>Comb Comm:\u00a0\u00a0\u00a0 Combined Commodity</strong></p><p>The set of all eligible products used to generate a total requirement for each Exchange Complex within a portfolio.\u00a0 A Combined Commodity generally consists of all products of the same underlying physical. For example, at the CME, the Eurodollar combined commodity encompasses Mid-Curve options, Eurodollars and Eurodollar options.\u00a0 To view the complete listing of Combined Commodities, refer to the Combined Commodities report under the Risk Parameters folder.</p><p><strong>Level:</strong>\u00a0 The breakdown of the scanning risk calculations for net and gross portfolios.\u00a0 The scan scenario is shown as net for a net portfolio, but\u00a0 for a gross portfolio scan risk calculations are categorized by inter, intra and naked.</p><p><strong>Class:\u00a0\u00a0\u00a0 </strong>Specifies the different levels of performance bond requirements.\u00a0 This allows an exchange or clearing organization to divide its performance bond requirement into different, acceptable forms of collateral.</p><p><strong>Maint/Init:</strong>\u00a0\u00a0 Identifies whether a performance bond requirement is a Maintenance Requirement or an Initial Requirement.</p><p><strong>Intracom Charge:\u00a0\u00a0\u00a0 Intracommodity Charge</strong></p><p>Additional charge that covers the calendar basis risk that may exist for portfolios containing futures and options with different expirations.</p><p><strong>Tier No.:\u00a0 </strong>A tier is a set of consecutive contract expirations for one Combined Commodity.\u00a0 The tier number refers to a series of contract expirations within a tier.\u00a0 Overall is used to identify all contract expirations in a Combined Commodity.</p><p><strong>Original Delta:</strong>\u00a0 The total delta for a product before any the intracommodity/intercommodity/interexchange spreading has been calculated.\u00a0 Here the original delta is broken down to Long and Short positions</p><p><strong>Remaining Delta:</strong>\u00a0 Total delta left for a product after all the intracommodity/intercommodity/interexchange spreading has been calculated.\u00a0 Here the Remaining delta is broken down to Long and Short positions</p>"
        }
    },
    "status": "current",
    "title": "Intracommodity Spreading Tier Requirements Report",
    "id": "457411133",
    "_links": {
        "editui": "/pages/resumedraft.action?draftId=457411133",
        "webui": "/spaces/pubsub/pages/457411133/Intracommodity+Spreading+Tier+Requirements+Report",
        "edituiv2": "/spaces/pubsub/pages/edit-v2/457411133",
        "tinyui": "/x/PYpDGw",
        "base": "https://cmegroupclientsite.atlassian.net/wiki"
    }
}