{
    "data": [
        {
            "type": "heading",
            "text": "Notes:"
        },
        {
            "type": "confluence_tables",
            "text": [
                {
                    "headers": [
                        "Length",
                        "From",
                        "To",
                        "Datatype",
                        "Format",
                        "Description and Comments"
                    ],
                    "rows": [
                        {
                            "cells": [
                                "1",
                                "1",
                                "1",
                                "AN",
                                "X",
                                "Record ID - \"V\""
                            ],
                            "links": []
                        },
                        {
                            "cells": [
                                "2",
                                "2",
                                "3",
                                "AN",
                                "X(2)",
                                "Exchange Code"
                            ],
                            "links": []
                        },
                        {
                            "cells": [
                                "2",
                                "4",
                                "5",
                                "AN",
                                "X(2)",
                                "Product (\"commodity\") Code"
                            ],
                            "links": []
                        },
                        {
                            "cells": [
                                "6",
                                "6",
                                "11",
                                "AN",
                                "X(6)",
                                "Futures Contract Month - asCCYYMM"
                            ],
                            "links": []
                        },
                        {
                            "cells": [
                                "8",
                                "12",
                                "19",
                                "AN",
                                "X(8)",
                                "Business Date - asCCYYMMDD"
                            ],
                            "links": []
                        },
                        {
                            "cells": [
                                "13",
                                "20",
                                "32",
                                "N",
                                "9(5)V9(8)",
                                "Daily Adjustment Rate - Long"
                            ],
                            "links": []
                        },
                        {
                            "cells": [
                                "1",
                                "33",
                                "33",
                                "A",
                                "X",
                                "Daily adjustment-Long sign -\"-\"ifpremiumor\"+\"ifdiscount"
                            ],
                            "links": []
                        },
                        {
                            "cells": [
                                "1",
                                "34",
                                "34",
                                "A",
                                "X",
                                "Daily adjustment-Long premium/discount -\"P\"or\"D\""
                            ],
                            "links": []
                        },
                        {
                            "cells": [
                                "13",
                                "35",
                                "47",
                                "N",
                                "9(5)V9(8)",
                                "Daily Adjustment Rate - Short, or Cumulative Adjustment Rate"
                            ],
                            "links": []
                        },
                        {
                            "cells": [
                                "1",
                                "48",
                                "48",
                                "A",
                                "X",
                                "Daily Rate-Short, or Cumulative Rate sign -\"-\"ifpremiumor\"+\"ifdiscount"
                            ],
                            "links": []
                        },
                        {
                            "cells": [
                                "1",
                                "49",
                                "49",
                                "A",
                                "X",
                                "Daily Rate-Short, or Cumulative Rate premium/discount -\"P\"or\"D\""
                            ],
                            "links": []
                        },
                        {
                            "cells": [
                                "1",
                                "50",
                                "50",
                                "A",
                                "X",
                                "Short Rate Flag --Smeans that the rate in bytes 35-47 is the Daily Rate for Short positions.\u00a0 Any other value means that this rate is the Cumulative Adjustment Rate for Long positions."
                            ],
                            "links": []
                        },
                        {
                            "cells": [
                                "3",
                                "51",
                                "53",
                                "N",
                                "9V9(2)",
                                "Long position value maintenance rate - for example,\"100\"for 1.00"
                            ],
                            "links": []
                        },
                        {
                            "cells": [
                                "3",
                                "54",
                                "56",
                                "N",
                                "9V9(2)",
                                "Short position value maintenance rate - for example,\"050\"for 0.50"
                            ],
                            "links": []
                        },
                        {
                            "cells": [
                                "1",
                                "57",
                                "57",
                                "A",
                                "X",
                                "Reset long margin price flag -\"Y\"or\"N\""
                            ],
                            "links": []
                        },
                        {
                            "cells": [
                                "3",
                                "58",
                                "60",
                                "N",
                                "9V9(2)",
                                "Reset long down threshhold"
                            ],
                            "links": []
                        },
                        {
                            "cells": [
                                "3",
                                "61",
                                "63",
                                "N",
                                "9V9(2)",
                                "Reset long up threshhold"
                            ],
                            "links": []
                        },
                        {
                            "cells": [
                                "1",
                                "64",
                                "64",
                                "A",
                                "X",
                                "Reset short margin price flag -\"Y\"or\"N\""
                            ],
                            "links": []
                        },
                        {
                            "cells": [
                                "3",
                                "65",
                                "67",
                                "N",
                                "9V9(2)",
                                "Reset short down threshhold"
                            ],
                            "links": []
                        },
                        {
                            "cells": [
                                "3",
                                "68",
                                "70",
                                "N",
                                "9V9(2)",
                                "Reset short up threshhold"
                            ],
                            "links": []
                        },
                        {
                            "cells": [
                                "6",
                                "71",
                                "76",
                                "AN",
                                "X(6)",
                                "Value Maintenance Product Class"
                            ],
                            "links": []
                        },
                        {
                            "cells": [
                                "4",
                                "77",
                                "80",
                                "-",
                                "-",
                                "Filler"
                            ],
                            "links": []
                        }
                    ]
                }
            ]
        }
    ],
    "page_id": "457411768",
    "child_page_ids": []
}