{
    "parentId": "457214773",
    "spaceId": "457312811",
    "ownerId": "60653f79352e1e0069fb728f",
    "lastOwnerId": null,
    "createdAt": "2024-12-21T16:44:21.046Z",
    "authorId": "60653f79352e1e0069fb728f",
    "parentType": "page",
    "version": {
        "number": 1,
        "message": "",
        "minorEdit": false,
        "authorId": "60653f79352e1e0069fb728f",
        "createdAt": "2024-12-21T16:44:22.331Z"
    },
    "position": 452770223,
    "body": {
        "export_view": {
            "representation": "export_view",
            "value": "<div class=\"table-wrap\"><table class=\"wrapped confluenceTable\"><tbody><tr><th class=\"confluenceTh\">Length</th><th class=\"confluenceTh\">From</th><th class=\"confluenceTh\">To</th><th class=\"confluenceTh\">Datatype</th><th class=\"confluenceTh\">Format</th><th class=\"confluenceTh\">Description and Comments</th></tr><tr><td class=\"confluenceTd\">2</td><td class=\"confluenceTd\">1</td><td class=\"confluenceTd\">2</td><td class=\"confluenceTd\">AN</td><td class=\"confluenceTd\">X(2)</td><td class=\"confluenceTd\">Record ID - &quot;4 &quot;</td></tr><tr><td class=\"confluenceTd\">6</td><td class=\"confluenceTd\">3</td><td class=\"confluenceTd\">8</td><td class=\"confluenceTd\">AN</td><td class=\"confluenceTd\">X(6)</td><td class=\"confluenceTd\">Combined Commodity Code</td></tr><tr><td class=\"confluenceTd\">2</td><td class=\"confluenceTd\">9</td><td class=\"confluenceTd\">10</td><td class=\"confluenceTd\">AN</td><td class=\"confluenceTd\">X(2)</td><td class=\"confluenceTd\">Delivery (Spot) Charge Method Code</td></tr></tbody></table></div><p><strong>Layout for bytes 11-62 if the Delivery Charge Method Code is &quot;10&quot;, the &quot;table-driven&quot; method:</strong></p><div class=\"table-wrap\"><table class=\"wrapped confluenceTable\"><colgroup><col/><col/><col/><col/><col/><col/></colgroup><tbody><tr><th class=\"confluenceTh\">Length</th><th class=\"confluenceTh\">From</th><th class=\"confluenceTh\">To</th><th class=\"confluenceTh\">Datatype</th><th class=\"confluenceTh\">Format</th><th class=\"confluenceTh\">Description and Comments</th></tr><tr><td class=\"confluenceTd\">2</td><td class=\"confluenceTd\">11</td><td class=\"confluenceTd\">12</td><td class=\"confluenceTd\">N</td><td class=\"confluenceTd\">9(2)</td><td class=\"confluenceTd\">Number of contract months in delivery</td></tr><tr><td class=\"confluenceTd\">2</td><td class=\"confluenceTd\">13</td><td class=\"confluenceTd\">14</td><td class=\"confluenceTd\">N</td><td class=\"confluenceTd\">9(2)</td><td class=\"confluenceTd\">Delivery Month 1 - Month Number</td></tr><tr><td class=\"confluenceTd\">6</td><td class=\"confluenceTd\">15</td><td class=\"confluenceTd\">20</td><td class=\"confluenceTd\">N</td><td class=\"confluenceTd\">9(6)</td><td class=\"confluenceTd\">Delivery Month 1 - Contract Month as\u00a0<strong>CCYYMM</strong></td></tr><tr><td class=\"confluenceTd\">7</td><td class=\"confluenceTd\">21</td><td class=\"confluenceTd\">27</td><td class=\"confluenceTd\">N</td><td class=\"confluenceTd\">9(7)</td><td class=\"confluenceTd\">Delivery Month 1 - Charge Rate Per Delta Consumed By Spreads</td></tr><tr><td class=\"confluenceTd\">7</td><td class=\"confluenceTd\">28</td><td class=\"confluenceTd\">34</td><td class=\"confluenceTd\">N</td><td class=\"confluenceTd\">9(7)</td><td class=\"confluenceTd\">Delivery Month 1 - Charge Rate Per Delta Remaining In Outrights</td></tr><tr><td class=\"confluenceTd\">2</td><td class=\"confluenceTd\">35</td><td class=\"confluenceTd\">36</td><td class=\"confluenceTd\">N</td><td class=\"confluenceTd\">9(2)</td><td class=\"confluenceTd\">Delivery Month 2 - Month Number</td></tr><tr><td class=\"confluenceTd\">6</td><td class=\"confluenceTd\">37</td><td class=\"confluenceTd\">42</td><td class=\"confluenceTd\">N</td><td class=\"confluenceTd\">9(6)</td><td class=\"confluenceTd\">Delivery Month 2 - Contract Month as\u00a0<strong>CCYYMM</strong></td></tr><tr><td class=\"confluenceTd\">7</td><td class=\"confluenceTd\">43</td><td class=\"confluenceTd\">49</td><td class=\"confluenceTd\">N</td><td class=\"confluenceTd\">9(7)</td><td class=\"confluenceTd\">Delivery Month 2 - Charge Rate Per Delta Consumed By Spreads</td></tr><tr><td class=\"confluenceTd\">7</td><td class=\"confluenceTd\">50</td><td class=\"confluenceTd\">56</td><td class=\"confluenceTd\">N</td><td class=\"confluenceTd\">9(7)</td><td class=\"confluenceTd\">Delivery Month 2 - Charge Rate Per Delta Remaining In Outrights</td></tr><tr><td colspan=\"1\" class=\"confluenceTd\">\u00a02</td><td colspan=\"1\" class=\"confluenceTd\">57\u00a0</td><td colspan=\"1\" class=\"confluenceTd\">58\u00a0</td><td colspan=\"1\" class=\"confluenceTd\">AN\u00a0</td><td colspan=\"1\" class=\"confluenceTd\">X(2)\u00a0</td><td colspan=\"1\" class=\"confluenceTd\">Delivery Month 1 Contract Day or Week Code</td></tr><tr><td colspan=\"1\" class=\"confluenceTd\">\u00a02</td><td colspan=\"1\" class=\"confluenceTd\">59</td><td colspan=\"1\" class=\"confluenceTd\">60\u00a0</td><td colspan=\"1\" class=\"confluenceTd\">AN\u00a0</td><td colspan=\"1\" class=\"confluenceTd\">X(2)\u00a0</td><td colspan=\"1\" class=\"confluenceTd\">Delivery Month 2 Contract Day or Week Code</td></tr><tr><td class=\"confluenceTd\">2</td><td class=\"confluenceTd\">61</td><td class=\"confluenceTd\">62</td><td class=\"confluenceTd\">-</td><td class=\"confluenceTd\">-</td><td class=\"confluenceTd\">Filler</td></tr></tbody></table></div><p><strong>Layout for bytes 11-62 if the Delivery Charge Method Code is &quot;11&quot;, the &quot;basis risk&quot; method:</strong></p><div class=\"table-wrap\"><table class=\"wrapped confluenceTable\"><colgroup><col/><col/><col/><col/><col/><col/></colgroup><tbody><tr><th class=\"confluenceTh\">Length</th><th class=\"confluenceTh\">From</th><th class=\"confluenceTh\">To</th><th class=\"confluenceTh\">Datatype</th><th class=\"confluenceTh\">Format</th><th class=\"confluenceTh\">Description and Comments</th></tr><tr><td class=\"confluenceTd\">10</td><td class=\"confluenceTd\">11</td><td class=\"confluenceTd\">20</td><td class=\"confluenceTd\">AN</td><td class=\"confluenceTd\">X(10)</td><td class=\"confluenceTd\">Spot commodity ( product) code</td></tr><tr><td class=\"confluenceTd\">7</td><td class=\"confluenceTd\">21</td><td class=\"confluenceTd\">27</td><td class=\"confluenceTd\">N</td><td class=\"confluenceTd\">9(7)</td><td class=\"confluenceTd\">Basis Risk Charge Rate</td></tr><tr><td class=\"confluenceTd\">35</td><td class=\"confluenceTd\">28</td><td class=\"confluenceTd\">62</td><td class=\"confluenceTd\">-</td><td class=\"confluenceTd\">-</td><td class=\"confluenceTd\">Filler</td></tr></tbody></table></div><p><strong>Layout for bytes 63-132:</strong></p><div class=\"table-wrap\"><table class=\"wrapped confluenceTable\"><colgroup><col/><col/><col/><col/><col/><col/></colgroup><tbody><tr><th class=\"confluenceTh\">Length</th><th class=\"confluenceTh\">From</th><th class=\"confluenceTh\">To</th><th class=\"confluenceTh\">Datatype</th><th class=\"confluenceTh\">Format</th><th class=\"confluenceTh\">Description and Comments</th></tr><tr><td class=\"confluenceTd\">7</td><td class=\"confluenceTd\">63</td><td class=\"confluenceTd\">69</td><td class=\"confluenceTd\">N</td><td class=\"confluenceTd\">9(7)</td><td class=\"confluenceTd\">Short Option Minimum Charge Rate</td></tr><tr><td class=\"confluenceTd\">3</td><td class=\"confluenceTd\">70</td><td class=\"confluenceTd\">72</td><td class=\"confluenceTd\">N</td><td class=\"confluenceTd\">9V9(2)</td><td class=\"confluenceTd\">Risk Maintenance Performance Bond Adjustment Factor -- Members</td></tr><tr><td class=\"confluenceTd\">3</td><td class=\"confluenceTd\">73</td><td class=\"confluenceTd\">75</td><td class=\"confluenceTd\">N</td><td class=\"confluenceTd\">9V9(2)</td><td class=\"confluenceTd\">Risk Maintenance Performance Bond Adjustment Factor -- Hedgers or accounts with a Non-Heightened Risk Profile (NHRP)</td></tr><tr><td class=\"confluenceTd\">3</td><td class=\"confluenceTd\">76</td><td class=\"confluenceTd\">78</td><td class=\"confluenceTd\">N</td><td class=\"confluenceTd\">9V9(2)</td><td class=\"confluenceTd\">Risk Maintenance Performance Bond Adjustment Factor -- Speculators or accounts with a Heightened Risk Profile (HRP)</td></tr><tr><td class=\"confluenceTd\">1</td><td class=\"confluenceTd\">79</td><td class=\"confluenceTd\">79</td><td class=\"confluenceTd\">AN</td><td class=\"confluenceTd\">X</td><td class=\"confluenceTd\">Short Option Minimum Calculation Method --\u00a0<strong>blank</strong>\u00a0or\u00a0<strong>2</strong>\u00a0means the original method, based on the\u00a0<strong>sum of the number of short calls and short puts</strong>.\u00a0\u00a0<strong>1</strong>\u00a0means the new method, based on\u00a0<strong>the greater of the number or short calls or short puts</strong>.</td></tr><tr><td class=\"confluenceTd\">53</td><td class=\"confluenceTd\">80</td><td class=\"confluenceTd\">132</td><td class=\"confluenceTd\">-</td><td class=\"confluenceTd\">-</td><td class=\"confluenceTd\">Filler</td></tr></tbody></table></div><p><strong>Notes:</strong></p><ol><li>Delivery (Spot) Charge Method &quot;01&quot; means that there is no spot charge.<br/><br/></li><li>Delivery (Spot) Charge Methods &quot;02&quot;, &quot;03&quot;, &quot;04&quot;, &quot;05&quot;, &quot;06&quot;, &quot;07&quot; and &quot;08&quot; are not supported on the expanded-unpacked format, and are intended to be replaced by the table-driven method &quot;10&quot; in the future.<br/><br/></li><li>For Delivery (Spot) Charge Method &quot;10&quot; (the\u00a0<strong>table-driven</strong>\u00a0calculation), any number of delivery months may be defined. Two such months may be specified per type &quot;4&quot; record. If there are more than two delivery months for a particular combined commodity using this method, then the additional delivery months are specified on additional type &quot;4&quot; records which immediately follow the first.<br/><br/></li><li>If any of the Risk Maintenance Performance Bond Adjustment Factors contains only zeros, blanks or nulls (or if these bytes are not present due to truncation of blanks at the end of the record), it should be defaulted to\u00a0<strong>1.00</strong>.<br/><br/></li><li>The Short Option Minimum Calculation Method in byte 79 reflects the different methods for determining the number of short options to be charged for.\u00a0\u00a0<strong>2</strong>\u00a0is the default value and means, take the sum of the number of short calls and short puts.\u00a0\u00a0<strong>1</strong>\u00a0means, take the greater of the number of short calls or the number of short puts.</li></ol>"
        }
    },
    "status": "current",
    "title": "Type 4 - Expanded",
    "id": "457411883",
    "_links": {
        "editui": "/pages/resumedraft.action?draftId=457411883",
        "webui": "/spaces/pubsub/pages/457411883/Type+4+-+Expanded",
        "edituiv2": "/spaces/pubsub/pages/edit-v2/457411883",
        "tinyui": "/x/K41DGw",
        "base": "https://cmegroupclientsite.atlassian.net/wiki"
    }
}