{
    "data": [
        {
            "type": "heading",
            "text": "Layout for bytes 11-62 if the Delivery Charge Method Code is \"10\", the \"table-driven\" method:"
        },
        {
            "type": "heading",
            "text": "Layout for bytes 11-62 if the Delivery Charge Method Code is \"11\", the \"basis risk\" method:"
        },
        {
            "type": "heading",
            "text": "Layout for bytes 63-132:"
        },
        {
            "type": "heading",
            "text": "Notes:"
        },
        {
            "type": "confluence_tables",
            "text": [
                {
                    "headers": [
                        "Length",
                        "From",
                        "To",
                        "Datatype",
                        "Format",
                        "Description and Comments"
                    ],
                    "rows": [
                        {
                            "cells": [
                                "2",
                                "1",
                                "2",
                                "AN",
                                "X(2)",
                                "Record ID - \"4 \""
                            ],
                            "links": []
                        },
                        {
                            "cells": [
                                "6",
                                "3",
                                "8",
                                "AN",
                                "X(6)",
                                "Combined Commodity Code"
                            ],
                            "links": []
                        },
                        {
                            "cells": [
                                "2",
                                "9",
                                "10",
                                "AN",
                                "X(2)",
                                "Delivery (Spot) Charge Method Code"
                            ],
                            "links": []
                        }
                    ]
                },
                {
                    "headers": [
                        "Length",
                        "From",
                        "To",
                        "Datatype",
                        "Format",
                        "Description and Comments"
                    ],
                    "rows": [
                        {
                            "cells": [
                                "2",
                                "11",
                                "12",
                                "N",
                                "9(2)",
                                "Number of contract months in delivery"
                            ],
                            "links": []
                        },
                        {
                            "cells": [
                                "2",
                                "13",
                                "14",
                                "N",
                                "9(2)",
                                "Delivery Month 1 - Month Number"
                            ],
                            "links": []
                        },
                        {
                            "cells": [
                                "6",
                                "15",
                                "20",
                                "N",
                                "9(6)",
                                "Delivery Month 1 - Contract Month asCCYYMM"
                            ],
                            "links": []
                        },
                        {
                            "cells": [
                                "7",
                                "21",
                                "27",
                                "N",
                                "9(7)",
                                "Delivery Month 1 - Charge Rate Per Delta Consumed By Spreads"
                            ],
                            "links": []
                        },
                        {
                            "cells": [
                                "7",
                                "28",
                                "34",
                                "N",
                                "9(7)",
                                "Delivery Month 1 - Charge Rate Per Delta Remaining In Outrights"
                            ],
                            "links": []
                        },
                        {
                            "cells": [
                                "2",
                                "35",
                                "36",
                                "N",
                                "9(2)",
                                "Delivery Month 2 - Month Number"
                            ],
                            "links": []
                        },
                        {
                            "cells": [
                                "6",
                                "37",
                                "42",
                                "N",
                                "9(6)",
                                "Delivery Month 2 - Contract Month asCCYYMM"
                            ],
                            "links": []
                        },
                        {
                            "cells": [
                                "7",
                                "43",
                                "49",
                                "N",
                                "9(7)",
                                "Delivery Month 2 - Charge Rate Per Delta Consumed By Spreads"
                            ],
                            "links": []
                        },
                        {
                            "cells": [
                                "7",
                                "50",
                                "56",
                                "N",
                                "9(7)",
                                "Delivery Month 2 - Charge Rate Per Delta Remaining In Outrights"
                            ],
                            "links": []
                        },
                        {
                            "cells": [
                                "2",
                                "57",
                                "58",
                                "AN",
                                "X(2)",
                                "Delivery Month 1 Contract Day or Week Code"
                            ],
                            "links": []
                        },
                        {
                            "cells": [
                                "2",
                                "59",
                                "60",
                                "AN",
                                "X(2)",
                                "Delivery Month 2 Contract Day or Week Code"
                            ],
                            "links": []
                        },
                        {
                            "cells": [
                                "2",
                                "61",
                                "62",
                                "-",
                                "-",
                                "Filler"
                            ],
                            "links": []
                        }
                    ]
                },
                {
                    "headers": [
                        "Length",
                        "From",
                        "To",
                        "Datatype",
                        "Format",
                        "Description and Comments"
                    ],
                    "rows": [
                        {
                            "cells": [
                                "10",
                                "11",
                                "20",
                                "AN",
                                "X(10)",
                                "Spot commodity ( product) code"
                            ],
                            "links": []
                        },
                        {
                            "cells": [
                                "7",
                                "21",
                                "27",
                                "N",
                                "9(7)",
                                "Basis Risk Charge Rate"
                            ],
                            "links": []
                        },
                        {
                            "cells": [
                                "35",
                                "28",
                                "62",
                                "-",
                                "-",
                                "Filler"
                            ],
                            "links": []
                        }
                    ]
                },
                {
                    "headers": [
                        "Length",
                        "From",
                        "To",
                        "Datatype",
                        "Format",
                        "Description and Comments"
                    ],
                    "rows": [
                        {
                            "cells": [
                                "7",
                                "63",
                                "69",
                                "N",
                                "9(7)",
                                "Short Option Minimum Charge Rate"
                            ],
                            "links": []
                        },
                        {
                            "cells": [
                                "3",
                                "70",
                                "72",
                                "N",
                                "9V9(2)",
                                "Risk Maintenance Performance Bond Adjustment Factor -- Members"
                            ],
                            "links": []
                        },
                        {
                            "cells": [
                                "3",
                                "73",
                                "75",
                                "N",
                                "9V9(2)",
                                "Risk Maintenance Performance Bond Adjustment Factor -- Hedgers or accounts with a Non-Heightened Risk Profile (NHRP)"
                            ],
                            "links": []
                        },
                        {
                            "cells": [
                                "3",
                                "76",
                                "78",
                                "N",
                                "9V9(2)",
                                "Risk Maintenance Performance Bond Adjustment Factor -- Speculators or accounts with a Heightened Risk Profile (HRP)"
                            ],
                            "links": []
                        },
                        {
                            "cells": [
                                "1",
                                "79",
                                "79",
                                "AN",
                                "X",
                                "Short Option Minimum Calculation Method --blankor2means the original method, based on thesum of the number of short calls and short puts.1means the new method, based onthe greater of the number or short calls or short puts."
                            ],
                            "links": []
                        },
                        {
                            "cells": [
                                "53",
                                "80",
                                "132",
                                "-",
                                "-",
                                "Filler"
                            ],
                            "links": []
                        }
                    ]
                }
            ]
        }
    ],
    "page_id": "457411883",
    "child_page_ids": []
}