{
    "parentId": "457214773",
    "spaceId": "457312811",
    "ownerId": "60653f79352e1e0069fb728f",
    "lastOwnerId": null,
    "createdAt": "2024-12-21T16:43:30.487Z",
    "authorId": "60653f79352e1e0069fb728f",
    "parentType": "page",
    "version": {
        "number": 1,
        "message": "",
        "minorEdit": false,
        "authorId": "60653f79352e1e0069fb728f",
        "createdAt": "2024-12-21T16:43:31.741Z"
    },
    "position": 452760853,
    "body": {
        "export_view": {
            "representation": "export_view",
            "value": "<h4 id=\"Type9-Expanded-Type&quot;91&quot;record-FirstPhysicalrecord-ExpandedFormat\">Type &quot;91&quot; record - First Physical record - Expanded Format</h4><div class=\"table-wrap\"><table class=\"confluenceTable\"><tbody><tr><th class=\"confluenceTh\">Length</th><th class=\"confluenceTh\">From</th><th class=\"confluenceTh\">To</th><th class=\"confluenceTh\">Datatype</th><th class=\"confluenceTh\">Format</th><th class=\"confluenceTh\">Description and Comments</th></tr><tr><td class=\"confluenceTd\">2</td><td class=\"confluenceTd\">1</td><td class=\"confluenceTd\">2</td><td class=\"confluenceTd\">AN</td><td class=\"confluenceTd\">X(2)</td><td class=\"confluenceTd\">Record ID - &quot;91&quot;</td></tr><tr><td class=\"confluenceTd\">3</td><td class=\"confluenceTd\">3</td><td class=\"confluenceTd\">5</td><td class=\"confluenceTd\">AN</td><td class=\"confluenceTd\">X(3)</td><td class=\"confluenceTd\">Exchange Acronym</td></tr><tr><td class=\"confluenceTd\">2</td><td class=\"confluenceTd\">6</td><td class=\"confluenceTd\">7</td><td class=\"confluenceTd\">-</td><td class=\"confluenceTd\">-</td><td class=\"confluenceTd\">Filler</td></tr><tr><td class=\"confluenceTd\">10</td><td class=\"confluenceTd\">8</td><td class=\"confluenceTd\">17</td><td class=\"confluenceTd\">AN</td><td class=\"confluenceTd\">X(10)</td><td class=\"confluenceTd\">Target Commodity (Product) Code</td></tr><tr><td class=\"confluenceTd\">6</td><td class=\"confluenceTd\">18</td><td class=\"confluenceTd\">23</td><td class=\"confluenceTd\">N</td><td class=\"confluenceTd\">9(6)</td><td class=\"confluenceTd\">Target Contract Month as CCYYMM</td></tr><tr><td class=\"confluenceTd\">3</td><td class=\"confluenceTd\">24</td><td class=\"confluenceTd\">26</td><td class=\"confluenceTd\">-</td><td class=\"confluenceTd\">-</td><td class=\"confluenceTd\">Filler</td></tr><tr><td class=\"confluenceTd\">3</td><td class=\"confluenceTd\">27</td><td class=\"confluenceTd\">29</td><td class=\"confluenceTd\">AN</td><td class=\"confluenceTd\">X(3)</td><td class=\"confluenceTd\">Issuing Country Code</td></tr><tr><td class=\"confluenceTd\">2</td><td class=\"confluenceTd\">30</td><td class=\"confluenceTd\">31</td><td class=\"confluenceTd\">-</td><td class=\"confluenceTd\">-</td><td class=\"confluenceTd\">Filler</td></tr><tr><td class=\"confluenceTd\">15</td><td class=\"confluenceTd\">32</td><td class=\"confluenceTd\">46</td><td class=\"confluenceTd\">AN</td><td class=\"confluenceTd\">X(15)</td><td class=\"confluenceTd\">CUSIP or ISIN or other primary instrument ID</td></tr><tr><td class=\"confluenceTd\">3</td><td class=\"confluenceTd\">47</td><td class=\"confluenceTd\">49</td><td class=\"confluenceTd\">AN</td><td class=\"confluenceTd\">X(3)</td><td class=\"confluenceTd\">Currency of Denomination - ISO code</td></tr><tr><td class=\"confluenceTd\">1</td><td class=\"confluenceTd\">50</td><td class=\"confluenceTd\">50</td><td class=\"confluenceTd\">AN</td><td class=\"confluenceTd\">X</td><td class=\"confluenceTd\">Currency of Denomination - 1-byte code</td></tr><tr><td class=\"confluenceTd\">8</td><td class=\"confluenceTd\">51</td><td class=\"confluenceTd\">58</td><td class=\"confluenceTd\">N</td><td class=\"confluenceTd\">9(8)</td><td class=\"confluenceTd\">Maturity Date as CCYYMMDD</td></tr><tr><td class=\"confluenceTd\">5</td><td class=\"confluenceTd\">59</td><td class=\"confluenceTd\">63</td><td class=\"confluenceTd\">N</td><td class=\"confluenceTd\">9(2)V9(3)</td><td class=\"confluenceTd\">Coupon Rate (in percent)</td></tr><tr><td class=\"confluenceTd\">9</td><td class=\"confluenceTd\">64</td><td class=\"confluenceTd\">72</td><td class=\"confluenceTd\">N</td><td class=\"confluenceTd\">9(2)V9(7)</td><td class=\"confluenceTd\">Physical Conversion Factor</td></tr><tr><td class=\"confluenceTd\">60</td><td class=\"confluenceTd\">73</td><td class=\"confluenceTd\">132</td><td class=\"confluenceTd\">-</td><td class=\"confluenceTd\">-</td><td class=\"confluenceTd\">Filler</td></tr></tbody></table></div><hr/><h4 id=\"Type9-Expanded-Type&quot;92&quot;record-SecondPhysicalrecord-ExpandedFormat\">Type &quot;92&quot; record - Second Physical record - Expanded Format</h4><div class=\"table-wrap\"><table class=\"confluenceTable\"><tbody><tr><th class=\"confluenceTh\">Length</th><th class=\"confluenceTh\">From</th><th class=\"confluenceTh\">To</th><th class=\"confluenceTh\">Datatype</th><th class=\"confluenceTh\">Format</th><th class=\"confluenceTh\">Description and Comments</th></tr><tr><td class=\"confluenceTd\">2</td><td class=\"confluenceTd\">1</td><td class=\"confluenceTd\">2</td><td class=\"confluenceTd\">AN</td><td class=\"confluenceTd\">X(2)</td><td class=\"confluenceTd\">Record ID - &quot;92&quot;</td></tr><tr><td class=\"confluenceTd\">3</td><td class=\"confluenceTd\">3</td><td class=\"confluenceTd\">5</td><td class=\"confluenceTd\">AN</td><td class=\"confluenceTd\">X(3)</td><td class=\"confluenceTd\">Exchange Acronym</td></tr><tr><td class=\"confluenceTd\">2</td><td class=\"confluenceTd\">6</td><td class=\"confluenceTd\">7</td><td class=\"confluenceTd\">-</td><td class=\"confluenceTd\">-</td><td class=\"confluenceTd\">Filler</td></tr><tr><td class=\"confluenceTd\">10</td><td class=\"confluenceTd\">8</td><td class=\"confluenceTd\">17</td><td class=\"confluenceTd\">AN</td><td class=\"confluenceTd\">X(10)</td><td class=\"confluenceTd\">Target Commodity (Product) Code</td></tr><tr><td class=\"confluenceTd\">6</td><td class=\"confluenceTd\">18</td><td class=\"confluenceTd\">23</td><td class=\"confluenceTd\">N</td><td class=\"confluenceTd\">9(6)</td><td class=\"confluenceTd\">Target Contract Month as CCYYMM</td></tr><tr><td class=\"confluenceTd\">3</td><td class=\"confluenceTd\">24</td><td class=\"confluenceTd\">26</td><td class=\"confluenceTd\">-</td><td class=\"confluenceTd\">-</td><td class=\"confluenceTd\">Filler</td></tr><tr><td class=\"confluenceTd\">3</td><td class=\"confluenceTd\">27</td><td class=\"confluenceTd\">29</td><td class=\"confluenceTd\">AN</td><td class=\"confluenceTd\">X(3)</td><td class=\"confluenceTd\">Issuing Country Code</td></tr><tr><td class=\"confluenceTd\">2</td><td class=\"confluenceTd\">30</td><td class=\"confluenceTd\">31</td><td class=\"confluenceTd\">-</td><td class=\"confluenceTd\">-</td><td class=\"confluenceTd\">Filler</td></tr><tr><td class=\"confluenceTd\">15</td><td class=\"confluenceTd\">32</td><td class=\"confluenceTd\">46</td><td class=\"confluenceTd\">AN</td><td class=\"confluenceTd\">X(15)</td><td class=\"confluenceTd\">CUSIP or ISIN or other primary instrument ID</td></tr><tr><td class=\"confluenceTd\">50</td><td class=\"confluenceTd\">47</td><td class=\"confluenceTd\">96</td><td class=\"confluenceTd\">AN</td><td class=\"confluenceTd\">X(50)</td><td class=\"confluenceTd\">Instrument Description</td></tr><tr><td class=\"confluenceTd\">10</td><td class=\"confluenceTd\">97</td><td class=\"confluenceTd\">106</td><td class=\"confluenceTd\">N</td><td class=\"confluenceTd\">9(4)V9(6)</td><td class=\"confluenceTd\">Long-Bond-Equivalence Factor</td></tr><tr><td class=\"confluenceTd\">26</td><td class=\"confluenceTd\">107</td><td class=\"confluenceTd\">132</td><td class=\"confluenceTd\">-</td><td class=\"confluenceTd\">-</td><td class=\"confluenceTd\">Filler</td></tr></tbody></table></div><hr/><h4 id=\"Type9-Expanded-Notes:\"><strong>Notes:</strong></h4><p><span class=\"legacy-color-text-default\">\u00a0</span></p><ol><li><strong>The\u00a0<strong>type 9</strong>\u00a0records</strong>\u00a0are for physical securities, such as U.S. Treasury bonds, bills and notes, which are margined in SPAN on an equivalent basis -- in other words, by transforming positions in those securities into an equivalent futures positions.\u00a0 Each such physical debt security may give rise to equivalent positions in any number of specific futures contracts.<br/><br/></li><li>The type &quot;91&quot; records specify, for a given debt security, a particular futures contract in which an equivalent position is created, and the conversion factor to use in creating that equivalent position.\u00a0 F<strong>or each debt security, there may be any number of &quot;91&quot; records</strong>, each specifying a paticular futures contract in which an equivalent position is created.\u00a0<br/><br/></li><li>The physical conversion factor is provided as the value\u00a0<strong>per $1,000 in par value</strong>.<br/><br/></li><li>The type &quot;92&quot; records provide a 50-byte instrument description field. \u00a0 They also repeat the equivalent-contract product and contract month code fields. \u00a0 These fields may be left blank or ignored, and it is not necessary to have a &quot;92&quot; record for each &quot;91&quot; record.\u00a0 In other words, one or more &quot;92&quot; records may be provided for each debt security.<br/><br/></li><li>The\u00a0<strong>Long-Bond-Equivalence Factor</strong>\u00a0is an optional value which specifies the relative riskiness of this particular security compared to the so-called &quot;long bond.&quot;\u00a0 LBE factors are\u00a0<strong>divisors</strong>:\u00a0 to calculate the long-bond-equivalent position in a particular security,\u00a0<strong>divide</strong>\u00a0the par value by the LBE factor.</li></ol>"
        }
    },
    "status": "current",
    "title": "Type 9 - Expanded",
    "id": "457411595",
    "_links": {
        "editui": "/pages/resumedraft.action?draftId=457411595",
        "webui": "/spaces/pubsub/pages/457411595/Type+9+-+Expanded",
        "edituiv2": "/spaces/pubsub/pages/edit-v2/457411595",
        "tinyui": "/x/C4xDGw",
        "base": "https://cmegroupclientsite.atlassian.net/wiki"
    }
}