{
    "data": [
        {
            "type": "heading",
            "text": "Interexchange Spreads"
        },
        {
            "type": "heading",
            "text": "Priority:Span assigns a Priority number to every spread.\u00a0 This Priority will determine which spreads in a portfolio will be used first."
        },
        {
            "type": "heading",
            "text": "Legs:"
        },
        {
            "type": "heading",
            "text": "Rates:"
        },
        {
            "type": "confluence_tables",
            "text": []
        }
    ],
    "page_id": "457411624",
    "child_page_ids": []
}