{
    "parentId": "457083480",
    "ownerId": "60653f79352e1e0069fb728f",
    "lastOwnerId": null,
    "createdAt": "2024-12-21T16:43:49.346Z",
    "authorId": "60653f79352e1e0069fb728f",
    "parentType": "page",
    "version": {
        "number": 1,
        "message": "",
        "minorEdit": false,
        "authorId": "60653f79352e1e0069fb728f",
        "createdAt": "2024-12-21T16:43:50.499Z"
    },
    "position": 474968333,
    "body": {
        "export_view": {
            "representation": "export_view",
            "value": "<div class=\"table-wrap\"><table class=\"confluenceTable\"><tbody><tr><th class=\"confluenceTh\">Length</th><th class=\"confluenceTh\">From</th><th class=\"confluenceTh\">To</th><th class=\"confluenceTh\">Datatype</th><th class=\"confluenceTh\">Format</th><th class=\"confluenceTh\">Description and Comments</th></tr><tr><td class=\"confluenceTd\">1</td><td class=\"confluenceTd\">1</td><td class=\"confluenceTd\">1</td><td class=\"confluenceTd\">AN</td><td class=\"confluenceTd\">X</td><td class=\"confluenceTd\">Record ID - &quot;V&quot;</td></tr><tr><td class=\"confluenceTd\">2</td><td class=\"confluenceTd\">2</td><td class=\"confluenceTd\">3</td><td class=\"confluenceTd\">AN</td><td class=\"confluenceTd\">X(2)</td><td class=\"confluenceTd\">Exchange Code</td></tr><tr><td class=\"confluenceTd\">2</td><td class=\"confluenceTd\">4</td><td class=\"confluenceTd\">5</td><td class=\"confluenceTd\">AN</td><td class=\"confluenceTd\">X(2)</td><td class=\"confluenceTd\">Product (&quot;commodity&quot;) Code</td></tr><tr><td class=\"confluenceTd\">6</td><td class=\"confluenceTd\">6</td><td class=\"confluenceTd\">11</td><td class=\"confluenceTd\">AN</td><td class=\"confluenceTd\">X(6)</td><td class=\"confluenceTd\">Futures Contract Month - as\u00a0<strong>CCYYMM</strong></td></tr><tr><td class=\"confluenceTd\">8</td><td class=\"confluenceTd\">12</td><td class=\"confluenceTd\">19</td><td class=\"confluenceTd\">AN</td><td class=\"confluenceTd\">X(8)</td><td class=\"confluenceTd\">Business Date - as\u00a0<strong>CCYYMMDD</strong></td></tr><tr><td class=\"confluenceTd\">13</td><td class=\"confluenceTd\">20</td><td class=\"confluenceTd\">32</td><td class=\"confluenceTd\">N</td><td class=\"confluenceTd\">9(5)V9(8)</td><td class=\"confluenceTd\">Daily Adjustment Rate - Long</td></tr><tr><td class=\"confluenceTd\">1</td><td class=\"confluenceTd\">33</td><td class=\"confluenceTd\">33</td><td class=\"confluenceTd\">A</td><td class=\"confluenceTd\">X</td><td class=\"confluenceTd\">Daily adjustment-Long sign -\u00a0<strong>&quot;-&quot;</strong>\u00a0if\u00a0<strong>premium</strong>\u00a0or\u00a0<strong>&quot;+&quot;</strong>\u00a0if\u00a0<strong>discount</strong></td></tr><tr><td class=\"confluenceTd\">1</td><td class=\"confluenceTd\">34</td><td class=\"confluenceTd\">34</td><td class=\"confluenceTd\">A</td><td class=\"confluenceTd\">X</td><td class=\"confluenceTd\">Daily adjustment-Long premium/discount -\u00a0<strong>&quot;P&quot;</strong>\u00a0or\u00a0<strong>&quot;D&quot;</strong></td></tr><tr><td class=\"confluenceTd\">13</td><td class=\"confluenceTd\">35</td><td class=\"confluenceTd\">47</td><td class=\"confluenceTd\">N</td><td class=\"confluenceTd\">9(5)V9(8)</td><td class=\"confluenceTd\">Daily Adjustment Rate - Short, or Cumulative Adjustment Rate</td></tr><tr><td class=\"confluenceTd\">1</td><td class=\"confluenceTd\">48</td><td class=\"confluenceTd\">48</td><td class=\"confluenceTd\">A</td><td class=\"confluenceTd\">X</td><td class=\"confluenceTd\">Daily Rate-Short, or Cumulative Rate sign -\u00a0<strong>&quot;-&quot;</strong>\u00a0if\u00a0<strong>premium</strong>\u00a0or\u00a0<strong>&quot;+&quot;</strong>\u00a0if\u00a0<strong>discount</strong></td></tr><tr><td class=\"confluenceTd\">1</td><td class=\"confluenceTd\">49</td><td class=\"confluenceTd\">49</td><td class=\"confluenceTd\">A</td><td class=\"confluenceTd\">X</td><td class=\"confluenceTd\">Daily Rate-Short, or Cumulative Rate premium/discount -\u00a0<strong>&quot;P&quot;</strong>\u00a0or\u00a0<strong>&quot;D&quot;</strong></td></tr><tr><td class=\"confluenceTd\">1</td><td class=\"confluenceTd\">50</td><td class=\"confluenceTd\">50</td><td class=\"confluenceTd\">A</td><td class=\"confluenceTd\">X</td><td class=\"confluenceTd\">Short Rate Flag --\u00a0<strong>S</strong>\u00a0means that the rate in bytes 35-47 is the Daily Rate for Short positions.\u00a0 Any other value means that this rate is the Cumulative Adjustment Rate for Long positions.</td></tr><tr><td class=\"confluenceTd\">3</td><td class=\"confluenceTd\">51</td><td class=\"confluenceTd\">53</td><td class=\"confluenceTd\">N</td><td class=\"confluenceTd\">9V9(2)</td><td class=\"confluenceTd\">Long position value maintenance rate - for example,\u00a0<strong>&quot;100&quot;</strong>\u00a0for 1.00</td></tr><tr><td class=\"confluenceTd\">3</td><td class=\"confluenceTd\">54</td><td class=\"confluenceTd\">56</td><td class=\"confluenceTd\">N</td><td class=\"confluenceTd\">9V9(2)</td><td class=\"confluenceTd\">Short position value maintenance rate - for example,\u00a0<strong>&quot;050&quot;</strong>\u00a0for 0.50</td></tr><tr><td class=\"confluenceTd\">1</td><td class=\"confluenceTd\">57</td><td class=\"confluenceTd\">57</td><td class=\"confluenceTd\">A</td><td class=\"confluenceTd\">X</td><td class=\"confluenceTd\">Reset long margin price flag -\u00a0<strong>&quot;Y&quot;\u00a0</strong>or\u00a0<strong>&quot;N&quot;</strong></td></tr><tr><td class=\"confluenceTd\">3</td><td class=\"confluenceTd\">58</td><td class=\"confluenceTd\">60</td><td class=\"confluenceTd\">N</td><td class=\"confluenceTd\">9V9(2)</td><td class=\"confluenceTd\">Reset long down threshhold</td></tr><tr><td class=\"confluenceTd\">3</td><td class=\"confluenceTd\">61</td><td class=\"confluenceTd\">63</td><td class=\"confluenceTd\">N</td><td class=\"confluenceTd\">9V9(2)</td><td class=\"confluenceTd\">Reset long up threshhold</td></tr><tr><td class=\"confluenceTd\">1</td><td class=\"confluenceTd\">64</td><td class=\"confluenceTd\">64</td><td class=\"confluenceTd\">A</td><td class=\"confluenceTd\">X</td><td class=\"confluenceTd\">Reset short margin price flag -\u00a0<strong>&quot;Y&quot;\u00a0</strong>or\u00a0<strong>&quot;N&quot;</strong></td></tr><tr><td class=\"confluenceTd\">3</td><td class=\"confluenceTd\">65</td><td class=\"confluenceTd\">67</td><td class=\"confluenceTd\">N</td><td class=\"confluenceTd\">9V9(2)</td><td class=\"confluenceTd\">Reset short down threshhold</td></tr><tr><td class=\"confluenceTd\">3</td><td class=\"confluenceTd\">68</td><td class=\"confluenceTd\">70</td><td class=\"confluenceTd\">N</td><td class=\"confluenceTd\">9V9(2)</td><td class=\"confluenceTd\">Reset short up threshhold</td></tr><tr><td class=\"confluenceTd\">6</td><td class=\"confluenceTd\">71</td><td class=\"confluenceTd\">76</td><td class=\"confluenceTd\">AN</td><td class=\"confluenceTd\">X(6)</td><td class=\"confluenceTd\">Value Maintenance Product Class</td></tr><tr><td class=\"confluenceTd\">4</td><td class=\"confluenceTd\">77</td><td class=\"confluenceTd\">80</td><td class=\"confluenceTd\">-</td><td class=\"confluenceTd\">-</td><td class=\"confluenceTd\">Filler</td></tr></tbody></table></div><p><strong>Notes:</strong></p><ol><li>Type &quot;V&quot; record(s) in the unpacked or packed-format SPAN file pertain only to futures contracts.\u00a0 The presence of a type &quot;V&quot; record for a futures contract indicates that this is a\u00a0<strong>TRAKRS<sup>SM</sup>\u00a0</strong>product.\u00a0 Such products behave like Rolling Spot\u00ae products previously traded at CME:\u00a0 there is a financing cost, called the Daily Adjustment, associated with rolling the position from one day to the next.\u00a0 The Daily Adjustment cash flows are banked together with normal settlement variation.\u00a0 A combined commodity containing such futures will contain\u00a0<strong>only</strong>\u00a0futures which are valued in this manner, and no other products.\u00a0\u00a0<br/>\u00a0</li><li>Although the format supports having a type &quot;V&quot; record for each business day since the specified contract first became eligible to trade, the SPAN file will typically contain only a type &quot;V&quot; record for the current business day.\u00a0 To obtain the rates for each business day since the contract became eligible to trade, obtain the\u00a0<strong>Daily Adjustment History File</strong>, which PC-SPAN\u00ae reads, and which is available in both a positional and an XML-based format.<br/>\u00a0</li><li>The Daily Adjustment Rate contains the rate to roll a single long position from the specified business day to the following business day.\u00a0 The Cumulative Adjustment Rate contains the cumulative rate since the contract became eligible to trade, up to the current business day.\u00a0 A negative rate --\u00a0<em>ie,\u00a0</em>a rate at a &quot;premium&quot;, implies a cash flow from the long to the short.\u00a0 A positive rate --\u00a0<em>ie,\u00a0</em>a rate at a &quot;discount&quot;, implies a cash flow from the short to the long.<br/>\u00a0</li><li>For non-QIB customer accounts, the scan risk is determined using the &quot;Value Maintenance&quot; method; parameters which drive this calculation are contained on this record.<br/>\u00a0\u00a0\u00a0</li><li>Value Maintenance Product Class\u00a0will be either &quot;TRAKRS&quot; or &quot;GSCIER&quot;, with blank value defaulting to &quot;TRAKRS&quot;\u00a0</li></ol>"
        }
    },
    "status": "current",
    "title": "Type V Record - Standard",
    "spaceId": "457312811",
    "id": "457411768",
    "_links": {
        "editui": "/pages/resumedraft.action?draftId=457411768",
        "webui": "/spaces/pubsub/pages/457411768/Type+V+Record+-+Standard",
        "edituiv2": "/spaces/pubsub/pages/edit-v2/457411768",
        "tinyui": "/x/uIxDGw",
        "base": "https://cmegroupclientsite.atlassian.net/wiki"
    }
}