{
    "parentId": "457313476",
    "ownerId": "60653f79352e1e0069fb728f",
    "lastOwnerId": null,
    "createdAt": "2024-12-21T16:42:42.423Z",
    "authorId": "60653f79352e1e0069fb728f",
    "parentType": "page",
    "position": 417556326,
    "version": {
        "number": 1,
        "message": "",
        "minorEdit": false,
        "authorId": "60653f79352e1e0069fb728f",
        "createdAt": "2024-12-21T16:42:44.112Z"
    },
    "body": {
        "export_view": {
            "representation": "export_view",
            "value": "<p>\u00a0Often, PC-SPAN users would like to issue one command which would accomplish some or all of the following:</p><ul><li>Load one or more SPAN risk parameter files</li><li>Load a position file</li><li>Calculate performance bond requirements</li><li>Save the results to a SPAN document file</li><li>Create reports showing the performance bond requirements for each portfolio and the positions in each portfolio</li><li>Create reports showing product data and risk array data</li><li>Create a datafile from which the performance bond requirement data can be imported into other application(s)</li><li>Create datafile(s) which allows product data to be imported into other applications.</li></ul><p>This type of task can be accomplished using several utilities included with PC-SPAN --\u00a0<strong>spanit</strong>,<strong>\u00a0spanReport</strong>,\u00a0<strong>spanProducts</strong>, and\u00a0<strong>spanProductsReport</strong>.\u00a0</p><p><strong><style type='text/css'>/*<![CDATA[*/\ndiv.rbtoc1741792361276 {padding: 0px;}\ndiv.rbtoc1741792361276 ul {list-style: disc;margin-left: 0px;}\ndiv.rbtoc1741792361276 li {margin-left: 0px;padding-left: 0px;}\n\n/*]]>*/</style><div class='toc-macro rbtoc1741792361276'>\n<ul class='toc-indentation'>\n<li><a href='#RunningPC-SPANReportsandExportDatafilesinBatch-UsingthespanReportUtility'>Using the spanReport Utility</a></li>\n<li><a href='#RunningPC-SPANReportsandExportDatafilesinBatch-OutputofthespanReportUtility'>Output of the spanReport Utility</a></li>\n<li><a href='#RunningPC-SPANReportsandExportDatafilesinBatch-UsingthespanProductsUtility'>Using the spanProducts Utility</a></li>\n<li><a href='#RunningPC-SPANReportsandExportDatafilesinBatch-OutputofthespanProductsUtility'>Output of the spanProducts Utility</a></li>\n<li><a href='#RunningPC-SPANReportsandExportDatafilesinBatch-UsingthespanProductsReportUtility'>Using the spanProductsReport Utility</a></li>\n<li><a href='#RunningPC-SPANReportsandExportDatafilesinBatch-OutputofthespanProductsReportUtility'>Output of the spanProductsReport Utility</a></li>\n<li><a href='#RunningPC-SPANReportsandExportDatafilesinBatch-Logging'>Logging</a></li>\n<li><a href='#RunningPC-SPANReportsandExportDatafilesinBatch-ContentsoftheDatafilesProducedbyspanProducts'>Contents of the Datafiles Produced by spanProducts</a></li>\n</ul>\n</div></strong></p><p>The\u00a0<strong>spanit</strong>\u00a0utility allows you to create a simple script file which accomplishes loading of SPAN file(s), loading of position file(s), calculation of performance bond requirements, and saving the results to an XML-based SPAN document file (a\u00a0<strong>.spn</strong>\u00a0file).</p><p>The\u00a0<strong>spanReport</strong>\u00a0utility allows you to take that SPAN document file and in one operation generate three reports:</p><ul><li>The\u00a0<strong>Performance Bond Requirements</strong>\u00a0report, detailing the portfolios, their calculated requirements, and the breakdown of those requirements</li><li>The\u00a0<strong>Positions</strong>\u00a0report, listing all of the positions in each portfolio, and</li><li>The\u00a0<strong>Performance Bond Requirements Datafile</strong>, containing the performance bond requirements in a comma-delimited format (a\u00a0<strong>.csv</strong>\u00a0- &quot;comma separated values&quot; - file), which can be imported into spreadsheet programs and other applications.</li></ul><p>The\u00a0<strong>spanProducts</strong>\u00a0utility similarly allows you to take the SPAN document file as input, and in one operation generate four comma-delimited datafiles which can then easily be imported into other applications:</p><ul><li>The\u00a0<strong>Products Datafile</strong>, containing the definition of all product families</li><li>The\u00a0<strong>Futures-Physicals-Combinations</strong>\u00a0<strong>Datafile</strong>, providing data about all specific products which are not options</li><li>The\u00a0<strong>Option Series Datafile</strong>, providing information about each option series --\u00a0<em>ie</em>, each set of options with the same expiration and the same underlying, and</li><li>The\u00a0<strong>Options Datafile</strong>, providing information about each option.</li></ul><p>\u00a0The\u00a0<strong>spanProductsReport</strong>\u00a0utility allows you to take the SPAN document file as input and in one operation generate four reports:</p><ul><li>the\u00a0<strong>Products</strong>\u00a0report, listing product families by combined commodity</li><li>the\u00a0<strong>Contracts</strong>\u00a0report, listing contracts (tradeable instruments) together with their prices, volatilities, times to expiration, etc.</li><li>the\u00a0<strong>Risk Arrays</strong>\u00a0report, listing prices and risk arrays for contracts, and</li><li>the\u00a0<strong>Risk Arrays - Standard</strong>\u00a0report, listing prices, risk arrays showing the &quot;standard&quot; 16 risk scenarios, and formatting the report to show risk array values in ascending order by underlying price movement.</li></ul><p>The\u00a0<strong>spanReport</strong>,\u00a0<strong>spanProducts</strong>, and\u00a0<strong>spanProductsReport</strong>\u00a0utilities are all examples of PC-SPAN's batch reporting capability, and their use is described herein.</p><p>The executions of\u00a0<strong>spanit</strong>,\u00a0<strong>spanReport</strong>\u00a0<strong>spanProducts</strong>, and/or\u00a0<strong>spanProductsReport</strong>\u00a0can themselves be accomplished from within a batch file.\u00a0\u00a0By creating such a batch file, and by placing a shortcut to this batch file on the Windows desktop, you can initiate entire production processes with one mouseclick.</p><h1 id=\"RunningPC-SPANReportsandExportDatafilesinBatch-UsingthespanReportUtility\"><strong>Using the\u00a0<u>spanReport</u>\u00a0Utility</strong></h1><p>The full name of this utility is\u00a0<strong>spanReport.hta</strong>\u00a0and it is located in the\u00a0<strong>rptModule</strong>\u00a0subdirectory of the directory where PC-SPAN is installed.\u00a0\u00a0Typically this would be\u00a0<strong>c:\\span4\\rptModule</strong>.\u00a0\u00a0The\u00a0<strong>.hta</strong>\u00a0stands for &quot;hyper-text application.&quot;</p><p>You can run the utility either (a) from within the\u00a0<strong>rptModule</strong>\u00a0directory, or (b) by providing the path to the\u00a0<strong>rptModule</strong>\u00a0directory.\u00a0\u00a0The syntax is:</p><p>\\span4\\rptModule\\<strong>spanReport.hta\u00a0\u00a0</strong><em>xmlFileName</em>\u00a0[<em>busDate</em>] [<em>firm</em>]</p><p>where</p><ul><li><em>xmlFileName</em>\u00a0is a SPAN document file name. If the full path to this SPAN document file is not specified, the file is assumed to be located in \\span4\\data.</li><li><em>busDate</em>\u00a0is a business date in a CCYYMMDD format, e.g. 19990423.\u00a0\u00a0If the date is not specified or there are more than one 'pointInTime' nodes for the same date, reports will be generated for the first 'pointInTime' node in the file.\u00a0\u00a0If there is more than one point in time for the same business date, reports will be generated for the first point in time for that date.</li><li><em>firm</em>\u00a0is the clearing member firm or other firm identifier for a portfolio.\u00a0\u00a0If provided, the generated reports will include data for all accounts defined for the specified firm.\u00a0\u00a0If it is not specified, reports will be generated for all portfolios in the file.</li></ul><p>For example, suppose that the SPAN document file\u00a0<strong>span.spn</strong>\u00a0contains results for a single business date, November 11, 2000.\u00a0\u00a0The following command would generate the three reports for all portfolios for that business day.</p><p><strong>spanReport.hta span.spn</strong></p><p>The following command would generate the three reports for all accounts for firm\u00a0<strong>001</strong>\u00a0for that business day:</p><p><strong>spanReport.hta span.spn 20001111 001</strong></p><p>If\u00a0<strong>span.spn</strong>\u00a0contained data for November 11th and November 12th, the following command would generate reports for all accounts for the 12th:</p><p><strong>spanReport.hta span.spn 20001112</strong></p><p>and the following command would generate reports for all accounts for firm\u00a0<strong>001</strong>\u00a0for the 12th:</p><p><strong>spanReport.hta span.spn 20001112 001</strong></p><h1 id=\"RunningPC-SPANReportsandExportDatafilesinBatch-OutputofthespanReportUtility\"><strong>Output of the\u00a0<u>spanReport</u>\u00a0Utility</strong></h1><p>\u00a0When you run\u00a0<strong>spanReport.hta</strong>, if the reports could be successfully generated, the results are created as three files in the\u00a0<strong>Reports</strong>\u00a0subdirectory of the application directory, typically\u00a0<strong>\\span4\\Reports</strong>.\u00a0\u00a0The files are:</p><ul><li><strong>Positions.htm</strong></li><li><strong>PB Requirements.htm</strong></li><li><strong>PB Req Delim.txt</strong></li></ul><p>The first two files can then be opened in any Web browser (Microsoft Internet Explorer version 5.5 recommended) for viewing and/or printing.</p><p>The third file, containing performance bond requirements in comma-delimited format, can be imported into other applications.</p><h1 id=\"RunningPC-SPANReportsandExportDatafilesinBatch-UsingthespanProductsUtility\"><strong>Using the\u00a0<u>spanProducts</u>\u00a0Utility</strong></h1><p>Using\u00a0<strong>spanProducts</strong>\u00a0is almost exactly analogous to using\u00a0<strong>spanReport</strong>.\u00a0\u00a0The full name of the utility is\u00a0<strong>spanProducts.hta</strong>\u00a0and it is located in the\u00a0<strong>rptModule</strong>\u00a0subdirectory of the directory where PC-SPAN is installed.\u00a0\u00a0Typically this would be\u00a0<strong>c:\\span4\\rptModule</strong>.</p><p>You can run the utility either (a) from within the\u00a0<strong>rptModule</strong>\u00a0directory, or (b) by providing the path to the\u00a0<strong>rptModule</strong>\u00a0directory.\u00a0\u00a0The syntax is:</p><p>\u00a0\\span4\\rptModule\\<strong>spanProducts.hta\u00a0\u00a0</strong><em>xmlFileName</em>\u00a0[<em>busDate</em>]</p><p>where</p><ul><li><em>xmlFileName</em>\u00a0is a SPAN document file name. If the full path to this SPAN document file is not specified, the file is assumed to be located in \\span4\\data.</li><li><em>busDate</em>\u00a0is a business date in a CCYYMMDD format, e.g. 19990423.\u00a0\u00a0If the date is not specified or there are more than one 'pointInTime' nodes for the same date, reports will be generated for the first 'pointInTime' node in the file.\u00a0\u00a0If there is more than one point in time for the same business date, reports will be generated for the first point in time for that date.<br/>\u00a0</li></ul><h1 id=\"RunningPC-SPANReportsandExportDatafilesinBatch-OutputofthespanProductsUtility\"><strong>Output of the\u00a0<u>spanProducts</u>\u00a0Utility</strong></h1><p>\u00a0When you run\u00a0<strong>spanProducts.hta</strong>, if the datafiles could be successfully generated, the results are created as four files in the\u00a0<strong>Reports</strong>\u00a0subdirectory of the application directory, typically\u00a0<strong>\\span4\\Reports</strong>.\u00a0\u00a0The files are:</p><ul><li><strong>Products.txt</strong></li><li><strong>Futures-Physicals-Combinations.txt</strong></li><li><strong>Series.txt</strong></li><li><strong>Options.txt</strong></li></ul><h1 id=\"RunningPC-SPANReportsandExportDatafilesinBatch-UsingthespanProductsReportUtility\"><strong>Using the\u00a0<u>spanProductsReport</u>\u00a0Utility</strong></h1><p>The full name of the utility is\u00a0<strong>spanProductsReport.hta</strong>\u00a0and it is located in the\u00a0<strong>rptModule</strong>\u00a0subdirectory of the directory where PC-SPAN is installed.\u00a0\u00a0As with the other utilities, you can run it either (a) from within the\u00a0<strong>rptModule</strong>\u00a0directory, or (b) by providing the path to the\u00a0<strong>rptModule</strong>\u00a0directory.\u00a0\u00a0The syntax is:\u00a0</p><p>\\span4\\rptModule\\<strong>spanProductsReport.hta\u00a0\u00a0</strong><em>xmlFileName</em>\u00a0[<em>busDate</em>\u00a0[<em>ec</em>\u00a0[<em>cc</em>] ] ]</p><p>where</p><ul><li><em>xmlFileName</em>\u00a0is a SPAN document file name. If the full path to this SPAN document file is not specified, the file is assumed to be located in \\span4\\data.</li><li><em>busDate</em>\u00a0is a business date in a CCYYMMDD format, e.g. 19990423.\u00a0\u00a0If the date is not specified or there are more than one 'pointInTime' nodes for the same date, reports will be generated for the first 'pointInTime' node in the file.\u00a0\u00a0If there is more than one point in time for the same business date, reports will be generated for the first point in time for that date.</li><li><em>ec<strong>\u00a0</strong></em>is an exchange complex acronym</li><li><em>cc</em>\u00a0is a combined commodity code\u00a0</li></ul><p>If the exchange complex acronym is not provided, the report will be produced for all exchange complexes for the specified point in time.\u00a0\u00a0Similarly, if a combined commodity code is not specified, the report will be produced for all combined commodities for the specified exchange complex.\u00a0\u00a0</p><h1 id=\"RunningPC-SPANReportsandExportDatafilesinBatch-OutputofthespanProductsReportUtility\"><strong>Output of the\u00a0<u>spanProductsReport</u>\u00a0Utility</strong></h1><p>\u00a0When you run\u00a0<strong>spanProductsReport.hta</strong>, if the reports could be successfully generated, the results are created as various files in the\u00a0<strong>Reports</strong>\u00a0subdirectory of the application directory, typically\u00a0<strong>\\span4\\Reports</strong>.\u00a0\u00a0The files are:</p><ul><li><strong>Products&lt;xx&gt;.htm</strong></li><li><strong>Contracts&lt;xx&gt;.htm</strong></li><li><strong>RiskArrays&lt;xx&gt;.htm</strong></li><li><strong>RiskArraysStd&lt;xx&gt;.htm</strong></li></ul><p>where\u00a0<strong>&lt;xx&gt;</strong>\u00a0identifies the exchange complex and combined commodity for which the report was generated.</p><h1 id=\"RunningPC-SPANReportsandExportDatafilesinBatch-Logging\"><strong>Logging</strong></h1><p>\u00a0A log file is also created in the\u00a0<strong>Reports</strong>\u00a0subdirectory, named\u00a0<strong>rptBatch.log</strong>.\u00a0\u00a0Any previous version of this logfile is overwritten.\u00a0\u00a0The following is an example of a log file:</p><p>\u00a0<strong>rptBatch.log</strong></p><p>Batch Report Utility log</p><p>8/30/2000\u00a0\u00a09:59</p><p>Batch Parameters:</p><p>XML File: ../data/mult_pit.spn</p><p>Bus Date: undefined</p><p>Firm:\u00a0\u00a0\u00a0\u00a0\u00a0undefined</p><p>Generated 'Positions' report</p><p>Generated 'PB Requirements' report</p><p>Generated 'PB Req Delim' report</p><p>*** Normal completion ***</p><p>However, if errors were detected, such that the reports cannot be created, the utility generates an error log that describes what went wrong.\u00a0\u00a0The error log is also created in the\u00a0<strong>Reports\u00a0</strong>subdirectory and is named\u00a0<strong>rptBatch.err</strong>.\u00a0\u00a0(Any previous version of the error log is overwritten.)\u00a0\u00a0The following is an example of an error log file:</p><p>\u00a0<strong>rptBatch.err</strong></p><p>\u00a0Batch Report Utility log</p><p>\u00a08/30/2000\u00a0\u00a09:57</p><p>*** Operation failed !!! ***</p><p>ERROR: Not all required parameters are specified</p><p>Usage:\u00a0\u00a0rptBatch.hta\u00a0\u00a0xmlFileName [busDate] [firm]</p><h1 id=\"RunningPC-SPANReportsandExportDatafilesinBatch-ContentsoftheDatafilesProducedbyspanProducts\"><strong>Contents of the Datafiles Produced by\u00a0<u>spanProducts</u></strong></h1><p>As described above,\u00a0<strong>spanProducts</strong>\u00a0produces four comma-delimited datafiles:\u00a0</p><ul><li><strong>Products.txt</strong></li><li><strong>Futures-Physicals-Combinations.txt</strong></li><li><strong>Series.txt</strong></li><li><strong>Options.txt</strong></li></ul><p>Each of these begins with a line of column-headers, identifying each data element.\u00a0\u00a0Here are the detailed descriptions of each file and its data elements.</p><p><strong>Products.txt</strong>:\u00a0\u00a0these contains a record for every\u00a0<strong>product family</strong>\u00a0for the selected point in time.\u00a0\u00a0For example, if CME data is loaded, there would be records for product families including S&amp;P 500 futures, options on S&amp;P 500 futures, E-Mini S&amp;P 500 futures, and options on E-Mini S&amp;P 500 futures.\u00a0\u00a0Specific data elements are:</p><ul><li><strong>date</strong>\u00a0- business date</li><li><strong>isSetl</strong>\u00a0-\u00a0<strong>1</strong>\u00a0if this point in time pertains to the end-of-day settlement, or\u00a0<strong>0</strong>\u00a0if this is for an intraday point in time</li><li><strong>qual</strong>\u00a0- qualifier for that point in time.\u00a0\u00a0For example,\u00a0<strong>final</strong>\u00a0for the final end-of-day settlement,\u00a0<strong>early</strong>\u00a0for an early (or preliminary) end-of-day settlement, or\u00a0<strong>complete</strong>\u00a0for an end-of-day settlement containing additional data not available in the early and final files</li><li><strong>time</strong>\u00a0- business time associated with the point in time, primarily for use with intraday points in time</li><li><strong>run</strong>\u00a0- run number, allowing further qualification of the point in time</li><li><strong>ec</strong>\u00a0- exchange complex acronym -- either the clearing organization acronym or the cross-margin agreement or other business function acronym</li><li><strong>cc</strong>\u00a0- combined commodity code</li><li><strong>exch</strong>\u00a0- exchange (or exchange group) acronym</li><li><strong>pfType</strong>\u00a0- identifies the product type, for example\u00a0<strong>FUT</strong>\u00a0for futures,\u00a0<strong>OOF</strong>\u00a0for option on future</li><li><strong>pfId</strong>\u00a0- ID number of this product family</li><li><strong>pfCode</strong>\u00a0- the primary product code used for this product family, often called the &quot;commodity code&quot;</li><li><strong>name</strong>\u00a0- product family name</li><li><strong>undPfType</strong>\u00a0- product type of the product family underlying of this product family.\u00a0\u00a0Not defined for physical product families or combination product families.</li><li><strong>undPfId</strong>\u00a0- the ID number of the underlying product family.</li><li><strong>undPfCode</strong>\u00a0- the product code of the underlying product family</li><li><strong>currency</strong>\u00a0- the ISO currency code for this product family's settlement currency</li><li><strong>stdCvf</strong>\u00a0- the standard contract value factor for the product family,\u00a0<em>ie,\u00a0</em>the multiplier which converts a quoted price to a contract value</li><li><strong>priceDl</strong>\u00a0- price decimal locator -- the decimal locator for settlement prices provided in the 7-digit format</li><li><strong>priceFmt</strong>\u00a0- the &quot;alignment code&quot; for settlement prices, used to denote a particular nondecimal price format.\u00a0\u00a0Blank for decimal prices.</li><li><strong>valueMeth</strong>\u00a0- the &quot;valuation method&quot; -\u00a0<strong>FUT</strong>\u00a0or\u00a0<strong>EQTY</strong>\u00a0to denote a product valued futures-style or a product valued premium-style (&quot;equity-style&quot;)</li><li><strong>priceMeth</strong>\u00a0- the price quotation method</li><li><strong>setlMeth</strong>\u00a0- the settlement method for this product family -\u00a0<strong>CASH</strong>\u00a0for a cash-settled future,\u00a0<strong>DELIV</strong>\u00a0for a physically deliverable future and for all options (which are settled by delivering the underlying, whatever it may be)</li><li><strong>strikeDl</strong>\u00a0- the decimal locator for strike prices provided in the 6-digit format</li><li><strong>strikeFmt</strong>\u00a0- the alignment code for strike prices, used to denote particular non-decimal formats.\u00a0\u00a0Blank for decimal strike prices.</li><li><strong>cab</strong>\u00a0- cabinet option value -- for option products, the monetary value to be assigned to &quot;fixed&quot; cabinet prices, if this concept is applicable</li></ul><p><strong>Futures-Physicals-Combinations.txt:</strong>\u00a0\u00a0contains a record for every tradeable instrument at the specified point in time which is not an option.\u00a0\u00a0Specific data elements are as shown.\u00a0\u00a0Descriptions are provided only for those elements which are not present in the\u00a0<strong>Products</strong>\u00a0datafile.\u00a0</p><ul><li><strong>date</strong>\u00a0- business date</li><li><strong>isSetl</strong>\u00a0\u00a0-\u00a0<strong>1</strong>\u00a0if this point in time pertains to the end-of-day settlement, or\u00a0<strong>0</strong>\u00a0if this is for an intraday point in time</li><li><strong>qual</strong>\u00a0- qualifier for that point in time.\u00a0\u00a0For end-of-day settlements,\u00a0<strong>final</strong>,\u00a0<strong>early</strong>\u00a0or\u00a0<strong>complete<br/></strong></li><li><strong>time</strong>\u00a0- business time, primarily for intraday points in time<strong><br/></strong></li><li><strong>run</strong>\u00a0- run number<strong><br/></strong></li><li><strong>ec</strong>\u00a0- exchange complex acronym -- clearing organization acronym, cross-margin agreement, or other business function acronym<strong><br/></strong></li><li><strong>cc</strong>\u00a0- combined commodity code<strong><br/></strong></li><li><strong>exch</strong>\u00a0- exchange (or exchange group) acronym<strong><br/></strong></li><li><strong>pfType\u00a0</strong>- product type, for example\u00a0<strong>FUT</strong>\u00a0for futures,\u00a0<strong>OOF</strong>\u00a0for option on future<strong><br/></strong></li><li><strong>pfId</strong>\u00a0\u00a0- ID number of this product family</li><li><strong>pfCode</strong>\u00a0- primary product code for this product family<strong><br/></strong></li><li><strong>cId</strong>\u00a0- contract ID number - specific ID number of this particular tradeable instrument</li><li><strong>pe -\u00a0</strong>period code of this contract</li><li><strong>undPfType</strong>\u00a0- product type of the product family underlying of this product family.\u00a0\u00a0Not defined for physical product families or combination product families.</li><li><strong>undPfId</strong>\u00a0- the ID number of the underlying product family.\u00a0\u00a0Not defined for physicals or combinations.</li><li><strong>undPfCode</strong>\u00a0\u00a0- the product code of the underlying product family.\u00a0\u00a0Not defined for physicals or combinations.</li><li><strong>undCId</strong>\u00a0- underlying contract ID number.\u00a0\u00a0Not defined for physicals or combinations.</li><li><strong>undPe</strong>\u00a0- period code of the underlying contract.\u00a0\u00a0Not defined for physicals or combinations.</li><li><strong>currency</strong>\u00a0- the ISO currency code for this product family's settlement currency<strong><br/></strong></li><li><strong>stdCvf</strong>\u00a0- standard contract value factor for the product family.</li><li><strong>p</strong>\u00a0- contract price</li><li><strong>value</strong>\u00a0- contract monetary value in the settlement currency</li><li><strong>cvf</strong>\u00a0- contract value factor for this specific product, which may be different from the standard contract value factor</li><li><strong>sc</strong>\u00a0<strong>-\u00a0</strong>scaling factor associated with this product</li><li><strong>setlDate</strong>\u00a0- the settlement date for this product, defined as the date on which the final price is determined</li><li><strong>t</strong>\u00a0- time to maturity, in years, from the specified point in time to the settlement date</li><li><strong>r</strong>\u00a0- the rate ID for the\u00a0<strong>priceScan</strong>\u00a0and\u00a0<strong>volScan</strong>\u00a0values to follow, a integer denoting the account type, performance bond class, and initial/maintenance designation to which these rates pertain</li><li><strong>priceScan</strong>\u00a0- the price scan range for the specified rate ID, in the performance bond currency</li><li><strong>volScan</strong>\u00a0- the volatility scan range for the specified rate ID, as an absolute decimal fraction</li><li><strong>d</strong>\u00a0- SPAN composite delta for the specified rate ID</li><li><strong>a1</strong>\u00a0through\u00a0<strong>a16</strong>\u00a0- risk array values for the standard 16 risk scenarios for the specified rate ID</li></ul><p><strong>Series.txt</strong>:\u00a0\u00a0contains a record for every option series for the specified point in time.\u00a0\u00a0Descriptions are provided only for those elements which are not present in the\u00a0<strong>Futures-Physicals-Combinations</strong>\u00a0datafile.\u00a0\u00a0Specific data elements are:\u00a0</p><ul><li><strong>date</strong>\u00a0- business date</li><li><strong>isSetl</strong>\u00a0\u00a0-\u00a0<strong>1</strong>\u00a0if this point in time pertains to the end-of-day settlement, or\u00a0<strong>0</strong>\u00a0if this is for an intraday point in time</li><li><strong>qual</strong>\u00a0- qualifier for that point in time.\u00a0\u00a0For end-of-day settlements,\u00a0<strong>final</strong>,\u00a0<strong>early</strong>\u00a0or\u00a0<strong>complete<br/></strong></li><li><strong>time</strong>\u00a0- business time, primarily for intraday points in time<strong><br/></strong></li><li><strong>run</strong>\u00a0- run number<strong><br/></strong></li><li><strong>ec</strong>\u00a0- exchange complex acronym -- clearing organization acronym, cross-margin agreement, or other business function acronym<strong><br/></strong></li><li><strong>cc</strong>\u00a0- combined commodity code<strong><br/></strong></li><li><strong>exch</strong>\u00a0- exchange (or exchange group) acronym<strong><br/></strong></li><li><strong>pfType</strong>- product type, for example\u00a0<strong>FUT</strong>\u00a0for futures,\u00a0<strong>OOF</strong>\u00a0for option on future<strong><br/></strong></li><li><strong>pfId</strong>\u00a0\u00a0- ID number of this product family</li><li><strong>pfCode</strong>\u00a0- primary product code for this product family<strong><br/></strong></li><li><strong>cId</strong>\u00a0- contract ID number - not defined for an option series</li><li><strong>pe -\u00a0</strong>period code<strong><br/></strong></li><li><strong>undPfType</strong>\u00a0- product type of the product family underlying of this product family.<strong>\u00a0<br/></strong></li><li><strong>undPfId</strong>\u00a0- the ID number of the underlying product family.<strong>\u00a0<br/></strong></li><li><strong>undPfCode</strong>\u00a0\u00a0- the product code of the underlying product family.<strong>\u00a0<br/></strong></li><li><strong>undCId</strong>\u00a0- underlying contract ID number<strong><br/></strong></li><li><strong>undPe</strong>\u00a0- period code of the underlying contract.<strong><br/></strong></li><li><strong>currency</strong>\u00a0- the ISO currency code for this product family's settlement currency<strong><br/></strong></li><li><strong>stdCvf</strong>\u00a0- standard contract value factor for the product family.<strong><br/></strong></li><li><strong>p</strong>\u00a0- contract price (not defined for an option series)<strong><br/></strong></li><li><strong>value</strong>\u00a0\u00a0- contract monetary value in the settlement currency (not defined for an option series)</li><li><strong>cvf</strong>\u00a0- contract value factor for this series of options, which may be different from the standard contract value factor for the product family.<strong><br/></strong></li><li><strong>sc</strong>\u00a0<strong>-\u00a0</strong>scaling factor associated with this series<strong><br/></strong></li><li><strong>setlDate</strong>\u00a0- the settlement date for this option series, defined as the date on which the final price is determined.\u00a0\u00a0Synonymous with expiration date for the option series.<strong><br/></strong></li><li><strong>t</strong>\u00a0- time to maturity, in years, from the specified point in time to the settlement date</li><li><strong>intrRate</strong>\u00a0- interest rate, as a decimal fraction.\u00a0\u00a0Typically the annualized risk-free continuously-compounded rate.</li><li><strong>divRate</strong>\u00a0- dividend yield, as a decimal fraction.\u00a0\u00a0Typically the annualized continuously-compounded rate<strong><br/></strong></li><li><strong>r</strong>\u00a0- the rate ID for the\u00a0<strong>priceScan</strong>\u00a0and\u00a0<strong>volScan</strong>\u00a0values to follow, a integer denoting the account type, performance bond class, and initial/maintenance designation to which these rates pertain<strong><br/></strong></li><li><strong>priceScan</strong>\u00a0- the price scan range for the specified rate ID, in the performance bond currency<strong><br/></strong></li><li><strong>volScan</strong>\u00a0- the volatility scan range for the specified rate ID, as an absolute decimal fraction</li></ul><p><strong>Options.txt</strong>:\u00a0\u00a0contains a record for every option for the specified point in time.\u00a0\u00a0Descriptions are provided only for those elements which are not present in the\u00a0<strong>Series</strong>\u00a0datafile.\u00a0\u00a0Data elements are:\u00a0</p><ul><li><strong>date</strong>\u00a0- business date</li><li><strong>isSetl</strong>\u00a0\u00a0-\u00a0<strong>1</strong>\u00a0if this point in time pertains to the end-of-day settlement, or\u00a0<strong>0</strong>\u00a0if this is for an intraday point in time</li><li><strong>qual</strong>\u00a0- qualifier for that point in time.\u00a0\u00a0For end-of-day settlements,\u00a0<strong>final</strong>,\u00a0<strong>early</strong>\u00a0or\u00a0<strong>complete<br/></strong></li><li><strong>time</strong>\u00a0- business time, primarily for intraday points in time<strong><br/></strong></li><li><strong>run</strong>\u00a0- run number<strong><br/></strong></li><li><strong>ec</strong>\u00a0- exchange complex acronym -- clearing organization acronym, cross-margin agreement, or other business function acronym<strong><br/></strong></li><li><strong>cc</strong>\u00a0- combined commodity code<strong><br/></strong></li><li><strong>exch -\u00a0</strong>exchange (or exchange group) acronym<strong><br/></strong></li><li><strong>pfType</strong>- product type, for example\u00a0<strong>FUT</strong>\u00a0for futures,\u00a0<strong>OOF</strong>\u00a0for option on future<strong><br/></strong></li><li><strong>pfId</strong>\u00a0\u00a0- ID number of this product family</li><li><strong>pfCode</strong>\u00a0- primary product code for this product family<strong><br/></strong></li><li><strong>cId</strong>\u00a0- contract ID number<strong><br/></strong></li><li><strong>pe -\u00a0</strong>period code<strong><br/></strong></li><li><strong>o\u00a0</strong>- option right code\u00a0<strong>- C</strong>\u00a0for call or\u00a0<strong>P</strong>\u00a0for put</li><li><strong>k\u00a0</strong>- strike price</li><li><strong>undPfType</strong>\u00a0- product type of the product family underlying of this product family.\u00a0\u00a0Not defined for physical product families or combination product families.<strong><br/></strong></li><li><strong>undPfId</strong>\u00a0- the ID number of the underlying product family.\u00a0\u00a0Not defined for physicals or combinations.<strong><br/></strong></li><li><strong>undPfCode</strong>\u00a0\u00a0- the product code of the underlying product family.\u00a0\u00a0Not defined for physicals or combinations.<strong><br/></strong></li><li><strong>undCId</strong>\u00a0- underlying contract ID number<strong><br/></strong></li><li><strong>undPe</strong>\u00a0- period code of the underlying contract.<strong><br/></strong></li><li><strong>currency</strong>\u00a0- the ISO currency code for this product family's settlement currency<strong><br/></strong></li><li><strong>stdCvf</strong>\u00a0- standard contract value factor for the product family.<strong><br/></strong></li><li><strong>p</strong>\u00a0- contract price<strong><br/></strong></li><li><strong>value</strong>\u00a0\u00a0- contract monetary value in the settlement currency</li><li><strong>cvf</strong>\u00a0- contract value factor for series containing this option, which may be different from the standard contract value factor for the product family<strong><br/></strong></li><li><strong>sc</strong>\u00a0<strong>-\u00a0</strong>scaling factor associated with the series containing this option<strong><br/></strong></li><li><strong>setlDate</strong>\u00a0- the settlement date for series containing this option, defined as the date on which the final price is determined.\u00a0\u00a0Synonymous with expiration date.<strong><br/></strong></li><li><strong>t</strong>\u00a0- time to maturity, in years, from the specified point in time to the settlement date</li><li><strong>intrRate</strong>\u00a0- interest rate, as a decimal fraction.\u00a0\u00a0Typically the annualized risk-free continuously-compounded rate.</li><li><strong>divRate</strong>\u00a0- dividend yield, as a decimal fraction.\u00a0\u00a0Typically the annualized continuously-compounded rate<strong><br/></strong></li><li><strong>d</strong>\u00a0- SPAN composite delta for the specified rate ID</li><li><strong>v</strong>\u00a0- implied volatility for this option, as a decimal fraction<strong><br/></strong></li><li><strong>r</strong>\u00a0- the rate ID for the\u00a0<strong>priceScan</strong>\u00a0and\u00a0<strong>volScan</strong>\u00a0values to follow, a integer denoting the account type, performance bond class, and initial/maintenance designation to which these rates pertain<strong><br/></strong></li><li><strong>priceScan</strong>\u00a0- the price scan range for the specified rate ID, in the performance bond currency<strong><br/></strong></li><li><strong>volScan</strong>\u00a0- the volatility scan range for the specified rate ID, as an absolute decimal fraction</li><li><strong>d</strong>\u00a0- SPAN composite delta for the specified rate ID</li><li><strong>a1</strong>\u00a0through\u00a0<strong>a16</strong>\u00a0- risk array values for the standard 16 risk scenarios for the specified rate ID\u00a0</li></ul>"
        }
    },
    "status": "current",
    "title": "Running PC-SPAN Reports and Export Datafiles in Batch",
    "spaceId": "457312811",
    "id": "457411097",
    "_links": {
        "editui": "/pages/resumedraft.action?draftId=457411097",
        "webui": "/spaces/pubsub/pages/457411097/Running+PC-SPAN+Reports+and+Export+Datafiles+in+Batch",
        "edituiv2": "/spaces/pubsub/pages/edit-v2/457411097",
        "tinyui": "/x/GYpDGw",
        "base": "https://cmegroupclientsite.atlassian.net/wiki"
    }
}