{
    "parentId": "457083480",
    "ownerId": "60653f79352e1e0069fb728f",
    "lastOwnerId": null,
    "createdAt": "2024-12-21T16:43:26.452Z",
    "authorId": "60653f79352e1e0069fb728f",
    "parentType": "page",
    "position": 474963645,
    "version": {
        "number": 1,
        "message": "",
        "minorEdit": false,
        "authorId": "60653f79352e1e0069fb728f",
        "createdAt": "2024-12-21T16:43:27.824Z"
    },
    "status": "current",
    "body": {
        "export_view": {
            "representation": "export_view",
            "value": "<div class=\"table-wrap\"><table class=\"confluenceTable\"><tbody><tr><th class=\"confluenceTh\">Length</th><th class=\"confluenceTh\">From</th><th class=\"confluenceTh\">To</th><th class=\"confluenceTh\">Datatype</th><th class=\"confluenceTh\">Format</th><th class=\"confluenceTh\">Description and Comments</th></tr><tr><td class=\"confluenceTd\">1</td><td class=\"confluenceTd\">1</td><td class=\"confluenceTd\">1</td><td class=\"confluenceTd\">AN</td><td class=\"confluenceTd\">X</td><td class=\"confluenceTd\">Record ID - &quot;3&quot;</td></tr><tr><td class=\"confluenceTd\">3</td><td class=\"confluenceTd\">2</td><td class=\"confluenceTd\">4</td><td class=\"confluenceTd\">AN</td><td class=\"confluenceTd\">X(3)</td><td class=\"confluenceTd\">Combined Commodity Code</td></tr><tr><td class=\"confluenceTd\">2</td><td class=\"confluenceTd\">5</td><td class=\"confluenceTd\">6</td><td class=\"confluenceTd\">AN</td><td class=\"confluenceTd\">X(2)</td><td class=\"confluenceTd\">Intracommodity (Intermonth) Spread Charge Method Code</td></tr></tbody></table></div><p><strong>Layout for bytes 7-68 if the Intracommodity Spread Charge Method Code is any value\u00a0<u>except</u>\u00a0'10':</strong></p><div class=\"table-wrap\"><table class=\"confluenceTable\"><tbody><tr><th class=\"confluenceTh\">Length</th><th class=\"confluenceTh\">From</th><th class=\"confluenceTh\">To</th><th class=\"confluenceTh\">Datatype</th><th class=\"confluenceTh\">Format</th><th class=\"confluenceTh\">Description and Comments</th></tr><tr><td class=\"confluenceTd\">4</td><td class=\"confluenceTd\">7</td><td class=\"confluenceTd\">10</td><td class=\"confluenceTd\">N</td><td class=\"confluenceTd\">9(4)</td><td class=\"confluenceTd\">Break Month for front to back spreads -- the last front month, in the format\u00a0<strong>YYMM</strong></td></tr><tr><td class=\"confluenceTd\">7</td><td class=\"confluenceTd\">11</td><td class=\"confluenceTd\">17</td><td class=\"confluenceTd\">N</td><td class=\"confluenceTd\">9(7)</td><td class=\"confluenceTd\">Intracommodity Spread Rate 1: Standard, Front Months, or Per-Spread Rate</td></tr><tr><td class=\"confluenceTd\">7</td><td class=\"confluenceTd\">18</td><td class=\"confluenceTd\">24</td><td class=\"confluenceTd\">N</td><td class=\"confluenceTd\">9(7)</td><td class=\"confluenceTd\">Intracommodity Spread Rate 2: Back Months, or Per-Month Rate</td></tr><tr><td class=\"confluenceTd\">7</td><td class=\"confluenceTd\">25</td><td class=\"confluenceTd\">31</td><td class=\"confluenceTd\">N</td><td class=\"confluenceTd\">9(7)</td><td class=\"confluenceTd\">Intracommodity Spread Rate 3: Front Months to Back Months, or Flat-Rate</td></tr><tr><td class=\"confluenceTd\">7</td><td class=\"confluenceTd\">32</td><td class=\"confluenceTd\">38</td><td class=\"confluenceTd\">N</td><td class=\"confluenceTd\">9(7)</td><td class=\"confluenceTd\">Intracommodity Spread Rate 4</td></tr><tr><td class=\"confluenceTd\">7</td><td class=\"confluenceTd\">39</td><td class=\"confluenceTd\">45</td><td class=\"confluenceTd\">N</td><td class=\"confluenceTd\">9(7)</td><td class=\"confluenceTd\">Intracommodity Spread Rate 5</td></tr><tr><td class=\"confluenceTd\">7</td><td class=\"confluenceTd\">46</td><td class=\"confluenceTd\">52</td><td class=\"confluenceTd\">N</td><td class=\"confluenceTd\">9(7)</td><td class=\"confluenceTd\">Intracommodity Spread Rate 6</td></tr><tr><td class=\"confluenceTd\">7</td><td class=\"confluenceTd\">53</td><td class=\"confluenceTd\">59</td><td class=\"confluenceTd\">N</td><td class=\"confluenceTd\">9(7)</td><td class=\"confluenceTd\">Intracommodity Spread Rate 7</td></tr><tr><td class=\"confluenceTd\">7</td><td class=\"confluenceTd\">60</td><td class=\"confluenceTd\">66</td><td class=\"confluenceTd\">N</td><td class=\"confluenceTd\">9(7)</td><td class=\"confluenceTd\">Intracommodity Spread Rate 8</td></tr><tr><td class=\"confluenceTd\">2</td><td class=\"confluenceTd\">67</td><td class=\"confluenceTd\">68</td><td class=\"confluenceTd\">-</td><td class=\"confluenceTd\">-</td><td class=\"confluenceTd\">Filler</td></tr></tbody></table></div><p>\u00a0</p><p><strong>Layout for bytes 7-68 if the Intracommodity Spread Charge Method Code is '10':</strong></p><div class=\"table-wrap\"><table class=\"confluenceTable\"><tbody><tr><th class=\"confluenceTh\">Length</th><th class=\"confluenceTh\">From</th><th class=\"confluenceTh\">To</th><th class=\"confluenceTh\">Datatype</th><th class=\"confluenceTh\">Format</th><th class=\"confluenceTh\">Description and Comments</th></tr><tr><td class=\"confluenceTd\">2</td><td class=\"confluenceTd\">7</td><td class=\"confluenceTd\">8</td><td class=\"confluenceTd\">N</td><td class=\"confluenceTd\">9(2)</td><td class=\"confluenceTd\">Tier 1 Tier Number</td></tr><tr><td class=\"confluenceTd\">6</td><td class=\"confluenceTd\">9</td><td class=\"confluenceTd\">14</td><td class=\"confluenceTd\">N</td><td class=\"confluenceTd\">9(6)</td><td class=\"confluenceTd\">Tier 1 Starting Contract Month as\u00a0<strong>CCYYMM</strong></td></tr><tr><td class=\"confluenceTd\">6</td><td class=\"confluenceTd\">15</td><td class=\"confluenceTd\">20</td><td class=\"confluenceTd\">N</td><td class=\"confluenceTd\">9(6)</td><td class=\"confluenceTd\">Tier 1 Ending Contract Month as\u00a0<strong>CCYYMM</strong></td></tr><tr><td class=\"confluenceTd\">2</td><td class=\"confluenceTd\">21</td><td class=\"confluenceTd\">22</td><td class=\"confluenceTd\">N</td><td class=\"confluenceTd\">9(2)</td><td class=\"confluenceTd\">Tier 2 Tier Number</td></tr><tr><td class=\"confluenceTd\">6</td><td class=\"confluenceTd\">23</td><td class=\"confluenceTd\">28</td><td class=\"confluenceTd\">N</td><td class=\"confluenceTd\">9(6)</td><td class=\"confluenceTd\">Tier 2 Starting Contract Month as\u00a0<strong>CCYYMM</strong></td></tr><tr><td class=\"confluenceTd\">6</td><td class=\"confluenceTd\">29</td><td class=\"confluenceTd\">34</td><td class=\"confluenceTd\">N</td><td class=\"confluenceTd\">9(6)</td><td class=\"confluenceTd\">Tier 2 Ending Contract Month as\u00a0<strong>CCYYMM</strong></td></tr><tr><td class=\"confluenceTd\">2</td><td class=\"confluenceTd\">35</td><td class=\"confluenceTd\">36</td><td class=\"confluenceTd\">N</td><td class=\"confluenceTd\">9(2)</td><td class=\"confluenceTd\">Tier 3 Tier Number</td></tr><tr><td class=\"confluenceTd\">6</td><td class=\"confluenceTd\">37</td><td class=\"confluenceTd\">42</td><td class=\"confluenceTd\">N</td><td class=\"confluenceTd\">9(6)</td><td class=\"confluenceTd\">Tier 3 Starting Contract Month as\u00a0<strong>CCYYMM</strong></td></tr><tr><td class=\"confluenceTd\">6</td><td class=\"confluenceTd\">43</td><td class=\"confluenceTd\">48</td><td class=\"confluenceTd\">N</td><td class=\"confluenceTd\">9(6)</td><td class=\"confluenceTd\">Tier 3 Ending Contract Month as\u00a0<strong>CCYYMM</strong></td></tr><tr><td class=\"confluenceTd\">2</td><td class=\"confluenceTd\">49</td><td class=\"confluenceTd\">50</td><td class=\"confluenceTd\">N</td><td class=\"confluenceTd\">9(2)</td><td class=\"confluenceTd\">Tier 4 Tier Number</td></tr><tr><td class=\"confluenceTd\">6</td><td class=\"confluenceTd\">51</td><td class=\"confluenceTd\">56</td><td class=\"confluenceTd\">N</td><td class=\"confluenceTd\">9(6)</td><td class=\"confluenceTd\">Tier 4 Starting Contract Month as\u00a0<strong>CCYYMM</strong></td></tr><tr><td class=\"confluenceTd\">6</td><td class=\"confluenceTd\">57</td><td class=\"confluenceTd\">62</td><td class=\"confluenceTd\">N</td><td class=\"confluenceTd\">9(6)</td><td class=\"confluenceTd\">Tier 4 Ending Contract Month as\u00a0<strong>CCYYMM</strong></td></tr><tr><td class=\"confluenceTd\">6</td><td class=\"confluenceTd\">63</td><td class=\"confluenceTd\">68</td><td class=\"confluenceTd\">-</td><td class=\"confluenceTd\">-</td><td class=\"confluenceTd\">Filler</td></tr></tbody></table></div><p>\u00a0</p><p><strong>Layout for bytes 69-80: the Initial to Maintenance Ratios:</strong></p><div class=\"table-wrap\"><table class=\"confluenceTable\"><tbody><tr><th class=\"confluenceTh\">Length</th><th class=\"confluenceTh\">From</th><th class=\"confluenceTh\">To</th><th class=\"confluenceTh\">Datatype</th><th class=\"confluenceTh\">Format</th><th class=\"confluenceTh\">Description and Comments</th></tr><tr><td class=\"confluenceTd\">4</td><td class=\"confluenceTd\">69</td><td class=\"confluenceTd\">72</td><td class=\"confluenceTd\">N</td><td class=\"confluenceTd\">9V9(3)</td><td class=\"confluenceTd\">Initial to Maintenance Ratio -- Member Accounts</td></tr><tr><td class=\"confluenceTd\">4</td><td class=\"confluenceTd\">73</td><td class=\"confluenceTd\">76</td><td class=\"confluenceTd\">N</td><td class=\"confluenceTd\">9V9(3)</td><td class=\"confluenceTd\">Initial to Maintenance Ratio -- Hedger Accounts</td></tr><tr><td class=\"confluenceTd\">4</td><td class=\"confluenceTd\">77</td><td class=\"confluenceTd\">80</td><td class=\"confluenceTd\">N</td><td class=\"confluenceTd\">9V9(3)</td><td class=\"confluenceTd\">Initial to Maintenance Ratio -- Speculator Accounts</td></tr></tbody></table></div><p>\u00a0</p><p><strong>Notes:</strong></p><ol><li>Some exchanges using SPAN still specify initial to maintenance ratios on the type &quot;5&quot; (commodity group) records and omit them from the type &quot;3&quot; records. If so, the ratios defined on the type &quot;5&quot; records pertain to all combined commodities for the group.<br/><br/></li><li>If the intracommodity spread charge method code is\u00a0<strong>&quot;01&quot;</strong>, then there is no intracommodity spread charge for this combined commodity.<br/><br/></li><li>If the intracommodity spread charge method code is\u00a0<strong>&quot;02&quot;</strong>\u00a0- simple spreading - then the spread rate 1 parameter contains the single spread rate which pertains to all spreads for the combined commodity.<br/><br/></li><li>If the intracommodity spread charge method code is\u00a0<strong>&quot;03&quot;</strong>, then spread rate 1 is the rate for front-month spreads, spread rate 2 is the rate for back-month spreads, and spread rate 3 is the for front-month to back-month spreads.<br/><br/></li><li>If the intracommodity spread charge method code is\u00a0<strong>&quot;04&quot;</strong>\u00a0-- the CBOT &quot;spread points and butterflies&quot; calculation -- then rate 1 is the near-month rate for spreads, rate 2 is the non-near-month rate for spreads, and rate 3 is the rate for butterflies.<br/><br/></li><li>If the intracommodity spread charge method code is\u00a0<strong>&quot;05&quot;</strong>\u00a0-- the COMEX per-month per-spread calculation -- then rate 1 is the &quot;per-spread&quot; rate, rate 2 is the &quot;per-month&quot; rate, and rate 3 is the &quot;flat rate&quot;.<br/><br/></li><li>If the intracommodity spread charge method code is\u00a0<strong>&quot;10&quot;</strong>\u00a0-- the\u00a0<strong>table-driven</strong>\u00a0method -- then each type &quot;3&quot; record specifies up to four\u00a0<strong>intracommodity spread tiers</strong>. Each such tier is defined as a group of consecutive futures months; the tiers defined for a combined commodity do not overlap. There will be at least one tier for each such combined commodity. If more than four tiers are specified for a combined commodity, they will be on additional type &quot;3&quot; records which immediately follow the first.</li></ol>"
        }
    },
    "title": "Type 3 Record - Standard",
    "spaceId": "457312811",
    "id": "457411562",
    "_links": {
        "editui": "/pages/resumedraft.action?draftId=457411562",
        "webui": "/spaces/pubsub/pages/457411562/Type+3+Record+-+Standard",
        "edituiv2": "/spaces/pubsub/pages/edit-v2/457411562",
        "tinyui": "/x/6otDGw",
        "base": "https://cmegroupclientsite.atlassian.net/wiki"
    }
}